# Creator mesh separated into FCS housing and standalone optical head.
v -0.046343 -0.181896 0.105
v 0.13459 -0.025901 -0.13
v 0.348599 0.015772 0.09
v 0.348599 0.015772 -0.09
v 0.13459 -0.025901 0.13
v -0.046343 -0.181896 -0.105
v 0.155508 -0.029073 -0.13
v -0.289747 0.25 0.105
v 0.155508 -0.029073 0.13
v -0.18709 0.059381 -0.124
v -0.046343 -0.113197 -0.105
v -0.202127 0.07441 -0.124
v -0.192845 0.060525 -0.124
v 0.174378 -0.038278 -0.13
v -0.289747 0.25 -0.105
v -0.197723 0.063783 -0.124
v -0.200983 0.068658 -0.124
v 0.174378 -0.038278 0.13
v 0.189354 -0.052616 -0.13
v -0.202127 0.114222 -0.124
v -0.18709 0.129251 -0.124
v 0.189354 -0.052616 0.13
v -0.200983 0.119973 -0.124
v 0.348599 0.115772 0.075
v -0.197723 0.124849 -0.124
v 0.32749 -0.109546 0.005125
v 0.32749 -0.119546 -0.004875
v -0.192845 0.128107 -0.124
v -0.157971 0.07441 -0.124
v 0.348599 0.100772 0.09
v 0.124147 0.201327 0.105
v -0.173008 0.059381 -0.124
v 0.32749 -0.114546 0.003785
v -0.159116 0.068658 -0.124
v 0.32749 -0.118206 0.000125
v -0.162375 0.063783 -0.124
v 0.348599 0.11463 0.08074
v -0.167254 0.060525 -0.124
v -0.173008 0.129251 -0.124
v 0.32749 -0.039546 -0.004875
v 0.198969 -0.070683 -0.13
v -0.157971 0.114222 -0.124
v 0.32749 -0.049546 0.005125
v -0.167254 0.128107 -0.124
v -0.162375 0.124849 -0.124
v 0.31949 0.006298 0.105
v 0.32749 -0.040886 0.000125
v -0.159116 0.119973 -0.124
v 0.348599 0.111379 0.085607
v -0.204976 0.074099 -0.109
v 0.198969 -0.070683 0.13
v -0.204947 0.073954 -0.109
v 0.32749 -0.044546 0.003785
v -0.204976 0.114533 -0.109
v 0.348599 0.106512 0.088858
v -0.204061 0.120926 -0.109
v -0.20024 0.127231 -0.109
v 0.32749 -0.119546 -0.049875
v 0.124147 0.201327 -0.105
v -0.200321 0.127109 -0.109
v -0.194249 0.130726 -0.109
v 0.32749 -0.109546 -0.059875
v 0.32749 -0.118206 -0.054875
v -0.20395 0.067439 -0.109
v 0.348599 0.100772 -0.09
v -0.204032 0.067561 -0.109
v 0.348599 0.115772 -0.075
v -0.204032 0.121071 -0.109
v 0.32749 -0.114546 -0.058535
v -0.194127 0.130808 -0.109
v -0.187207 0.131751 -0.109
v 0.202282 -0.09071 -0.13
v -0.187351 0.131723 -0.109
v 0.32749 -0.049546 -0.059875
v 0.32749 -0.039546 -0.049875
v -0.159981 0.127313 -0.109
v 0.348599 0.106512 -0.088858
v -0.165971 0.130808 -0.109
v 0.32749 -0.044546 -0.058535
v -0.166116 0.130837 -0.109
v 0.348599 0.111379 -0.085607
v -0.155151 0.114677 -0.109
v 0.348599 0.11463 -0.08074
v -0.156066 0.121071 -0.109
v 0.32749 -0.040886 -0.054875
v -0.156148 0.121193 -0.109
v 0.202282 -0.09071 0.13
v -0.155123 0.114533 -0.109
v -0.159859 0.127231 -0.109
v 0.31949 0.006298 -0.105
v 0.198969 -0.110737 -0.13
v -0.172892 0.131751 -0.109
v 0.129147 0.160028 -0.104606
v -0.194127 0.057823 -0.109
v 0.198969 -0.110737 0.13
v -0.200117 0.061318 -0.109
v -0.20024 0.0614 -0.109
v 0.189354 -0.128803 -0.13
v 0.189354 -0.128803 0.13
v -0.172892 0.05688 -0.109
v -0.172747 0.056909 -0.109
v 0.174378 -0.143141 -0.13
v 0.32629 0.160028 -0.104606
v -0.187207 0.05688 -0.109
v -0.193982 0.057795 -0.109
v 0.174378 -0.143141 0.13
v -0.159859 0.0614 -0.109
v 0.155508 -0.152347 -0.13
v -0.240167 0.015856 -0.105
v -0.159777 0.061523 -0.109
v 0.155508 -0.152347 0.13
v -0.165849 0.057905 -0.109
v -0.155123 0.074099 -0.109
v -0.329905 0.02225 0.105
v -0.156038 0.067705 -0.109
v 0.13459 -0.155519 -0.13
v 0.343258 0.005893 -0.124959
v -0.165971 0.057823 -0.109
v -0.156066 0.067561 -0.109
v 0.13459 -0.155519 0.13
v 0.343258 0.005893 0.124959
v 0.113672 -0.152347 -0.13
v -0.329905 0.02225 -0.135
v 0.113672 -0.152347 0.13
v -0.250311 0.016029 -0.124959
v 0.094801 -0.143141 -0.13
v 0.094801 -0.143141 0.13
v -0.250311 0.016029 0.124959
v 0.079825 -0.128803 -0.13
v -0.252735 0.01337 0.105
v 0.079825 -0.128803 0.13
v 0.07021 -0.110737 -0.13
v 0.343599 0.025852 -0.124959
v 0.07021 -0.110737 0.13
v 0.343599 0.025852 0.124959
v -0.249971 0.035989 -0.124959
v 0.066897 -0.09071 -0.13
v 0.066897 -0.09071 0.13
v -0.249971 0.035989 0.124959
v 0.07021 -0.070683 -0.13
v -0.246697 0.02595 0.12166
v -0.246697 0.02595 -0.12166
v 0.07021 -0.070683 0.13
v 0.079825 -0.052616 -0.13
v 0.339985 0.015931 -0.12166
v 0.079825 -0.052616 0.13
v 0.339985 0.015931 0.12166
v -0.25012 0.027257 -0.124959
v 0.094801 -0.038278 -0.13
v 0.094801 -0.038278 0.13
v 0.34345 0.01712 0.124959
v -0.25012 0.027257 0.124959
v 0.113672 -0.029073 -0.13
v 0.113672 -0.029073 0.13
v 0.34345 0.01712 -0.124959
v -0.250162 0.024762 0.124959
v 0.343407 0.014625 -0.124959
v -0.250162 0.024762 -0.124959
v 0.343407 0.014625 0.124959
v -0.249971 0.035989 0.105
v -0.249971 0.035989 -0.105
v 0.33129 0.026062 -0.105
v 0.33129 0.026062 0.105
v 0.062705 -0.125873 -0.105
v 0.086973 -0.156249 -0.105
v 0.06905 -0.138327 -0.105
v 0.109556 -0.167756 -0.105
v 0.13459 -0.171721 -0.105
v 0.182207 -0.156249 -0.105
v 0.200129 -0.138327 -0.105
v 0.215601 -0.09071 -0.105
v 0.211636 -0.115744 -0.105
v 0.211636 -0.065676 -0.105
v 0.159624 -0.167756 -0.105
v 0.053579 -0.09071 -0.105
v 0.200129 -0.043093 -0.105
v 0.057544 -0.115744 -0.105
v 0.057544 -0.065676 -0.105
v 0.086973 -0.02517 -0.105
v 0.06905 -0.043093 -0.105
v 0.13459 -0.009699 -0.105
v 0.182207 -0.02517 -0.105
v 0.159624 -0.013664 -0.105
v 0.109556 -0.013664 -0.105
v 0.06905 -0.043093 0.105
v 0.086973 -0.02517 0.105
v 0.109556 -0.013664 0.105
v 0.159624 -0.013664 0.105
v 0.13459 -0.009699 0.105
v 0.073904 -0.14318 0.105
v 0.109556 -0.167756 0.105
v 0.086973 -0.156249 0.105
v 0.13459 -0.171721 0.105
v 0.159624 -0.167756 0.105
v 0.057544 -0.065676 0.105
v 0.182207 -0.02517 0.105
v 0.053579 -0.09071 0.105
v 0.053909 -0.092796 0.105
v 0.057544 -0.115744 0.105
v 0.182207 -0.156249 0.105
v 0.06905 -0.138327 0.105
v 0.200129 -0.043093 0.105
v 0.215601 -0.09071 0.105
v 0.211636 -0.115744 0.105
v 0.211636 -0.065676 0.105
v 0.200129 -0.138327 0.105
v -0.252735 0.01337 -0.135
v -0.312833 0.119069 -0.135
v -0.24083 0.110783 -0.135
v -0.310224 0.133868 -0.105
v -0.312833 0.119069 -0.12
v -0.311222 0.128205 -0.106142
v -0.312069 0.123404 -0.109393
v -0.312635 0.120196 -0.11426
v -0.24083 0.110783 -0.12
v -0.23822 0.125582 -0.105
v -0.239219 0.119919 -0.106142
v -0.240065 0.115118 -0.109393
v -0.240631 0.11191 -0.11426
v 0.124147 0.150028 -0.105
v 0.33129 0.150028 -0.105
v 0.1445 0.160028 -0.119959
v 0.139503 0.160028 -0.119168
v 0.13535 0.160028 -0.117052
v 0.132054 0.160028 -0.113756
v 0.129938 0.160028 -0.109603
v 0.310937 0.160028 -0.119959
v 0.325498 0.160028 -0.109603
v 0.323382 0.160028 -0.113756
v 0.320087 0.160028 -0.117052
v 0.315934 0.160028 -0.119168
v 0.144106 0.150028 -0.124959
v 0.125124 0.150028 -0.111168
v 0.127959 0.150028 -0.116732
v 0.132374 0.150028 -0.121147
v 0.137938 0.150028 -0.123982
v 0.311331 0.150028 -0.124959
v 0.317498 0.150028 -0.123982
v 0.323062 0.150028 -0.121147
v 0.327478 0.150028 -0.116732
v 0.330313 0.150028 -0.111168
v 0.340402 0.015772 0.09
v 0.340402 0.015772 -0.09
v 0.339985 0.015931 0.09
v 0.339985 0.015931 -0.09
v 0.34345 0.01712 0.09
v 0.34345 0.01712 -0.09
v 0.33129 0.026062 0.09
v 0.33129 0.026062 -0.09
v 0.343599 0.025852 0.09
v 0.343599 0.025852 -0.09
v 0.33129 0.106512 0.088858
v 0.33129 0.100772 0.09
v 0.33129 0.11463 0.08074
v 0.33129 0.115772 0.075
v 0.33129 0.111379 0.085607
v 0.33129 0.11463 -0.08074
v 0.33129 0.106512 -0.088858
v 0.33129 0.100772 -0.09
v 0.33129 0.115772 -0.075
v 0.33129 0.111379 -0.085607
v 0.124147 0.160028 0.105
v 0.124147 0.160028 -0.105
v 0.33129 0.160028 0.105
v 0.33129 0.160028 -0.105
v 0.311331 0.160028 -0.124959
v 0.317498 0.160028 -0.123982
v 0.323062 0.160028 -0.121147
v 0.327478 0.160028 -0.116732
v 0.330313 0.160028 -0.111168
v 0.144106 0.160028 -0.124959
v 0.137938 0.160028 -0.123982
v 0.132374 0.160028 -0.121147
v 0.127959 0.160028 -0.116732
v 0.125124 0.160028 -0.111168
v 0.129147 0.165028 -0.104606
v 0.32629 0.165028 -0.104606
v 0.310937 0.165028 -0.119959
v 0.315934 0.165028 -0.119168
v 0.320087 0.165028 -0.117052
v 0.323382 0.165028 -0.113756
v 0.325498 0.165028 -0.109603
v 0.1445 0.165028 -0.119959
v 0.139503 0.165028 -0.119168
v 0.13535 0.165028 -0.117052
v 0.132054 0.165028 -0.113756
v 0.129938 0.165028 -0.109603
v 0.144147 0.160028 0.102948
v 0.129147 0.160028 0.087948
v 0.139512 0.160028 0.102214
v 0.13533 0.160028 0.100083
v 0.132012 0.160028 0.096765
v 0.129881 0.160028 0.092583
v 0.32629 0.160028 0.087948
v 0.31129 0.160028 0.102948
v 0.325556 0.160028 0.092583
v 0.323425 0.160028 0.096765
v 0.320107 0.160028 0.100083
v 0.315925 0.160028 0.102214
v 0.129147 0.165028 0.087948
v 0.144147 0.165028 0.102948
v 0.129881 0.165028 0.092583
v 0.132012 0.165028 0.096765
v 0.13533 0.165028 0.100083
v 0.139512 0.165028 0.102214
v 0.31129 0.165028 0.102948
v 0.32629 0.165028 0.087948
v 0.315925 0.165028 0.102214
v 0.320106 0.165028 0.100083
v 0.323425 0.165028 0.096765
v 0.325556 0.165028 0.092583
v 0.343258 0.005893 0.012526
v 0.343258 0.005893 0.017474
v 0.33449 -0.150397 0.012526
v 0.33449 -0.150397 0.017474
v 0.212856 -0.108039 -0.105
v 0.31949 -0.139414 -0.105
v 0.31949 -0.139414 0.105
v 0.33449 -0.205113 0.105
v 0.33449 -0.205113 -0.105
v 0.33449 -0.150397 -0.105
v 0.33449 -0.150397 0.105
v 0.31949 0.006298 0.012526
v 0.31949 0.006298 0.017474
v 0.31949 -0.139414 0.012526
v 0.31949 -0.139414 0.017474
v -0.046343 -0.171896 0.0675
v -0.046343 -0.181896 0.0675
v -0.046343 -0.171896 -0.0675
v -0.046343 -0.181896 -0.0675
v 0.33449 -0.205113 0.0675
v 0.33449 -0.205113 -0.0675
v 0.33449 -0.195113 0.0675
v 0.33449 -0.195113 -0.0675
v 0.31949 -0.109546 0.005125
v 0.31949 -0.049546 0.005125
v 0.31949 -0.118206 0.000125
v 0.31949 -0.114546 0.003785
v 0.31949 -0.044546 0.003785
v 0.31949 -0.040886 0.000125
v 0.31949 -0.109546 -0.059875
v 0.31949 -0.118206 -0.054875
v 0.31949 -0.114546 -0.058535
v 0.31949 -0.119546 -0.049875
v 0.31949 -0.119546 -0.004875
v 0.31949 -0.039546 -0.004875
v 0.31949 -0.040886 -0.054875
v 0.31949 -0.049546 -0.059875
v 0.31949 -0.044546 -0.058535
v 0.31949 -0.039546 -0.049875
v -0.046343 -0.103197 0.105
v -0.046343 -0.113197 0.095
v -0.046343 -0.108197 0.10366
v -0.046343 -0.111857 0.1
v -0.240167 -0.103197 0.095
v -0.230167 -0.113197 0.095
v -0.230167 -0.103197 0.105
v -0.238831 -0.10819 0.095
v -0.238831 -0.103197 0.099993
v -0.237533 -0.107979 0.099782
v -0.230167 -0.111861 0.099993
v -0.23516 -0.111861 0.095
v -0.234949 -0.110563 0.099782
v -0.23516 -0.103197 0.103664
v -0.230167 -0.10819 0.103664
v -0.234949 -0.107979 0.102366
v -0.230167 -0.113197 -0.105
v -0.240167 -0.103197 -0.105
v -0.235167 -0.111857 -0.105
v -0.238827 -0.108197 -0.105
v -0.240167 0.015856 0.095
v -0.230168 0.015685 0.105
v -0.238827 0.015601 0.1
v -0.235167 0.014903 0.10366
v -0.207549 0.044316 -0.109
v -0.217549 0.054316 -0.109
v -0.217549 0.134316 -0.109
v -0.207549 0.144316 -0.109
v -0.117549 0.054316 -0.109
v -0.127549 0.044316 -0.109
v -0.127549 0.144316 -0.109
v -0.117549 0.134316 -0.109
v -0.217549 0.054316 -0.105
v -0.207549 0.044316 -0.105
v -0.127549 0.044316 -0.105
v -0.117549 0.054316 -0.105
v -0.117549 0.134316 -0.105
v -0.127549 0.144316 -0.105
v -0.207549 0.144316 -0.105
v -0.217549 0.134316 -0.105
v -0.270167 0.011355 0.093902
v -0.270167 0.011355 0.038902
v -0.240167 0.011355 0.093902
v -0.240167 0.011355 0.038902
v -0.270167 -0.033708 0.093902
v -0.270167 -0.033708 0.038902
v -0.278167 -0.033707 0.038902
v -0.278167 -0.033707 0.093902
v -0.240167 -0.080708 0.093902
v -0.240167 -0.088708 0.085902
v -0.240167 -0.084708 0.09283
v -0.240167 -0.087636 0.089902
v -0.240167 -0.088708 0.046902
v -0.240167 -0.080708 0.038902
v -0.240167 -0.087636 0.042902
v -0.240167 -0.084708 0.039974
v -0.278167 -0.080708 0.038902
v -0.278167 -0.088708 0.046902
v -0.278167 -0.084708 0.039974
v -0.278167 -0.087636 0.042902
v -0.278167 -0.088708 0.085902
v -0.278167 -0.080708 0.093902
v -0.278167 -0.087636 0.089902
v -0.278167 -0.084708 0.09283
v -0.265167 -0.099379 0.036177
v -0.276783 -0.083875 -0.022623
v -0.265167 -0.054379 0.036177
v -0.276783 -0.069883 -0.022623
v -0.265167 -0.099379 -0.053823
v -0.276783 -0.083875 -0.025023
v -0.265167 -0.054379 -0.053823
v -0.276783 -0.069883 -0.025023
v -0.240167 -0.099379 0.036177
v -0.240167 -0.054379 0.036177
v -0.240167 -0.099379 -0.053823
v -0.240167 -0.054379 -0.053823
v -0.276783 -0.083875 0.007377
v -0.276783 -0.069883 0.007377
v -0.276783 -0.083875 0.004977
v -0.276783 -0.069883 0.004977
v -0.265167 -0.059749 0.007377
v -0.265167 -0.059749 0.004977
v -0.265167 -0.059749 -0.025023
v -0.265167 -0.059749 -0.022623
v -0.265167 -0.094009 0.004977
v -0.265167 -0.094009 0.007377
v -0.265167 -0.094009 -0.025023
v -0.265167 -0.094009 -0.022623
v -0.283167 0.005413 0.011177
v -0.31504 -0.047428 -0.119761
v -0.296094 -0.047428 -0.134727
v -0.283167 -0.051966 -0.058823
v -0.31504 -0.056051 -0.118045
v -0.240167 -0.047428 -0.134727
v -0.240167 0.005413 0.011177
v -0.31504 -0.063362 -0.113161
v -0.296094 -0.061779 -0.131873
v -0.240167 -0.051966 -0.058823
v -0.31504 -0.068246 -0.10585
v -0.240167 -0.061779 -0.131873
v -0.240167 -0.009587 0.026177
v -0.31504 -0.069961 -0.097227
v -0.296094 -0.073945 -0.123744
v -0.240167 -0.051966 0.026177
v -0.31504 -0.068246 -0.088604
v -0.240167 -0.073945 -0.123744
v -0.283167 -0.051966 0.026177
v -0.31504 -0.063362 -0.081294
v -0.296094 -0.082074 -0.111578
v -0.283167 -0.009587 0.026177
v -0.31504 -0.056051 -0.076409
v -0.283167 -0.008446 0.020437
v -0.31504 -0.047428 -0.074694
v -0.296094 -0.084928 -0.097227
v -0.283167 -0.005194 0.015571
v -0.283167 -0.000328 0.012319
v -0.31504 -0.038805 -0.076409
v -0.296094 -0.082074 -0.082877
v -0.31504 -0.031495 -0.081294
v -0.240167 -0.000328 0.012319
v -0.240167 -0.005194 0.015571
v -0.31504 -0.02661 -0.088604
v -0.296094 -0.073945 -0.070711
v -0.240167 -0.008446 0.020437
v -0.31504 -0.024895 -0.097227
v -0.240167 -0.109966 -0.058823
v -0.296094 -0.061779 -0.062582
v -0.31504 -0.02661 -0.10585
v -0.283167 -0.109966 -0.058823
v -0.296094 -0.047428 -0.059727
v -0.283167 0.005413 -0.088823
v -0.31504 -0.031495 -0.113161
v -0.296094 -0.033078 -0.062582
v -0.31504 -0.038805 -0.118045
v -0.283167 -0.004587 -0.098823
v -0.240167 -0.004587 -0.098823
v -0.296094 -0.020912 -0.070711
v -0.240167 0.005413 -0.088823
v -0.296094 -0.012783 -0.082877
v -0.296094 -0.009928 -0.097227
v -0.296094 -0.012783 -0.111578
v -0.240167 -0.012783 -0.111578
v -0.296094 -0.020912 -0.123744
v -0.240167 -0.020912 -0.123744
v -0.296094 -0.033078 -0.131873
v -0.240167 -0.033078 -0.131873
v -0.240167 -0.010246 -0.098823
v -0.283167 -0.010246 -0.098823
v -0.283167 -0.082074 -0.082877
v -0.283167 -0.084928 -0.097227
v -0.283167 -0.009928 -0.097227
v -0.283167 -0.061779 -0.062582
v -0.283167 -0.073945 -0.070711
v -0.283167 -0.047428 -0.059727
v -0.283167 -0.033078 -0.062582
v -0.283167 -0.020912 -0.070711
v -0.283167 -0.012783 -0.082877
v -0.283167 -0.082074 -0.111578
v -0.283167 -0.073945 -0.123744
v -0.240167 -0.109966 -0.108744
v -0.240167 -0.094966 -0.123744
v -0.283167 -0.094966 -0.123744
v -0.283167 -0.109966 -0.108744
v -0.296094 -0.047428 -0.125162
v -0.296094 -0.075363 -0.097227
v -0.296094 -0.047428 -0.069293
v -0.296094 -0.019493 -0.097227
v -0.296094 -0.073237 -0.086537
v -0.296094 -0.073237 -0.107918
v -0.296094 -0.036738 -0.123036
v -0.296094 -0.067181 -0.11698
v -0.296094 -0.058118 -0.123036
v -0.296094 -0.027675 -0.11698
v -0.296094 -0.067181 -0.077474
v -0.296094 -0.058118 -0.071419
v -0.296094 -0.036738 -0.071419
v -0.296094 -0.02162 -0.086537
v -0.296094 -0.02162 -0.107918
v -0.296094 -0.027675 -0.077474
v -0.298167 -0.021075 -0.02846
v -0.283167 -0.021075 -0.03446
v -0.298167 -0.024519 -0.027775
v -0.283167 -0.026815 -0.033318
v -0.298167 -0.027439 -0.025824
v -0.283167 -0.031682 -0.030067
v -0.298167 -0.02939 -0.022904
v -0.283167 -0.034933 -0.0252
v -0.298167 -0.030075 -0.01946
v -0.283167 -0.036075 -0.01946
v -0.298167 -0.02939 -0.016016
v -0.283167 -0.034933 -0.01372
v -0.298167 -0.027439 -0.013096
v -0.283167 -0.031682 -0.008853
v -0.298167 -0.024519 -0.011145
v -0.283167 -0.026815 -0.005602
v -0.298167 -0.021075 -0.01046
v -0.283167 -0.021075 -0.00446
v -0.298167 -0.017631 -0.011145
v -0.283167 -0.015335 -0.005602
v -0.298167 -0.014711 -0.013096
v -0.283167 -0.010469 -0.008853
v -0.298167 -0.01276 -0.016016
v -0.283167 -0.007217 -0.01372
v -0.298167 -0.012075 -0.01946
v -0.283167 -0.006075 -0.01946
v -0.298167 -0.01276 -0.022904
v -0.283167 -0.007217 -0.0252
v -0.298167 -0.014711 -0.025824
v -0.283167 -0.010469 -0.030067
v -0.298167 -0.017631 -0.027775
v -0.283167 -0.015335 -0.033318
v -0.298167 -0.030975 0.000641
v -0.283167 -0.030975 0.000641
v -0.298167 -0.034009 0.005182
v -0.283167 -0.034009 0.005182
v -0.298167 -0.035075 0.01054
v -0.283167 -0.035075 0.01054
v -0.298167 -0.034009 0.015898
v -0.283167 -0.034009 0.015898
v -0.298167 -0.011176 0.020439
v -0.283167 -0.011176 0.020439
v -0.298167 -0.008141 0.015898
v -0.283167 -0.008141 0.015898
v -0.298167 -0.007075 0.01054
v -0.283167 -0.007075 0.01054
v -0.298167 -0.008141 0.005182
v -0.283167 -0.008141 0.005182
v -0.298167 -0.021075 -0.06346
v -0.283167 -0.021075 -0.06346
v -0.298167 -0.026433 -0.062394
v -0.283167 -0.026433 -0.062394
v -0.298167 -0.030975 -0.059359
v -0.283167 -0.030975 -0.059359
v -0.298167 -0.03401 -0.054818
v -0.283167 -0.03401 -0.054818
v -0.298167 -0.021075 -0.03546
v -0.283167 -0.021075 -0.03546
v -0.298167 -0.015718 -0.036526
v -0.283167 -0.015718 -0.036526
v -0.298167 -0.011176 -0.039561
v -0.283167 -0.011176 -0.039561
v -0.298167 -0.008141 -0.044102
v -0.283167 -0.008141 -0.044102
v -0.32504 -0.04554 -0.104275
v -0.31504 -0.044635 -0.10765
v -0.32504 -0.048381 -0.104461
v -0.31504 -0.048837 -0.107926
v -0.32504 -0.051076 -0.103546
v -0.31504 -0.052824 -0.106572
v -0.32504 -0.052681 -0.102138
v -0.31504 -0.055198 -0.10449
v -0.32504 -0.054433 -0.095601
v -0.31504 -0.057788 -0.094822
v -0.32504 -0.053747 -0.093579
v -0.31504 -0.056773 -0.091832
v -0.32504 -0.05187 -0.091439
v -0.31504 -0.053997 -0.088667
v -0.32504 -0.049317 -0.09018
v -0.31504 -0.050221 -0.086804
v -0.32504 -0.046476 -0.089994
v -0.31504 -0.04602 -0.086529
v -0.32504 -0.04378 -0.090909
v -0.31504 -0.042033 -0.087882
v -0.32504 -0.04164 -0.092786
v -0.31504 -0.038868 -0.090658
v -0.31504 -0.062059 -0.105423
v -0.32504 -0.059287 -0.103295
v -0.32504 -0.040195 -0.09818
v -0.31504 -0.03673 -0.098636
v -0.32504 -0.04111 -0.100875
v -0.31504 -0.038083 -0.102623
v -0.32504 -0.042987 -0.103016
v -0.31504 -0.040859 -0.105788
v -0.31504 -0.031627 -0.091834
v -0.32504 -0.034652 -0.09302
v -0.32504 -0.03426 -0.094483
v -0.31504 -0.031048 -0.093998
v -0.32504 -0.060732 -0.097902
v -0.31504 -0.064197 -0.097445
v -0.342501 0.022344 0.145
v -0.335165 0.115069 0.145
v -0.342501 0.022344 0.105
v -0.335165 0.115069 0.105
v -0.252004 0.006387 0.145
v -0.252004 0.006387 0.105
v -0.251799 0.046387 0.105
v -0.251799 0.046387 0.145
v 0.015495 0.044503 0.105
v 0.015495 0.044503 0.145
v -0.262862 0.165127 0.11153
v -0.262862 0.165127 0.13847
v 0.016438 0.16834 0.105
v 0.016438 0.16834 0.145
v -0.342468 0.022764 0.145
v -0.342468 0.022764 0.105
v -0.339552 0.059616 0.109641
v -0.339552 0.059616 0.140359
v -0.338081 0.078216 0.140359
v -0.338081 0.078216 0.109641
v -0.337559 0.059459 0.109641
v -0.337559 0.059459 0.140359
v -0.336087 0.078059 0.140359
v -0.336087 0.078059 0.109641
v -0.272232 0.114091 0.105
v -0.272232 0.114091 0.145
v -0.262272 0.16834 0.105
v -0.262272 0.16834 0.145
v -0.268003 0.137129 0.13847
v -0.268003 0.137129 0.11153
v -0.265321 0.165578 0.11153
v -0.265321 0.165578 0.13847
v -0.270461 0.137581 0.13847
v -0.270461 0.137581 0.11153
v -0.282663 0.154184 0.116
v -0.267891 0.151579 0.113
v -0.283261 0.150792 0.116685
v -0.268689 0.147057 0.113913
v -0.283768 0.147917 0.118636
v -0.269365 0.143223 0.116515
v -0.284107 0.145996 0.121556
v -0.269816 0.140661 0.120408
v -0.284226 0.145321 0.125
v -0.269975 0.139762 0.125
v -0.284107 0.145996 0.128444
v -0.269816 0.140661 0.129592
v -0.283768 0.147917 0.131364
v -0.269365 0.143223 0.133485
v -0.283261 0.150792 0.133315
v -0.268689 0.147057 0.136087
v -0.282663 0.154184 0.134
v -0.267891 0.151579 0.137
v -0.282065 0.157576 0.133315
v -0.267094 0.156102 0.136087
v -0.281558 0.160451 0.131364
v -0.266418 0.159936 0.133485
v -0.281219 0.162373 0.128444
v -0.265966 0.162498 0.129592
v -0.2811 0.163047 0.125
v -0.265807 0.163397 0.125
v -0.281219 0.162373 0.121556
v -0.265966 0.162498 0.120408
v -0.281558 0.160451 0.118636
v -0.266418 0.159936 0.116515
v -0.282065 0.157576 0.116685
v -0.267094 0.156102 0.113913
v -0.317109 0.09482 -0.130277
v -0.318272 0.088225 -0.128945
v -0.319258 0.082634 -0.125151
v -0.319916 0.078898 -0.119474
v -0.320148 0.077586 -0.112777
v -0.319916 0.078898 -0.10608
v -0.319258 0.082634 -0.100403
v -0.318272 0.088225 -0.096609
v -0.317109 0.09482 -0.095277
v -0.315946 0.101416 -0.096609
v -0.31496 0.107007 -0.100403
v -0.314301 0.110743 -0.10608
v -0.31407 0.112055 -0.112777
v -0.314301 0.110743 -0.119474
v -0.31496 0.107007 -0.125151
v -0.315946 0.101416 -0.128945
v -0.342589 0.099313 -0.130277
v -0.343752 0.092718 -0.128945
v -0.344738 0.087127 -0.125151
v -0.345397 0.083391 -0.119474
v -0.345628 0.082079 -0.112777
v -0.345397 0.083391 -0.10608
v -0.344738 0.087127 -0.100403
v -0.343752 0.092718 -0.096609
v -0.342589 0.099313 -0.095277
v -0.341427 0.105909 -0.096609
v -0.340441 0.1115 -0.100403
v -0.339782 0.115236 -0.10608
v -0.339551 0.116548 -0.112777
v -0.339782 0.115236 -0.119474
v -0.340441 0.1115 -0.125151
v -0.341427 0.105909 -0.128945
v -0.269721 0.125605 0.109777
v -0.272714 0.126132 0.109777
v -0.268706 0.131364 0.113153
v -0.271699 0.131892 0.113153
v -0.268706 0.131364 0.119906
v -0.271699 0.131892 0.119906
v -0.269721 0.125605 0.123283
v -0.272714 0.126132 0.123283
v -0.270737 0.119845 0.119906
v -0.27373 0.120373 0.119906
v -0.270737 0.119845 0.113153
v -0.27373 0.120373 0.113153
v -0.270834 0.125047 0.115019
v -0.282619 0.131851 0.113211
v -0.2703 0.125972 0.115462
v -0.281446 0.133884 0.114183
v -0.270078 0.126355 0.11653
v -0.280959 0.134725 0.11653
v -0.2703 0.125972 0.117598
v -0.281446 0.133884 0.118877
v -0.270834 0.125047 0.118041
v -0.282619 0.131851 0.119849
v -0.271368 0.124121 0.117598
v -0.283793 0.129818 0.118877
v -0.271589 0.123738 0.11653
v -0.284279 0.128976 0.11653
v -0.271368 0.124121 0.115462
v -0.283793 0.129818 0.114183
v -0.283606 0.135131 0.114183
v -0.287177 0.135838 0.115356
v -0.285487 0.135854 0.114497
v -0.28478 0.133099 0.113211
v -0.286503 0.134093 0.113655
v -0.287764 0.134821 0.11487
v -0.28312 0.135973 0.11653
v -0.286934 0.136259 0.11653
v -0.285066 0.136583 0.11653
v -0.283606 0.135131 0.118877
v -0.287177 0.135838 0.117703
v -0.285487 0.135854 0.118562
v -0.288226 0.135088 0.11653
v -0.28478 0.133099 0.119849
v -0.287764 0.134821 0.118189
v -0.286503 0.134093 0.119404
v -0.285953 0.131066 0.118877
v -0.288351 0.133805 0.117703
v -0.287519 0.132333 0.118562
v -0.28644 0.130224 0.11653
v -0.288594 0.133384 0.11653
v -0.28794 0.131604 0.11653
v -0.285953 0.131066 0.114183
v -0.288351 0.133805 0.115356
v -0.287519 0.132333 0.114497
v -0.269721 0.125605 0.126717
v -0.272714 0.126132 0.126717
v -0.268706 0.131364 0.130094
v -0.271699 0.131892 0.130094
v -0.268706 0.131364 0.136847
v -0.271699 0.131892 0.136847
v -0.269721 0.125605 0.140223
v -0.272714 0.126132 0.140223
v -0.270737 0.119845 0.136847
v -0.27373 0.120373 0.136847
v -0.270737 0.119845 0.130094
v -0.27373 0.120373 0.130094
v -0.270576 0.126509 0.131959
v -0.283978 0.124146 0.130151
v -0.270761 0.127561 0.132402
v -0.284385 0.126458 0.131123
v -0.270838 0.127997 0.13347
v -0.284554 0.127415 0.13347
v -0.270761 0.127561 0.134538
v -0.284385 0.126458 0.135817
v -0.270576 0.126509 0.134981
v -0.283978 0.124146 0.136789
v -0.27039 0.125457 0.134538
v -0.28357 0.121835 0.135817
v -0.270313 0.125021 0.13347
v -0.283401 0.120877 0.13347
v -0.27039 0.125457 0.132402
v -0.28357 0.121835 0.131123
v -0.286842 0.126024 0.131123
v -0.290032 0.12427 0.132297
v -0.288747 0.125369 0.131438
v -0.286435 0.123713 0.130151
v -0.288394 0.123367 0.130596
v -0.289828 0.123115 0.131811
v -0.287011 0.126982 0.13347
v -0.290117 0.124749 0.13347
v -0.288893 0.126198 0.13347
v -0.286842 0.126024 0.135817
v -0.290032 0.12427 0.134644
v -0.288747 0.125369 0.135503
v -0.290353 0.123022 0.13347
v -0.286435 0.123713 0.136789
v -0.289828 0.123115 0.13513
v -0.288394 0.123367 0.136345
v -0.286027 0.121402 0.135817
v -0.289625 0.121959 0.134644
v -0.288041 0.121366 0.135503
v -0.285859 0.120444 0.13347
v -0.28954 0.12148 0.13347
v -0.287895 0.120537 0.13347
v -0.286027 0.121402 0.131123
v -0.289625 0.121959 0.132297
v -0.288041 0.121366 0.131438
v -0.323294 0.18736 0.076353
v -0.323294 0.18736 0.053781
v -0.312807 0.246835 0.034919
v -0.30147 0.183512 0.076353
v -0.30147 0.183512 0.053781
v -0.290983 0.242987 0.034919
v -0.314707 0.236059 0.076353
v -0.312807 0.246835 0.065411
v -0.290983 0.242987 0.065411
v -0.292883 0.232211 0.076353
v -0.316545 0.191111 0.102273
v -0.316545 0.191111 0.077809
v -0.300625 0.188304 0.102273
v -0.300625 0.188304 0.077809
v -0.306607 0.247472 0.077809
v -0.306607 0.247472 0.102273
v -0.290687 0.244665 0.077809
v -0.290687 0.244665 0.102273
v -0.322643 0.12773 0.108569
v -0.311648 0.125791 0.108569
v -0.312667 0.184309 0.029391
v -0.312667 0.184309 0.108569
v -0.301672 0.18237 0.029391
v -0.301672 0.18237 0.108569
v -0.310882 0.130134 0.029391
v -0.321877 0.132073 0.029391
v -0.325789 0.045592 -0.002402
v -0.336784 0.047531 -0.002402
v -0.325789 0.045592 0.093569
v -0.336784 0.047531 0.093569
v -0.315683 0.195997 0.114201
v -0.299764 0.19319 0.114201
v -0.307468 0.242585 0.114201
v -0.291549 0.239778 0.114201
v -0.322643 0.12773 0.093569
v -0.311648 0.125791 0.093569
v -0.318474 0.23105 -0.038733
v -0.308021 0.232742 -0.039038
v -0.318612 0.230265 -0.041466
v -0.308226 0.231581 -0.04308
v -0.318921 0.22851 -0.043686
v -0.308683 0.228986 -0.046363
v -0.319246 0.226667 -0.044713
v -0.309164 0.22626 -0.047882
v -0.320417 0.220028 -0.044124
v -0.310895 0.21644 -0.04701
v -0.320706 0.218388 -0.042787
v -0.311323 0.214015 -0.045033
v -0.320944 0.217039 -0.040291
v -0.311675 0.212021 -0.041342
v -0.320998 0.216734 -0.037462
v -0.311754 0.211569 -0.037157
v -0.320859 0.217519 -0.034729
v -0.31155 0.21273 -0.033115
v -0.32055 0.219273 -0.032508
v -0.311092 0.215325 -0.029831
v -0.320117 0.221731 -0.031139
v -0.310451 0.21896 -0.027806
v -0.309419 0.224812 -0.054649
v -0.31945 0.225513 -0.051316
v -0.319151 0.22721 -0.031626
v -0.309022 0.227062 -0.028526
v -0.318765 0.229396 -0.033408
v -0.308452 0.230296 -0.031161
v -0.318527 0.230745 -0.035903
v -0.308101 0.23229 -0.034853
v -0.309829 0.222487 -0.021405
v -0.319663 0.224302 -0.024653
v -0.319402 0.225788 -0.024785
v -0.309442 0.224684 -0.0216
v -0.320416 0.220035 -0.050829
v -0.310848 0.216709 -0.053929
v -0.309888 0.222155 -0.060972
v -0.295116 0.219551 -0.063097
v -0.311408 0.213535 -0.059231
v -0.296777 0.210129 -0.061194
v -0.312696 0.206226 -0.054273
v -0.298185 0.202142 -0.055775
v -0.313558 0.201343 -0.046851
v -0.299126 0.196805 -0.047664
v -0.31386 0.199628 -0.038097
v -0.299457 0.194931 -0.038097
v -0.313558 0.201343 -0.029343
v -0.299126 0.196805 -0.02853
v -0.312696 0.206226 -0.021922
v -0.298185 0.202142 -0.02042
v -0.311408 0.213535 -0.016964
v -0.296777 0.210129 -0.015
v -0.309888 0.222155 -0.015222
v -0.295116 0.219551 -0.013097
v -0.308368 0.230776 -0.016964
v -0.293454 0.228973 -0.015
v -0.307079 0.238085 -0.021922
v -0.292046 0.23696 -0.02042
v -0.306218 0.242968 -0.029343
v -0.291105 0.242297 -0.02853
v -0.305915 0.244683 -0.038097
v -0.290774 0.244171 -0.038097
v -0.306218 0.242968 -0.046851
v -0.291105 0.242297 -0.047664
v -0.307079 0.238085 -0.054273
v -0.292046 0.23696 -0.055775
v -0.308368 0.230776 -0.059231
v -0.293454 0.228973 -0.061194
v -0.309888 0.222155 -0.007849
v -0.295116 0.219551 -0.009974
v -0.311408 0.213535 -0.006108
v -0.296777 0.210129 -0.008071
v -0.312696 0.206226 -0.001149
v -0.298185 0.202142 -0.002652
v -0.313558 0.201343 0.006272
v -0.299126 0.196805 0.005459
v -0.31386 0.199628 0.015026
v -0.299457 0.194931 0.015026
v -0.313558 0.201343 0.02378
v -0.299126 0.196805 0.024593
v -0.312696 0.206226 0.031201
v -0.298185 0.202142 0.032704
v -0.311408 0.213535 0.03616
v -0.296777 0.210129 0.038123
v -0.309888 0.222155 0.037901
v -0.295116 0.219551 0.040026
v -0.308368 0.230776 0.03616
v -0.293454 0.228973 0.038123
v -0.307079 0.238085 0.031201
v -0.292046 0.23696 0.032704
v -0.306218 0.242968 0.02378
v -0.291105 0.242297 0.024593
v -0.305915 0.244683 0.015026
v -0.290774 0.244171 0.015026
v -0.306218 0.242968 0.006272
v -0.291105 0.242297 0.005459
v -0.307079 0.238085 -0.001149
v -0.292046 0.23696 -0.002652
v -0.308368 0.230776 -0.006108
v -0.293454 0.228973 -0.008071
v -0.307613 0.206261 -0.083917
v -0.297765 0.204525 -0.083917
v -0.308278 0.202492 -0.083156
v -0.29843 0.200756 -0.083156
v -0.308841 0.199297 -0.080988
v -0.298993 0.197561 -0.080988
v -0.309217 0.197163 -0.077744
v -0.299369 0.195426 -0.077744
v -0.30935 0.196413 -0.073917
v -0.299502 0.194677 -0.073917
v -0.309217 0.197163 -0.07009
v -0.299369 0.195426 -0.07009
v -0.308841 0.199297 -0.066846
v -0.298993 0.197561 -0.066846
v -0.308278 0.202492 -0.064678
v -0.29843 0.200756 -0.064678
v -0.307613 0.206261 -0.063917
v -0.297765 0.204525 -0.063917
v -0.306949 0.21003 -0.064678
v -0.297101 0.208293 -0.064678
v -0.306385 0.213225 -0.066846
v -0.296537 0.211488 -0.066846
v -0.306009 0.21536 -0.07009
v -0.296161 0.213623 -0.07009
v -0.305877 0.216109 -0.073917
v -0.296029 0.214373 -0.073917
v -0.306009 0.21536 -0.077744
v -0.296161 0.213623 -0.077744
v -0.306385 0.213225 -0.080988
v -0.296537 0.211488 -0.080988
v -0.306949 0.21003 -0.083156
v -0.297101 0.208293 -0.083156
v -0.305008 0.221033 -0.101917
v -0.29516 0.219297 -0.101917
v -0.305673 0.217265 -0.101156
v -0.295825 0.215528 -0.101156
v -0.306236 0.21407 -0.098988
v -0.296388 0.212333 -0.098988
v -0.306613 0.211935 -0.095744
v -0.296765 0.210198 -0.095744
v -0.306745 0.211185 -0.091917
v -0.296897 0.209449 -0.091917
v -0.306613 0.211935 -0.08809
v -0.296765 0.210198 -0.08809
v -0.306236 0.21407 -0.084846
v -0.296388 0.212333 -0.084846
v -0.305673 0.217265 -0.082678
v -0.295825 0.215528 -0.082678
v -0.305008 0.221033 -0.081917
v -0.29516 0.219297 -0.081917
v -0.304344 0.224802 -0.082678
v -0.294496 0.223065 -0.082678
v -0.303781 0.227997 -0.084846
v -0.293933 0.22626 -0.084846
v -0.303404 0.230132 -0.08809
v -0.293556 0.228395 -0.08809
v -0.303272 0.230881 -0.091917
v -0.293424 0.229145 -0.091917
v -0.303404 0.230132 -0.095744
v -0.293556 0.228395 -0.095744
v -0.303781 0.227997 -0.098988
v -0.293933 0.22626 -0.098988
v -0.304344 0.224802 -0.101156
v -0.294496 0.223065 -0.101156
v -0.302404 0.235805 -0.083917
v -0.292556 0.234069 -0.083917
v -0.303068 0.232037 -0.083156
v -0.29322 0.2303 -0.083156
v -0.303632 0.228842 -0.080988
v -0.293783 0.227105 -0.080988
v -0.304008 0.226707 -0.077744
v -0.29416 0.22497 -0.077744
v -0.30414 0.225957 -0.073917
v -0.294292 0.224221 -0.073917
v -0.304008 0.226707 -0.07009
v -0.29416 0.22497 -0.07009
v -0.303632 0.228842 -0.066846
v -0.293783 0.227105 -0.066846
v -0.303068 0.232037 -0.064678
v -0.29322 0.2303 -0.064678
v -0.302404 0.235805 -0.063917
v -0.292556 0.234069 -0.063917
v -0.301739 0.239574 -0.064678
v -0.291891 0.237838 -0.064678
v -0.301176 0.242769 -0.066846
v -0.291328 0.241032 -0.066846
v -0.300799 0.244904 -0.07009
v -0.290951 0.243167 -0.07009
v -0.300667 0.245653 -0.073917
v -0.290819 0.243917 -0.073917
v -0.300799 0.244904 -0.077744
v -0.290951 0.243167 -0.077744
v -0.301176 0.242769 -0.080988
v -0.291328 0.241032 -0.080988
v -0.301739 0.239574 -0.083156
v -0.291891 0.237838 -0.083156
v -0.317909 0.154577 0.042451
v -0.319672 0.144581 0.04447
v -0.321166 0.136107 0.05022
v -0.322164 0.130445 0.058824
v -0.322515 0.128457 0.068974
v -0.322164 0.130445 0.079123
v -0.321166 0.136107 0.087728
v -0.319672 0.144581 0.093477
v -0.317909 0.154577 0.095496
v -0.316147 0.164572 0.093477
v -0.314653 0.173046 0.087728
v -0.313654 0.178708 0.079123
v -0.313304 0.180696 0.068974
v -0.313654 0.178708 0.058824
v -0.314653 0.173046 0.05022
v -0.316147 0.164572 0.04447
v -0.331721 0.157012 0.052687
v -0.332803 0.150874 0.053927
v -0.33372 0.145671 0.057458
v -0.334334 0.142194 0.062741
v -0.334549 0.140973 0.068974
v -0.334334 0.142194 0.075206
v -0.33372 0.145671 0.08049
v -0.332803 0.150874 0.08402
v -0.331721 0.157012 0.08526
v -0.330638 0.16315 0.08402
v -0.329721 0.168353 0.08049
v -0.329108 0.17183 0.075206
v -0.328893 0.173051 0.068974
v -0.329108 0.17183 0.062741
v -0.329721 0.168353 0.057458
v -0.330638 0.16315 0.053927
v -0.318148 0.08893 -0.086162
v -0.32064 0.074797 -0.083307
v -0.322752 0.062816 -0.075178
v -0.324164 0.054811 -0.063012
v -0.324659 0.052 -0.048662
v -0.324164 0.054811 -0.034311
v -0.322752 0.062816 -0.022145
v -0.32064 0.074797 -0.014016
v -0.318148 0.08893 -0.011162
v -0.315656 0.103062 -0.014016
v -0.313543 0.115044 -0.022145
v -0.312131 0.123049 -0.034311
v -0.311636 0.12586 -0.048662
v -0.312131 0.123049 -0.063012
v -0.313543 0.115044 -0.075178
v -0.315656 0.103062 -0.083307
v -0.371207 0.098286 -0.086162
v -0.373699 0.084153 -0.083307
v -0.375812 0.072172 -0.075178
v -0.377223 0.064167 -0.063012
v -0.377719 0.061355 -0.048662
v -0.377223 0.064167 -0.034311
v -0.375812 0.072172 -0.022145
v -0.373699 0.084153 -0.014016
v -0.371207 0.098286 -0.011162
v -0.368715 0.112418 -0.014016
v -0.366603 0.124399 -0.022145
v -0.365191 0.132405 -0.034311
v -0.364695 0.135216 -0.048662
v -0.365191 0.132405 -0.063012
v -0.366603 0.124399 -0.075178
v -0.368715 0.112418 -0.083307
v -0.3788 0.099624 -0.079272
v -0.380834 0.088088 -0.076941
v -0.382558 0.078309 -0.070306
v -0.38371 0.071774 -0.060375
v -0.384115 0.069479 -0.048662
v -0.38371 0.071774 -0.036948
v -0.382558 0.078309 -0.027017
v -0.380834 0.088088 -0.020382
v -0.3788 0.099624 -0.018052
v -0.376766 0.11116 -0.020382
v -0.375041 0.12094 -0.027017
v -0.373889 0.127475 -0.036948
v -0.373484 0.129769 -0.048662
v -0.373889 0.127475 -0.060375
v -0.375041 0.12094 -0.070306
v -0.376766 0.11116 -0.076941
v -0.384435 0.100618 -0.092954
v -0.387378 0.083926 -0.089582
v -0.389873 0.069775 -0.079981
v -0.39154 0.060319 -0.065611
v -0.392126 0.056999 -0.048662
v -0.39154 0.060319 -0.031712
v -0.389873 0.069775 -0.017342
v -0.387378 0.083926 -0.007741
v -0.384435 0.100618 -0.004369
v -0.381491 0.11731 -0.007741
v -0.378996 0.131461 -0.017342
v -0.377329 0.140917 -0.031712
v -0.376743 0.144237 -0.048662
v -0.377329 0.140917 -0.065611
v -0.378996 0.131461 -0.079981
v -0.381491 0.11731 -0.089582
v -0.419769 0.106848 -0.082853
v -0.422041 0.093963 -0.080251
v -0.423967 0.083039 -0.072839
v -0.425254 0.075739 -0.061746
v -0.425706 0.073176 -0.048662
v -0.425254 0.075739 -0.035577
v -0.423967 0.083039 -0.024484
v -0.422041 0.093963 -0.017073
v -0.419769 0.106848 -0.01447
v -0.417497 0.119734 -0.017073
v -0.41557 0.130658 -0.024484
v -0.414283 0.137958 -0.035577
v -0.413831 0.140521 -0.048662
v -0.414283 0.137958 -0.061746
v -0.41557 0.130658 -0.072839
v -0.417497 0.119734 -0.080251
v -0.422467 0.107324 -0.089149
v -0.425157 0.092066 -0.086067
v -0.427438 0.07913 -0.077291
v -0.428962 0.070487 -0.064156
v -0.429498 0.067452 -0.048662
v -0.428962 0.070487 -0.033168
v -0.427438 0.07913 -0.020032
v -0.425157 0.092066 -0.011256
v -0.422467 0.107324 -0.008174
v -0.419776 0.122583 -0.011256
v -0.417496 0.135518 -0.020032
v -0.415972 0.144162 -0.033168
v -0.415436 0.147197 -0.048662
v -0.415972 0.144162 -0.064156
v -0.417496 0.135518 -0.077291
v -0.419776 0.122583 -0.086067
v -0.427918 0.108285 -0.082597
v -0.430173 0.095496 -0.080014
v -0.432085 0.084654 -0.072657
v -0.433362 0.07741 -0.061648
v -0.433811 0.074866 -0.048662
v -0.433362 0.07741 -0.035675
v -0.432085 0.084654 -0.024666
v -0.430173 0.095496 -0.01731
v -0.427918 0.108285 -0.014726
v -0.425663 0.121074 -0.01731
v -0.423751 0.131917 -0.024666
v -0.422474 0.139161 -0.035675
v -0.422025 0.141705 -0.048662
v -0.422474 0.139161 -0.061648
v -0.423751 0.131917 -0.072657
v -0.425663 0.121074 -0.080014
v -0.427918 0.108285 -0.07129
v -0.429422 0.099757 -0.069567
v -0.430696 0.092528 -0.064662
v -0.431548 0.087697 -0.057321
v -0.431847 0.086001 -0.048662
v -0.431548 0.087697 -0.040002
v -0.430696 0.092528 -0.032661
v -0.429422 0.099757 -0.027756
v -0.427918 0.108285 -0.026033
v -0.426414 0.116813 -0.027756
v -0.425139 0.124043 -0.032661
v -0.424288 0.128874 -0.040002
v -0.423988 0.13057 -0.048662
v -0.424288 0.128874 -0.057321
v -0.425139 0.124043 -0.064662
v -0.426414 0.116813 -0.069567
v -0.384435 0.100618 -0.085825
v -0.386904 0.086612 -0.082997
v -0.388998 0.074738 -0.07494
v -0.390397 0.066805 -0.062884
v -0.390888 0.064019 -0.048662
v -0.390397 0.066805 -0.03444
v -0.388998 0.074738 -0.022383
v -0.386904 0.086612 -0.014327
v -0.384435 0.100618 -0.011498
v -0.381965 0.114624 -0.014327
v -0.379871 0.126498 -0.022383
v -0.378472 0.134431 -0.03444
v -0.377981 0.137217 -0.048662
v -0.378472 0.134431 -0.062884
v -0.379871 0.126498 -0.07494
v -0.381965 0.114624 -0.082997
v -0.396468 0.10274 -0.048662
v -0.311571 0.158898 -0.046598
v -0.312734 0.152303 -0.045265
v -0.31372 0.146712 -0.041472
v -0.314378 0.142976 -0.035794
v -0.31461 0.141664 -0.029098
v -0.314378 0.142976 -0.022401
v -0.31372 0.146712 -0.016723
v -0.312734 0.152303 -0.01293
v -0.311571 0.158898 -0.011598
v -0.310408 0.165493 -0.01293
v -0.309422 0.171085 -0.016723
v -0.308763 0.174821 -0.022401
v -0.308532 0.176132 -0.029098
v -0.308763 0.174821 -0.035794
v -0.309422 0.171085 -0.041472
v -0.310408 0.165493 -0.045265
v -0.337052 0.163391 -0.046598
v -0.338214 0.156796 -0.045265
v -0.3392 0.151205 -0.041472
v -0.339859 0.147469 -0.035794
v -0.34009 0.146157 -0.029098
v -0.339859 0.147469 -0.022401
v -0.3392 0.151205 -0.016723
v -0.338214 0.156796 -0.01293
v -0.337052 0.163391 -0.011598
v -0.335889 0.169986 -0.01293
v -0.334903 0.175578 -0.016723
v -0.334244 0.179313 -0.022401
v -0.334013 0.180625 -0.029098
v -0.334244 0.179313 -0.035794
v -0.334903 0.175578 -0.041472
v -0.335889 0.169986 -0.045265
v -0.331721 0.157012 0.042451
v -0.333483 0.147016 0.04447
v -0.334977 0.138543 0.05022
v -0.335976 0.132881 0.058824
v -0.336326 0.130892 0.068974
v -0.335976 0.132881 0.079123
v -0.334977 0.138543 0.087728
v -0.333483 0.147016 0.093477
v -0.331721 0.157012 0.095496
v -0.329958 0.167007 0.093477
v -0.328464 0.175481 0.087728
v -0.327466 0.181143 0.079123
v -0.327115 0.183131 0.068974
v -0.327466 0.181143 0.058824
v -0.328464 0.175481 0.05022
v -0.329958 0.167007 0.04447
v -0.351417 0.160485 0.052687
v -0.352499 0.154347 0.053927
v -0.353417 0.149144 0.057458
v -0.35403 0.145667 0.062741
v -0.354245 0.144446 0.068974
v -0.35403 0.145667 0.075206
v -0.353417 0.149144 0.08049
v -0.352499 0.154347 0.08402
v -0.351417 0.160485 0.08526
v -0.350335 0.166623 0.08402
v -0.349417 0.171826 0.08049
v -0.348804 0.175303 0.075206
v -0.348589 0.176524 0.068974
v -0.348804 0.175303 0.062741
v -0.349417 0.171826 0.057458
v -0.350335 0.166623 0.053927
v -0.326693 0.104761 0.050715
v -0.327856 0.098166 0.052047
v -0.328842 0.092575 0.055841
v -0.329501 0.088839 0.061518
v -0.329732 0.087527 0.068215
v -0.329501 0.088839 0.074912
v -0.328842 0.092575 0.08059
v -0.327856 0.098166 0.084383
v -0.326693 0.104761 0.085715
v -0.32553 0.111356 0.084383
v -0.324544 0.116947 0.08059
v -0.323886 0.120683 0.074912
v -0.323654 0.121995 0.068215
v -0.323886 0.120683 0.061518
v -0.324544 0.116947 0.055841
v -0.32553 0.111356 0.052047
v -0.352174 0.109254 0.050715
v -0.353337 0.102659 0.052047
v -0.354323 0.097067 0.055841
v -0.354981 0.093332 0.061518
v -0.355213 0.09202 0.068215
v -0.354981 0.093332 0.074912
v -0.354323 0.097067 0.08059
v -0.353337 0.102659 0.084383
v -0.352174 0.109254 0.085715
v -0.351011 0.115849 0.084383
v -0.350025 0.12144 0.08059
v -0.349366 0.125176 0.074912
v -0.349135 0.126488 0.068215
v -0.349366 0.125176 0.061518
v -0.350025 0.12144 0.055841
v -0.351011 0.115849 0.052047
v -0.333069 0.0686 0.047933
v -0.333931 0.06371 0.048921
v -0.334662 0.059565 0.051734
v -0.335151 0.056795 0.055943
v -0.335322 0.055822 0.060908
v -0.335151 0.056795 0.065873
v -0.334662 0.059565 0.070083
v -0.333931 0.06371 0.072895
v -0.333069 0.0686 0.073883
v -0.332207 0.07349 0.072895
v -0.331476 0.077635 0.070083
v -0.330988 0.080405 0.065873
v -0.330816 0.081378 0.060908
v -0.330988 0.080405 0.055943
v -0.331476 0.077635 0.051734
v -0.332207 0.07349 0.048921
v -0.351961 0.071931 0.054252
v -0.352403 0.069422 0.054758
v -0.352778 0.067296 0.056201
v -0.353029 0.065875 0.058361
v -0.353117 0.065376 0.060908
v -0.353029 0.065875 0.063455
v -0.352778 0.067296 0.065615
v -0.352403 0.069422 0.067058
v -0.351961 0.071931 0.067565
v -0.351518 0.07444 0.067058
v -0.351143 0.076566 0.065615
v -0.350893 0.077988 0.063455
v -0.350805 0.078487 0.060908
v -0.350893 0.077988 0.058361
v -0.351143 0.076566 0.056201
v -0.351518 0.07444 0.054758
v -0.327106 0.101759 0.007709
v -0.327946 0.096994 0.008671
v -0.328658 0.092955 0.011411
v -0.329134 0.090256 0.015513
v -0.329301 0.089308 0.020351
v -0.329134 0.090256 0.025189
v -0.328658 0.092955 0.029291
v -0.327946 0.096994 0.032031
v -0.327106 0.101759 0.032993
v -0.326266 0.106523 0.032031
v -0.325553 0.110562 0.029291
v -0.325077 0.113261 0.025189
v -0.32491 0.114209 0.020351
v -0.325077 0.113261 0.015513
v -0.325553 0.110562 0.011411
v -0.326266 0.106523 0.008671
v -0.345513 0.105004 0.007709
v -0.346354 0.10024 0.008671
v -0.347066 0.096201 0.011411
v -0.347542 0.093502 0.015513
v -0.347709 0.092554 0.020351
v -0.347542 0.093502 0.025189
v -0.347066 0.096201 0.029291
v -0.346354 0.10024 0.032031
v -0.345513 0.105004 0.032993
v -0.344673 0.109769 0.032031
v -0.343961 0.113808 0.029291
v -0.343485 0.116507 0.025189
v -0.343318 0.117455 0.020351
v -0.343485 0.116507 0.015513
v -0.343961 0.113808 0.011411
v -0.344673 0.109769 0.008671
v -0.332353 0.072172 0.006522
v -0.333272 0.066961 0.007575
v -0.334051 0.062542 0.010573
v -0.334571 0.05959 0.015059
v -0.334754 0.058554 0.020351
v -0.334571 0.05959 0.025643
v -0.334051 0.062542 0.030129
v -0.333272 0.066961 0.033127
v -0.332353 0.072172 0.03418
v -0.331434 0.077384 0.033127
v -0.330655 0.081802 0.030129
v -0.330134 0.084754 0.025643
v -0.329951 0.085791 0.020351
v -0.330134 0.084754 0.015059
v -0.330655 0.081802 0.010573
v -0.331434 0.077384 0.007575
v -0.353271 0.075861 0.006522
v -0.35419 0.070649 0.007575
v -0.354969 0.066231 0.010573
v -0.35549 0.063279 0.015059
v -0.355672 0.062242 0.020351
v -0.35549 0.063279 0.025643
v -0.354969 0.066231 0.030129
v -0.35419 0.070649 0.033127
v -0.353271 0.075861 0.03418
v -0.352352 0.081072 0.033127
v -0.351573 0.085491 0.030129
v -0.351052 0.088443 0.025643
v -0.35087 0.08948 0.020351
v -0.351052 0.088443 0.015059
v -0.351573 0.085491 0.010573
v -0.352352 0.081072 0.007575
v -0.310882 0.130134 0.015321
v -0.31396 0.11268 -0.002402
v -0.324955 0.114619 -0.002402
v -0.321877 0.132073 0.015321
v -0.313023 0.167057 0.012856
v -0.318161 0.133528 0.012735
v -0.304536 0.164689 0.012873
v -0.310235 0.132323 0.012757
v -0.317951 0.133463 -0.076103
v -0.312814 0.166992 -0.075982
v -0.310069 0.132257 -0.073292
v -0.304364 0.164621 -0.075965
v -0.3105 0.183399 0.005214
v -0.301582 0.181516 0.005473
v -0.310327 0.183345 -0.06822
v -0.301443 0.181461 -0.066139
v 0.230044 0.312759 0.077784
v 0.162719 0.225702 0.055748
v 0.162719 0.225702 -0.080179
v 0.162719 0.267807 0.055748
v 0.162719 0.267807 -0.080179
v 0.272637 0.312759 0.067784
v 0.277563 0.313613 0.067764
v 0.278577 0.307864 -0.064136
v 0.280314 0.298016 -0.074136
v 0.278662 0.307382 -0.067226
v 0.278909 0.305983 -0.070014
v 0.279293 0.303804 -0.072226
v 0.279777 0.301059 -0.073647
v 0.280314 0.298016 0.059705
v 0.278577 0.307864 0.049705
v 0.279777 0.301059 0.059215
v 0.279293 0.303804 0.057795
v 0.278909 0.305983 0.055583
v 0.278662 0.307382 0.052795
v 0.296128 0.208329 0.049705
v 0.294391 0.218177 0.059705
v 0.296043 0.208811 0.052795
v 0.295796 0.21021 0.055583
v 0.295412 0.212388 0.057795
v 0.294928 0.215134 0.059215
v 0.294391 0.218177 -0.074136
v 0.296128 0.208329 -0.064136
v 0.294928 0.215134 -0.073647
v 0.295412 0.212388 -0.072226
v 0.295796 0.21021 -0.070014
v 0.296043 0.208811 -0.067226
v 0.278344 0.297668 -0.074136
v 0.276607 0.307517 -0.064136
v 0.277807 0.300712 -0.073647
v 0.277323 0.303457 -0.072226
v 0.276939 0.305636 -0.070014
v 0.276692 0.307035 -0.067226
v 0.276607 0.307517 0.049705
v 0.278344 0.297668 0.059705
v 0.276692 0.307035 0.052795
v 0.276939 0.305636 0.055583
v 0.277323 0.303457 0.057795
v 0.277807 0.300712 0.059215
v 0.292422 0.21783 0.059705
v 0.294158 0.207982 0.049705
v 0.292958 0.214786 0.059215
v 0.293442 0.212041 0.057795
v 0.293827 0.209862 0.055583
v 0.294073 0.208464 0.052795
v 0.294158 0.207982 -0.064136
v 0.292422 0.21783 -0.074136
v 0.294073 0.208464 -0.067226
v 0.293827 0.209862 -0.070014
v 0.293442 0.212041 -0.072226
v 0.292958 0.214786 -0.073647
v 0.230044 0.306614 0.077784
v 0.230044 0.306614 -0.102216
v 0.173719 0.306614 0.077784
v 0.160719 0.306614 0.064784
v 0.160719 0.306614 -0.089216
v 0.173719 0.306614 -0.102216
v 0.230044 0.312759 -0.096071
v 0.230044 0.312291 -0.098422
v 0.230044 0.310959 -0.100416
v 0.230044 0.308966 -0.101748
v 0.292803 0.195697 -0.098422
v 0.267481 0.306614 -0.102216
v 0.266492 0.312759 -0.096071
v 0.273704 0.306708 -0.096071
v 0.26709 0.308952 -0.101748
v 0.266765 0.31094 -0.100416
v 0.26985 0.306636 -0.101748
v 0.26951 0.309033 -0.101183
v 0.269122 0.31065 -0.100104
v 0.268937 0.312313 -0.096071
v 0.271166 0.311006 -0.096071
v 0.266555 0.312277 -0.098422
v 0.269075 0.311735 -0.098481
v 0.270889 0.310676 -0.098359
v 0.273218 0.306686 -0.098422
v 0.271865 0.306661 -0.100416
v 0.27284 0.309038 -0.096071
v 0.272246 0.309074 -0.098481
v 0.27117 0.308932 -0.100104
v 0.273704 0.306708 -0.082209
v 0.266492 0.312759 -0.082209
v 0.277539 0.313609 -0.082209
v 0.272828 0.309023 -0.082209
v 0.27115 0.310987 -0.082209
v 0.268925 0.312299 -0.082209
v 0.272637 0.312759 -0.082209
v 0.160719 0.306614 0.002659
v 0.160719 0.306614 -0.027091
v 0.160719 0.306614 -0.058591
v 0.160719 0.306614 0.034159
v 0.155719 0.306614 0.008659
v 0.155719 0.306614 -0.052591
v 0.155719 0.306614 -0.033091
v 0.155719 0.306614 0.028159
v 0.160719 0.225702 0.055748
v 0.160719 0.225702 0.034159
v 0.160719 0.267807 0.034159
v 0.160719 0.267807 0.055748
v 0.160719 0.225702 -0.080179
v 0.160719 0.267807 -0.080179
v 0.160719 0.225702 -0.058591
v 0.160719 0.267807 -0.058591
v 0.160719 0.225702 -0.027091
v 0.160719 0.267807 -0.027091
v 0.160719 0.225702 0.002659
v 0.160719 0.267807 0.002659
v 0.155719 0.225702 0.008659
v 0.155719 0.267807 0.008659
v 0.155719 0.225702 -0.033091
v 0.155719 0.267807 -0.033091
v 0.155719 0.225702 -0.052591
v 0.155719 0.267807 -0.052591
v 0.155719 0.225702 0.028159
v 0.155719 0.267807 0.028159
v 0.293278 0.195697 0.067784
v 0.293278 0.195697 -0.082209
v 0.298199 0.19658 0.067764
v 0.298199 0.19658 -0.082209
v 0.173719 0.195697 0.077784
v 0.160719 0.195697 0.064784
v 0.160719 0.195697 -0.089216
v 0.173719 0.195697 -0.102216
v 0.287038 0.195697 -0.102216
v 0.293278 0.195697 -0.096071
v 0.289426 0.195697 -0.101748
v 0.29145 0.195697 -0.100416
v 0.160719 0.195697 0.002659
v 0.160719 0.195697 -0.027091
v 0.160719 0.195697 -0.058591
v 0.160719 0.195697 0.034159
v 0.155719 0.195697 0.028159
v 0.155719 0.195697 -0.033091
v 0.155719 0.195697 0.008659
v 0.155719 0.195697 -0.052591
v 0.265021 0.312759 0.077784
v 0.272637 0.312759 0.070284
v 0.267935 0.312759 0.077213
v 0.270406 0.312759 0.075588
v 0.272057 0.312759 0.073154
v 0.293278 0.195697 0.070284
v 0.285662 0.195697 0.077784
v 0.292698 0.195697 0.073154
v 0.291047 0.195697 0.075588
v 0.288577 0.195697 0.077213
v 0.155088 0.195697 0.082784
v 0.155088 0.195697 -0.107216
v 0.315088 0.195697 -0.107216
v 0.315088 0.195697 0.082784
v 0.155088 0.180697 -0.107216
v 0.315088 0.180697 -0.107216
v 0.155088 0.180697 0.082784
v 0.315088 0.180697 0.082784
v 0.152088 0.180697 -0.110216
v 0.318088 0.180697 -0.110216
v 0.152088 0.180697 0.085784
v 0.318088 0.180697 0.085784
v 0.162088 0.165028 -0.100216
v 0.308088 0.165028 -0.100216
v 0.162088 0.165028 0.075784
v 0.308088 0.165028 0.075784
v 0.152088 0.160028 -0.110216
v 0.318088 0.160028 -0.110216
v 0.152088 0.160028 0.085784
v 0.318088 0.160028 0.085784
v 0.162088 0.045028 -0.100216
v 0.308088 0.045028 -0.100216
v 0.162088 0.045028 0.075784
v 0.308088 0.045028 0.075784
vt 0.7 0.5
vt 0.715388 0.541667
vt 0.7 0.541667
vt 0.35 1.0
vt 0.35 0.958333
vt 0.36354 0.958333
vt 0.35 0.5
vt 0.35 0.541667
vt 0.322426 0.541667
vt 0.25 0.958333
vt 0.254166 0.958333
vt 0.25 1.0
vt 0.0 0.0
vt 0.625 0.5
vt 0.022076 0.017661
vt 0.625 0.746873
vt 0.625 0.503127
vt 0.625 0.5
vt 0.9375 0.5
vt 1.0 1.0
vt 0.9375 1.0
vt 0.591268 0.744957
vt 0.59181 0.497515
vt 0.61975 0.491688
vt 0.0625 0.5
vt 0.0625 1.0
vt 0.0 1.0
vt 0.4 0.51
vt 0.6 0.5
vt 0.6 0.51
vt 0.624049 0.737139
vt 0.668273 0.729167
vt 0.667507 0.737139
vt 0.971731 0.158156
vt 0.919706 0.080294
vt 0.891524 0.130584
vt 0.75 0.01
vt 0.770605 0.083032
vt 0.835264 0.093365
vt 0.625 0.502837
vt 0.625 0.502961
vt 0.375 1.0
vt 0.3125 1.0
vt 0.3125 0.5
vt 0.380534 0.469931
vt 0.40625 0.5
vt 0.380208 0.501718
vt 0.75 0.5
vt 0.75 1.0
vt 0.6875 1.0
vt 0.25 1.0
vt 0.1875 1.0
vt 0.1875 0.5
vt 0.658156 0.471731
vt 0.75 0.49
vt 0.919706 0.419706
vt 0.4375 0.5
vt 0.5 0.5
vt 0.3 0.5
vt 0.25 0.541667
vt 0.25 0.5
vt 0.2 0.5
vt 0.125 0.5
vt 0.125 0.578436
vt 0.886156 0.193602
vt 0.693602 0.113844
vt 0.613844 0.306398
vt 0.625 0.502961
vt 0.625 0.502837
vt 0.655029 0.744391
vt 0.625 0.711538
vt 0.65625 0.711538
vt 0.232465 0.75
vt 0.232466 0.75
vt 0.36597 0.75
vt 0.59375 0.46875
vt 0.609375 0.501718
vt 0.59375 0.5
vt 0.625 0.736965
vt 0.625 0.743054
vt 0.625 0.74306
vt 0.5 1.0
vt 0.4375 1.0
vt 0.625 0.726616
vt 0.625 0.732051
vt 0.625 0.75
vt 0.408651 0.006831
vt 0.40819 0.252485
vt 0.382875 0.262468
vt 0.625 0.744152
vt 0.625 0.743872
vt 0.625 0.74387
vt 0.601851 0.749471
vt 0.5875 0.793273
vt 0.5875 0.75
vt 0.625 1.0
vt 0.5625 1.0
vt 0.625 0.011905
vt 0.624998 0.250888
vt 0.625 0.011905
vt 0.806398 0.386156
vt 0.75 0.397374
vt 0.75 0.5
vt 0.4 0.958333
vt 0.45 1.0
vt 0.4 1.0
vt 0.875 1.0
vt 0.875 0.5
vt 0.625 0.75
vt 0.625 0.006212
vt 0.625 0.006212
vt 0.625 0.0
vt 0.625 0.741071
vt 0.624756 0.750214
vt 0.624089 0.750797
vt 0.40625 0.46875
vt 0.625 0.736965
vt 0.625 0.732041
vt 0.625 0.732051
vt 0.375 0.75
vt 0.375 0.5
vt 0.3 0.958333
vt 0.3 1.0
vt 0.4 0.5
vt 0.75 0.958333
vt 0.8 1.0
vt 0.75 1.0
vt 0.8 0.958333
vt 0.85 1.0
vt 0.85 0.958333
vt 0.9 1.0
vt 0.177146 0.743401
vt 0.17661 0.743371
vt 0.177549 0.499572
vt 0.125 0.516667
vt 0.375893 0.516667
vt 0.375 0.533333
vt 0.200436 0.743724
vt 0.210136 0.5
vt 0.841844 0.028269
vt 0.75 0.01
vt 0.666667 1.0
vt 0.5 1.0
vt 0.5 0.775
vt 0.658357 0.759815
vt 0.658668 0.482196
vt 0.625 0.75
vt 0.658737 0.759956
vt 0.375 0.0
vt 0.593094 -0.010241
vt 0.421896 0.22571
vt 0.55 0.958333
vt 0.5 1.0
vt 0.5 0.958333
vt -0.0 1.0
vt 0.05 0.958333
vt 0.05 1.0
vt 0.9 0.958333
vt 0.95 1.0
vt 0.125 0.75
vt 0.658156 0.028269
vt 0.9 0.5
vt 0.85 0.541667
vt 0.85 0.5
vt 0.15 1.0
vt 0.2 0.958333
vt 0.2 1.0
vt 0.65 0.5
vt 0.65 0.958333
vt 0.6 1.0
vt 0.6 0.958333
vt 0.1 0.541667
vt 0.05 0.5
vt 0.1 0.5
vt 0.55 1.0
vt 0.95 0.958333
vt 1.0 0.5
vt 0.95 0.541667
vt 0.95 0.5
vt 0.05 0.541667
vt -0.0 0.5
vt 0.45 0.5
vt 0.4 0.541667
vt 0.1 0.958333
vt 0.1 1.0
vt 0.8 0.5
vt 0.75 0.541667
vt 0.7 0.958333
vt 0.65 1.0
vt 0.7 1.0
vt 0.8 0.541667
vt 0.2 0.541667
vt 0.15 0.5
vt 0.15 0.541667
vt 0.65 0.541667
vt 0.6 0.5
vt 0.9 0.541667
vt 0.15 0.958333
vt 0.0 0.5
vt 0.55 0.541667
vt 0.5 0.5
vt 0.55 0.5
vt 0.8125 0.5
vt 0.623646 0.878117
vt 0.625 0.807046
vt 0.565605 0.807046
vt 0.897374 0.25
vt 0.886156 0.306398
vt 0.442544 0.75
vt 0.580294 0.080294
vt 0.528269 0.158156
vt 0.51 0.25
vt 0.68055 1.003192
vt 0.625 0.715029
vt 0.625 0.746873
vt 0.45 0.958333
vt 0.232466 0.5
vt 0.232465 0.75
vt 0.366174 0.746134
vt 0.8125 0.979442
vt 0.625 0.520305
vt 0.625 0.520417
vt 0.625 0.743061
vt 0.625 0.736942
vt 0.620323 0.617128
vt 0.625 0.625
vt 0.601851 0.500529
vt 0.620982 0.457704
vt 0.621339 0.502034
vt 0.25 0.5
vt 0.625 0.502868
vt 0.841844 0.471731
vt 0.15 0.51
vt 0.358333 0.491667
vt 0.35 0.51
vt 0.528269 0.341844
vt 0.580294 0.419706
vt 0.5625 0.5
vt 0.855628 0.5
vt 0.875 0.738095
vt 0.855628 0.738095
vt 0.625 0.6875
vt 0.971731 0.341844
vt 0.894369 0.382293
vt 0.348307 0.501503
vt 0.376396 0.519231
vt 0.344971 0.519231
vt 0.625 0.25
vt 0.375 0.25
vt 0.378331 0.748511
vt 0.125 0.733333
vt 0.375893 0.733333
vt 0.375 0.979732
vt 0.625 0.5
vt 0.6 0.541667
vt 0.548 0.20406
vt 0.500094 0.198933
vt 0.625 0.238636
vt 0.603332 0.25
vt 0.590727 0.247675
vt 0.394715 0.246637
vt 0.414744 0.243852
vt 0.423318 0.244352
vt 0.682046 0.75
vt 0.753118 0.5
vt 0.682046 0.5
vt 0.625 0.011905
vt 0.875 0.522727
vt 0.625 0.515152
vt 0.575593 0.0
vt 0.580625 -0.003222
vt 0.40625 0.78125
vt 0.380208 0.748282
vt 0.40625 0.75
vt 0.344971 0.730769
vt 0.375 0.711538
vt 0.376396 0.730769
vt 0.624049 0.512861
vt 0.668273 0.520833
vt 0.625 0.520833
vt 0.425188 0.743724
vt 0.40819 0.497515
vt 0.428774 0.5
vt 0.625 0.980628
vt 0.855628 0.74404
vt 0.875 0.743788
vt 0.625 0.729583
vt 0.623779 0.775641
vt 0.609375 0.779747
vt 0.609375 0.748282
vt 0.6875 0.5
vt 0.623604 0.74359
vt 0.575593 1.0
vt 0.57727 0.751074
vt 0.581427 0.753414
vt 0.625 0.726616
vt 0.625 0.504947
vt 0.625 0.726616
vt 0.59375 0.78125
vt 0.041844 0.033476
vt 0.318242 0.471621
vt 0.324709 0.767444
vt 0.65 0.51
vt 0.85 0.51
vt 0.45 0.541667
vt 0.125 1.0
vt 0.625 0.00596
vt 0.424817 0.006314
vt 0.428774 0.25
vt 0.65625 0.538462
vt 0.625 0.538462
vt 0.623604 0.50641
vt 0.485291 0.25
vt 0.37 0.25
vt 0.334853 0.165147
vt 0.665326 0.501638
vt 0.667507 0.512861
vt 0.587555 0.780361
vt 0.599697 0.768453
vt 0.457846 0.37
vt 0.25 0.49
vt 0.042154 0.37
vt 0.675291 0.767444
vt 0.681757 0.471621
vt 0.1261 0.740391
vt 0.125 0.74031
vt 0.625 0.502868
vt 0.625 0.503204
vt 0.445055 0.880806
vt 0.477981 0.868691
vt 0.59029 0.00669
vt 0.59066 0.006728
vt 0.59181 0.252485
vt 0.800101 0.743694
vt 0.789864 0.5
vt 0.822451 0.499572
vt 0.623646 0.371883
vt 0.625 0.442954
vt 0.625 0.371882
vt 0.666667 0.775
vt 0.833333 0.775
vt 0.409713 0.744932
vt 0.409342 0.744927
vt 0.574812 0.006276
vt 0.571226 0.25
vt 0.620915 0.74861
vt 0.6201 0.748395
vt 0.510102 0.850122
vt 0.512918 0.848358
vt 0.575157 0.932564
vt 0.448721 0.807426
vt 0.425201 0.824759
vt 0.390778 0.036523
vt 0.82449 0.743291
vt 0.82339 0.743371
vt 0.25 0.01
vt 0.341844 0.028269
vt 0.458725 0.138691
vt 0.618308 0.494646
vt 0.61682 0.493456
vt 0.375 0.705357
vt 0.433006 0.713228
vt 0.625923 0.750923
vt 0.625495 0.744048
vt 0.550543 0.406067
vt 0.550904 0.405995
vt 0.125 0.705357
vt 0.394988 0.75
vt 0.394988 0.5
vt 0.658156 0.028269
vt 0.692757 0.190901
vt 0.5 0.25
vt 0.5 0.0
vt 0.622052 0.791636
vt 0.601851 0.792848
vt 0.125 0.716667
vt 0.375 0.716667
vt 0.451942 0.75
vt 0.50813 0.78566
vt 0.477266 0.794439
vt 0.125 0.533333
vt 0.406411 0.325857
vt 0.406411 0.361643
vt 0.15 0.5
vt 0.378331 0.501489
vt 0.875874 0.389843
vt 0.827525 0.405296
vt 0.393182 1.0
vt 1.0 0.775
vt 0.833333 1.0
vt 0.433474 0.403779
vt 0.449457 0.406067
vt 0.4 0.5
vt 0.8125 1.0
vt 0.9375 0.821177
vt 1.0 0.821176
vt 0.364021 0.75
vt 0.364021 0.5
vt 0.635979 0.5
vt 0.875 0.75
vt 0.635979 0.75
vt 0.62435 0.979906
vt 0.606093 1.0
vt 0.606407 0.751409
vt 0.603166 0.253125
vt 0.625 0.266667
vt 0.582289 0.293274
vt 0.625 0.489021
vt 0.375 0.489021
vt 0.625 0.5
vt 0.575593 0.75
vt 0.593589 0.325857
vt 0.593517 0.325496
vt 0.625 0.709481
vt 0.75 0.709481
vt 0.6875 0.709481
vt 0.99 0.25
vt 0.617125 0.262468
vt 0.620907 0.302556
vt 0.5625 0.709481
vt 0.5 0.709481
vt 0.4375 0.709481
vt 0.758407 0.354843
vt 0.375 0.335136
vt 0.379093 0.302556
vt 0.591072 0.354235
vt 0.603332 0.5
vt 0.400201 0.4875
vt 0.400726 0.456727
vt 0.5875 0.456727
vt 0.50813 0.46434
vt 0.451942 0.5
vt 0.486765 0.458263
vt 0.5 0.979442
vt 0.4375 0.979442
vt 0.875 0.979442
vt 0.75 0.979442
vt 0.3125 0.979442
vt 0.6875 0.979442
vt 0.625 0.979442
vt 0.5625 0.979442
vt 0.1875 0.979442
vt 0.125 0.979442
vt 0.0 0.979442
vt 0.0625 0.979442
vt 0.25 0.979442
vt 0.477266 0.455561
vt 0.625 0.743872
vt 0.625 0.74387
vt 0.625 0.5625
vt 0.658156 0.471731
vt 0.693602 0.386156
vt 0.645791 0.354209
vt 0.624269 0.498255
vt 0.625 0.75
vt 0.625 0.499528
vt 0.625 0.532827
vt 0.9375 0.979442
vt 0.81945 1.003192
vt 0.821322 0.501693
vt 0.442544 0.5
vt 0.625 0.503327
vt 0.625 0.729695
vt 0.145268 0.5
vt 0.625 0.504947
vt 0.625 0.503204
vt 0.625 0.744152
vt 0.390778 0.213477
vt 0.609222 0.213477
vt 0.471731 0.341844
vt 0.609222 0.036523
vt 0.555836 0.108932
vt 0.608932 0.444164
vt 0.608932 0.055836
vt 0.824164 0.478254
vt 0.166667 1.0
vt -0.0 0.775
vt 0.166667 0.775
vt 0.25 0.014709
vt 0.165147 0.165147
vt 0.083624 0.083624
vt 0.108932 0.055836
vt 0.055836 0.391068
vt 0.055836 0.108932
vt 0.333333 0.775
vt 0.333333 1.0
vt 0.324164 0.478254
vt 0.324164 0.021746
vt 0.165147 0.334853
vt 0.25 0.485291
vt 0.083624 0.416376
vt 0.391068 0.055836
vt 0.334853 0.334853
vt 0.416376 0.416376
vt 0.416376 0.083624
vt 0.991627 1.0
vt 0.25 0.37
vt 0.25 0.25
vt 0.25 0.13
vt 0.13 0.25
vt 0.008373 1.0
vt 0.014709 0.25
vt 0.375 1.0
vt 0.042154 0.13
vt 0.625 0.528881
vt 0.625 0.523087
vt 0.625 0.736942
vt 0.625 0.732041
vt 0.655029 0.505609
vt 0.38051 0.748366
vt 0.3799 0.748395
vt 0.38025 0.491688
vt 0.579705 0.75
vt 0.625 0.699528
vt 0.579705 0.0
vt 0.875 0.674293
vt 0.125 0.689384
vt 0.678678 0.501693
vt 0.596308 0.558631
vt 0.458725 0.361309
vt 0.028269 0.158156
vt 0.545375 0.558631
vt 0.232466 0.75
vt 0.4375 0.821176
vt 0.375 0.979442
vt 1.0 0.979442
vt 0.365998 0.75
vt 0.366052 0.5
vt 0.404832 0.086667
vt 0.404832 0.163333
vt 0.645791 0.145791
vt 0.613844 0.193602
vt 0.609375 0.470038
vt 0.619773 0.615704
vt 0.618002 0.61181
vt 0.574812 0.006276
vt 0.425188 0.006276
vt 0.1875 0.821176
vt 0.930807 0.324147
vt 0.625 0.821177
vt 0.0 0.821176
vt 0.3125 0.821176
vt 0.6875 0.821177
vt 0.25 0.821177
vt 0.5625 0.821176
vt 0.5 0.821176
vt 0.806398 0.113844
vt 0.75 0.102626
vt 0.875 0.821177
vt 0.75 0.821177
vt 0.375 0.538462
vt 0.34375 0.538462
vt 0.599697 0.481547
vt 0.603994 0.486493
vt 0.376971 0.205357
vt 0.376971 0.044643
vt 0.59375 0.75
vt 0.625 0.503127
vt 0.625 0.005952
vt 0.595168 0.163333
vt 0.625 0.75
vt 0.854209 0.354209
vt 0.854209 0.145791
vt 0.602626 0.25
vt 0.57508 0.460064
vt 0.448907 0.359125
vt 0.593737 0.47499
vt 0.665326 0.748362
vt 0.621339 0.747966
vt 0.433006 0.545655
vt 0.375 0.544643
vt 0.603994 0.763507
vt 0.868835 0.376646
vt 0.232465 0.5
vt 0.366178 0.746132
vt 0.625 0.5
vt 0.366053 0.5
vt 0.375 0.760979
vt 0.625 0.760979
vt 0.625 0.011905
vt 0.375 0.709481
vt 0.943388 0.255825
vt 0.841341 0.42139
vt 0.539207 0.547995
vt 0.584659 0.547995
vt 0.387411 0.477709
vt 0.3 0.541667
vt 0.125 0.578436
vt 0.125 0.821177
vt 0.958725 0.361309
vt 0.958725 0.138691
vt 0.855628 0.75
vt 0.125 0.544643
vt 0.0 1.0
vt 0.375 0.578436
vt 0.590661 0.006728
vt 0.624114 0.0099
vt 0.342459 0.759602
vt 0.375198 0.010003
vt 0.409339 0.006728
vt -0.0 0.958333
vt 0.625 0.499555
vt 0.40238 0.863097
vt 0.405972 0.877107
vt 1.0 0.958333
vt 1.0 0.541667
vt -0.0 0.541667
vt 0.5 0.541667
vt 0.341332 0.482196
vt 0.623517 0.473157
vt 0.425188 0.006276
vt 0.575183 0.743719
vt 0.571226 0.5
vt 0.457846 0.13
vt 0.404832 0.08
vt 0.625 0.721119
vt 0.625 0.714286
vt 0.4 0.24
vt 0.4 0.25
vt 0.574812 0.743724
vt 0.601851 0.457038
vt 0.625 0.53497
vt 0.375 0.033333
vt 0.377436 0.016667
vt 0.393182 0.0
vt 0.404832 0.17
vt 0.595168 0.17
vt 0.595168 0.08
vt 0.325091 0.767305
vt 0.875 0.5
vt 0.375 0.270268
vt 0.478254 0.175836
vt 0.49 0.25
vt 0.478254 0.324164
vt 0.799564 0.743724
vt 0.586457 0.768309
vt 0.565455 0.773802
vt 0.625 0.532529
vt 0.521746 0.324164
vt 0.555836 0.391068
vt 0.341643 0.759815
vt 0.375 0.821176
vt 0.34375 0.711538
vt 0.543767 0.82341
vt 0.625 0.729167
vt 0.028269 0.341844
vt 0.158156 0.028269
vt 0.419706 0.419706
vt 0.341844 0.471731
vt 0.591072 0.25
vt 0.625 0.717173
vt 0.354507 0.75
vt 0.080294 0.080294
vt 0.57686 0.224458
vt 0.158156 0.471731
vt 0.080294 0.419706
vt 0.5875 0.5
vt 0.607036 -0.004228
vt 0.641667 0.491667
vt 0.428315 0.249136
vt 0.3125 0.709481
vt 0.25 0.709481
vt 0.875 0.615574
vt 0.583211 0.402233
vt 0.375 0.689384
vt 0.409139 0.405554
vt 0.425201 0.425241
vt 0.579705 1.0
vt 0.243053 0.709481
vt 0.625 0.075707
vt 0.37837 0.487127
vt 0.400201 0.7625
vt 0.37837 0.762873
vt 0.625 0.335136
vt 0.0625 0.821176
vt 0.393182 0.25
vt 0.595168 0.086667
vt 0.379545 0.247767
vt 0.377436 0.233333
vt 0.375 0.216667
vt 0.625 1.0
vt 0.39268 0.314144
vt 0.591049 0.472839
vt 0.550543 0.281433
vt 0.449457 0.281433
vt 0.384091 0.004466
vt 0.566887 0.403707
vt 0.590658 0.744927
vt 0.753118 0.75
vt 0.875 0.74031
vt 0.409139 0.844446
vt 0.125 0.51
vt 0.420285 0.883551
vt 0.43815 0.88171
vt 0.538482 0.779399
vt 0.567193 0.403503
vt 0.582289 0.394226
vt -0.0 1.0
vt 0.6 0.24
vt 0.625 0.24
vt 0.408769 0.308556
vt 0.408697 0.308917
vt 0.566887 0.283793
vt 0.566526 0.283721
vt 0.581983 0.293069
vt 0.417711 0.293274
vt 0.417507 0.29358
vt 0.591026 0.308249
vt 0.582493 0.39392
vt 0.591231 0.308556
vt 0.408769 0.378944
vt 0.417711 0.394226
vt 0.418017 0.394431
vt 0.593589 0.361643
vt 0.433113 0.403707
vt 0.591303 0.378583
vt 0.449096 0.281505
vt 0.591231 0.378944
vt 0.433113 0.283793
vt 0.432807 0.283997
vt 0.408974 0.379251
vt 0.406483 0.362005
vt 0.243053 1.0
vt 0.625 0.729463
vt 0.400726 0.793274
vt 0.375 0.770493
vt 0.375 0.479507
vt 0.375398 0.478464
vt 0.40238 0.386903
vt 0.420285 0.366449
vt 0.405972 0.372893
vt 0.448721 0.442574
vt 0.463092 0.375634
vt 0.445055 0.369194
vt 0.477981 0.381309
vt 0.565455 0.476198
vt 0.538482 0.470601
vt 0.586457 0.481691
vt 0.599606 0.485844
vt 0.512918 0.401642
vt 0.543767 0.42659
vt 0.568684 0.450688
vt 0.624995 0.254878
vt 0.625 0.269372
vt 0.617579 0.617128
vt 0.675836 0.478254
vt 0.675836 0.021746
vt 0.528269 0.341844
vt 0.51 0.25
vt 0.615592 0.606493
vt 0.605004 0.606493
vt 0.611326 0.61181
vt 0.625 0.878118
vt 0.625 0.717471
vt 0.354507 0.5
vt 0.615854 0.615704
vt 0.580294 0.419706
vt 0.348307 0.748497
vt 0.145268 0.75
vt 0.521746 0.175836
vt 0.824164 0.021746
vt 0.51 0.25
vt 0.944164 0.391068
vt 0.978254 0.324164
vt 0.944164 0.108932
vt 0.978254 0.175836
vt 0.891068 0.444164
vt 0.891068 0.055836
vt 0.021746 0.324164
vt 0.01 0.25
vt 0.021746 0.175836
vt 0.175836 0.021746
vt 0.444164 0.108932
vt 0.444164 0.391068
vt 0.175836 0.478254
vt 0.108932 0.444164
vt 0.391068 0.444164
vt 0.625 0.535714
vt 0.625 0.730784
vt 0.625 0.726913
vt 0.625 0.519216
vt 0.75 0.49
vt 0.625 0.732143
vt 0.625 0.517857
vt 0.841844 0.028269
vt 0.625 0.517857
vt 0.624802 0.010003
vt 0.658156 0.028269
vt 0.580294 0.080294
vt 0.53728 0.54942
vt 0.59335 0.553313
vt 0.589085 0.54942
vt 0.539552 0.553313
vt 0.375398 0.771536
vt 0.711724 0.106033
vt 0.409339 0.006728
vt 0.841844 0.471731
vt 0.379557 0.779747
vt 0.875 0.5
vt 0.419706 0.080294
vt 0.625 0.520537
vt 0.618322 0.990965
vt 0.375 0.205357
vt 0.375 0.044643
vt 0.600078 0.966282
vt 0.587555 0.469639
vt 0.607129 0.485703
vt 0.786309 0.4351
vt 0.8125 0.821176
vt 0.565605 0.442954
vt 0.568684 0.799312
vt 0.599606 0.764156
vt 0.778099 0.416486
vt 0.929621 0.187791
vt 0.600003 0.5
vt 0.593441 0.5
vt 0.418735 0.09375
vt 0.418735 0.100694
vt 0.375 0.100694
vt 0.375 0.09375
vt 0.593686 0.5
vt 0.58959 0.5
vt 0.589217 0.5
vt 0.595703 0.469435
vt 0.612379 0.489686
vt 0.594654 0.482441
vt 0.589105 0.5
vt 0.623892 0.502376
vt 0.639268 0.502395
vt 0.639676 0.503404
vt 0.590145 0.483278
vt 0.59377 0.5
vt 0.622999 0.501772
vt 0.62068 0.482769
vt 0.399726 0.500108
vt 0.59342 0.5
vt 0.875 0.505268
vt 0.875 0.508534
vt 0.591108 0.471492
vt 0.599147 0.495769
vt 0.597365 0.5
vt 0.623969 0.506326
vt 0.626452 0.506432
vt 0.613227 0.503216
vt 0.399997 0.5
vt 0.875 0.5
vt 0.592042 0.530132
vt 0.592042 0.524982
vt 0.600003 0.75
vt 0.590883 0.729664
vt 0.592042 0.729664
vt 0.584535 0.736534
vt 0.584535 0.735473
vt 0.584535 0.514527
vt 0.579457 0.513738
vt 0.579457 0.513466
vt 0.584535 0.513466
vt 0.418735 0.178819
vt 0.418735 0.185764
vt 0.375 0.185764
vt 0.375 0.178819
vt 0.418735 0.149306
vt 0.375 0.149306
vt 0.396276 0.494356
vt 0.39892 0.500263
vt 0.611168 0.25
vt 0.616461 0.249783
vt 0.407958 0.719867
vt 0.408255 0.725018
vt 0.407958 0.725018
vt 0.407958 0.719868
vt 0.592042 0.719867
vt 0.592042 0.725018
vt 0.591745 0.725018
vt 0.579457 0.736262
vt 0.573829 0.736534
vt 0.426171 0.736534
vt 0.420543 0.736262
vt 0.415465 0.735473
vt 0.409117 0.729664
vt 0.407958 0.530132
vt 0.408255 0.524982
vt 0.409117 0.520336
vt 0.415465 0.514527
vt 0.420543 0.513738
vt 0.426171 0.513466
vt 0.573829 0.513466
vt 0.590883 0.520336
vt 0.591745 0.524982
vt 0.592042 0.530132
vt 0.393935 0.490673
vt 0.611168 0.0
vt 0.566148 0.027778
vt 0.375 0.027778
vt 0.375 0.0
vt 0.420543 0.736534
vt 0.415465 0.736534
vt 0.579457 0.736534
vt 0.592042 0.520336
vt 0.375 0.25
vt 0.375 0.071181
vt 0.418735 0.071181
vt 0.407958 0.520336
vt 0.415465 0.513466
vt 0.426171 0.513466
vt 0.592042 0.514282
vt 0.418735 0.212153
vt 0.495446 0.212153
vt 0.495446 0.185764
vt 0.566148 0.185764
vt 0.566148 0.222222
vt 0.375 0.222222
vt 0.407958 0.524982
vt 0.375 0.064236
vt 0.566148 0.064236
vt 0.495446 0.064236
vt 0.495446 0.037847
vt 0.418735 0.037847
vt 0.418735 0.064236
vt 0.407958 0.729664
vt 0.420543 0.513466
vt 0.495446 0.09375
vt 0.495446 0.071181
vt 0.566148 0.071181
vt 0.566148 0.09375
vt 0.399997 0.75
vt 0.495446 0.100694
vt 0.566148 0.100694
vt 0.418735 0.15625
vt 0.375 0.15625
vt 0.566148 0.178819
vt 0.566148 0.15625
vt 0.566148 0.149306
vt 0.588564 0.736534
vt 0.591151 0.736534
vt 0.411436 0.513466
vt 0.408849 0.513466
vt 0.407958 0.733351
vt 0.407958 0.735718
vt 0.0 0.0
vt 0.592042 0.516649
vt 0.495446 0.15625
vt 0.495446 0.149306
vt 0.495446 0.178819
vt 0.625 0.0
vt 0.625 0.241465
vt 0.623947 0.244732
vt 0.622974 0.24875
vt 0.619372 0.7798
vt 0.392668 0.761277
vt 0.395502 0.7568
vt 0.611962 0.768236
vt 0.398686 0.749641
vt 0.604806 0.749638
vt 0.399668 0.749859
vt 0.601364 0.749851
vt 0.399997 0.75
vt 0.875 0.75
vt 0.375 1.0
vt 0.625 1.0
vt 0.611168 1.0
vt 0.125 0.75
vt 0.125 0.722222
vt 0.125 0.685764
vt 0.125 0.678819
vt 0.125 0.65625
vt 0.125 0.649306
vt 0.125 0.600694
vt 0.125 0.59375
vt 0.125 0.571181
vt 0.125 0.564236
vt 0.125 0.527778
vt 0.125 0.5
vn 0.8333 -0.2791 -0.4773
vn 0.8726 -0.1395 -0.468
vn 0.8322 -0.276 -0.4809
vn -0.6979 -0.5171 0.4955
vn -0.6997 -0.5131 0.4971
vn -0.6084 -0.6141 0.5027
vn -0.6964 -0.5198 -0.4949
vn -0.6959 -0.5147 -0.5009
vn -0.7793 -0.4009 -0.4816
vn -0.8819 0.0011 0.4713
vn -0.8733 -0.1395 0.4668
vn -0.8825 0.0002 0.4704
vn 0.9902 -0.1272 -0.0583
vn 0.9731 -0.1273 -0.1919
vn 0.9926 -0.1215 -0.0019
vn 0.9925 -0.1223 -0.0048
vn 0.9919 -0.1248 -0.0229
vn 0.9679 -0.1269 -0.2169
vn -0.9999 0.0171 -0.0
vn -0.0665 -0.3769 -0.9239
vn -0.0 -0.0 -1.0
vn 0.8203 0.5316 -0.211
vn 0.9068 0.3696 -0.2027
vn 0.6886 0.6943 -0.2091
vn 0.0665 0.3769 -0.9239
vn 1.0 -0.0 -0.0
vn -0.0 0.9239 0.3827
vn -0.0 0.9952 0.098
vn -1.0 -0.0 -0.0
vn 0.5878 -0.0 -0.809
vn 0.309 -0.0 -0.9511
vn 0.1228 0.6964 0.7071
vn 0.1604 0.9098 0.3827
vn -0.0 -0.5 -0.866
vn -0.0 -0.1305 -0.9914
vn -0.1736 -0.9848 -0.0
vn -0.1604 -0.9098 0.3827
vn 0.1736 0.9848 -0.0
vn 0.1604 0.9098 -0.3827
vn -0.9848 0.1736 -0.0
vn -0.9848 0.1737 -0.0
vn 0.9342 -0.0148 0.3565
vn 0.9086 -0.1602 0.3858
vn -0.8335 -0.276 -0.4786
vn -0.8813 -0.0 -0.4725
vn -0.8826 -0.0 -0.4702
vn -0.8339 0.2783 -0.4766
vn 0.9848 -0.1736 -0.0
vn -0.309 -0.0 -0.9511
vn -0.5878 -0.0 -0.809
vn -0.0 0.866 0.5
vn -0.0 0.9914 0.1305
vn -0.2067 -0.9784 0.0003
vn -0.2075 -0.9782 0.0002
vn -0.0 0.1305 -0.9914
vn -0.0 0.5 -0.866
vn 0.809 -0.0 0.5878
vn 0.5878 -0.0 0.809
vn -0.1381 0.0244 0.9901
vn -0.0723 0.3975 0.9147
vn 0.0665 0.3769 0.9239
vn -0.0 1.0 -0.0
vn -0.8203 -0.5316 -0.211
vn -0.9068 -0.3696 -0.2027
vn -0.6886 -0.6943 -0.2091
vn -0.0785 -0.0 0.9969
vn -0.309 -0.0 0.9511
vn -0.0 0.3827 0.9239
vn -0.0 0.098 0.9952
vn -0.1228 -0.6964 0.7071
vn -0.0665 -0.3769 0.9239
vn -0.8623 -0.4916 0.1216
vn -0.5 -0.866 -0.0
vn -0.4916 -0.8623 0.1216
vn 0.882 0.0012 -0.4713
vn -0.4958 -0.6935 0.5228
vn -0.2569 -0.8052 0.5344
vn -0.4954 -0.6983 0.5166
vn -0.1795 0.8819 -0.4359
vn -0.2195 0.6549 -0.7232
vn -0.0 -0.0 1.0
vn -0.7727 -0.4488 0.4488
vn -0.4488 -0.7727 0.4488
vn -0.4489 -0.4488 0.7727
vn -0.0463 0.9969 0.0633
vn -0.0696 0.9922 0.1037
vn -0.157 0.9539 0.2557
vn -0.2483 0.8752 0.4151
vn -0.809 -0.0 0.5878
vn -0.9511 -0.0 0.309
vn -0.8322 -0.276 0.4809
vn -0.8339 -0.2784 0.4766
vn -0.4964 -0.698 -0.5161
vn 0.8813 -0.0 0.4725
vn 0.8339 0.2783 0.4766
vn 0.8826 -0.0 0.4702
vn 0.8322 0.276 0.4809
vn 0.6977 0.5189 0.4939
vn 0.6959 0.5147 0.5009
vn 0.4964 0.698 0.5161
vn -0.1623 -0.9685 -0.1886
vn -0.3546 -0.9125 -0.2038
vn -0.3669 -0.9117 -0.1852
vn 0.1635 -0.9704 -0.1779
vn -0.1906 -0.9643 -0.184
vn -0.1965 -0.9642 -0.1779
vn -0.0 -0.866 -0.5
vn -0.0 -0.9914 -0.1305
vn -0.0729 -0.9821 -0.1734
vn -0.0972 -0.9816 -0.1644
vn 0.0868 0.4924 0.866
vn 0.3547 0.9125 -0.2038
vn 0.3669 0.9117 -0.1852
vn 0.1624 0.9685 -0.1886
vn 0.2573 -0.8024 0.5384
vn -0.0 -0.8406 0.5416
vn -0.0 -0.8392 0.5439
vn -0.0 0.8406 0.5416
vn -0.2573 0.8024 0.5384
vn -0.2569 0.8052 0.5344
vn 0.4958 0.6935 0.5228
vn 0.2569 0.8052 0.5344
vn 0.4964 0.698 -0.5161
vn 0.6959 0.5147 -0.5009
vn 0.6977 0.5189 -0.4939
vn -0.6977 0.5189 0.4939
vn -0.8322 0.276 0.4809
vn -0.8339 0.2783 0.4766
vn 0.6977 -0.5189 -0.4939
vn 0.6959 -0.5147 0.5009
vn 0.4964 -0.698 0.5161
vn 0.4958 -0.6935 0.5228
vn -0.4958 0.6935 -0.5228
vn -0.2569 0.8052 -0.5344
vn -0.4964 0.698 -0.5161
vn 0.2569 -0.8052 0.5344
vn 0.2573 0.8024 0.5384
vn -0.0 0.8406 -0.5416
vn 0.2573 0.8024 -0.5384
vn 0.2569 0.8052 -0.5344
vn -0.2573 0.8024 -0.5384
vn -0.2569 -0.8052 -0.5344
vn -0.4958 -0.6935 -0.5228
vn -0.4958 0.6935 0.5228
vn -0.4964 0.698 0.5161
vn 0.8339 0.2783 -0.4766
vn 0.8819 0.0011 -0.4713
vn 0.8322 -0.276 0.4809
vn 0.6977 -0.5189 0.4939
vn 0.8339 -0.2783 0.4766
vn 0.8322 0.276 -0.4809
vn -0.8322 0.276 -0.4809
vn -0.6977 0.5189 -0.4939
vn -0.6959 0.5147 -0.5009
vn 0.6959 -0.5147 -0.5009
vn 0.4964 -0.698 -0.5161
vn 0.4958 0.6935 -0.5228
vn -0.6959 0.5147 0.5009
vn 0.2573 -0.8024 -0.5384
vn -0.0 -0.8406 -0.5416
vn 0.2569 -0.8052 -0.5344
vn 0.4045 0.9145 -0.0
vn 0.2589 0.6623 -0.7031
vn -0.0433 0.7658 -0.6416
vn 0.3079 -0.0543 0.9499
vn 0.2448 -0.4123 0.8775
vn 0.2448 -0.4123 0.8776
vn 0.854 -0.4371 -0.2821
vn 0.839 -0.5223 -0.1527
vn -0.1604 -0.9098 -0.3827
vn -0.2597 -0.6651 0.7001
vn -0.2039 -0.3488 0.9147
vn -0.3242 -0.8958 0.3041
vn -0.3299 -0.8175 0.472
vn 0.043 0.3739 -0.9265
vn 0.0116 0.1011 -0.9948
vn 0.0054 0.0471 -0.9989
vn 0.0171 0.9999 -0.0
vn -0.2573 -0.8024 0.5384
vn 0.0032 0.003 -1.0
vn 0.0029 0.0032 -1.0
vn -0.0 0.8315 -0.5556
vn -0.1915 0.7157 0.6716
vn -0.245 0.4123 0.8775
vn -0.2742 -0.9617 -0.0
vn -0.2742 -0.8885 -0.368
vn -0.5878 -0.0 0.809
vn -0.0 0.3827 -0.9239
vn -0.0 0.7071 -0.7071
vn 0.1168 0.9932 -0.0
vn 0.0207 0.9252 0.3789
vn 0.0338 0.9994 -0.0
vn 0.809 -0.0 -0.5878
vn 0.9969 -0.0 0.0785
vn 0.9511 -0.0 0.309
vn -0.0 -1.0 -0.0
vn 0.8829 -0.3056 0.3565
vn -0.9914 -0.1305 -0.0
vn -0.9835 -0.128 0.128
vn -0.1381 0.0244 -0.9901
vn -0.2039 -0.3488 -0.9147
vn -0.4221 -0.5268 -0.7378
vn -0.4505 -0.6549 -0.6068
vn -0.0 -0.5 0.866
vn -0.0 -0.866 0.5
vn 0.4958 -0.6935 -0.5228
vn 0.854 -0.4371 0.2821
vn 0.8765 -0.3096 0.3687
vn -0.3714 -0.0 -0.9285
vn -0.3714 -0.3553 -0.8578
vn -0.0608 -0.9981 -0.0
vn -0.0 -0.9914 0.1305
vn -0.1305 -0.9914 -0.0
vn -0.0 -0.1305 0.9914
vn -0.1603 -0.9093 -0.3841
vn -0.0 0.9239 -0.3827
vn -0.0 0.9952 -0.098
vn 0.9778 -0.0761 -0.1953
vn 0.9076 -0.3641 -0.2092
vn 0.9775 -0.0962 -0.1876
vn -0.1216 -0.4916 0.8623
vn -0.4916 -0.1216 0.8623
vn -0.8623 -0.1216 0.4916
vn 0.1806 0.9836 -0.0
vn -0.5647 0.6349 0.5272
vn -0.5366 0.7941 0.2853
vn -0.0 0.5 0.866
vn -0.3101 -0.9507 -0.0
vn -0.297 -0.8765 0.3789
vn 0.0785 -0.0 -0.9969
vn -0.0 0.7071 0.7071
vn -0.0785 -0.0 -0.9969
vn -0.9969 -0.0 0.0785
vn -0.9969 -0.0 -0.0785
vn -0.0 0.1305 0.9914
vn -0.809 -0.0 -0.5878
vn 0.0972 -0.9816 -0.1644
vn 0.0961 -0.9817 -0.1644
vn -0.2573 -0.8024 -0.5384
vn -0.0518 -0.2936 -0.9545
vn 0.064 0.0113 0.9979
vn -0.0585 0.7062 0.7056
vn -0.2274 0.6738 0.7031
vn 0.1228 0.6964 -0.7071
vn -0.245 0.4123 -0.8775
vn -0.1915 0.7157 -0.6716
vn -0.1216 -0.8623 0.4916
vn -0.9658 -0.1714 -0.1947
vn -0.9775 -0.0962 -0.1876
vn -0.0 0.9914 -0.1305
vn -0.0 0.866 -0.5
vn -0.5716 0.8205 -0.0
vn -0.8904 0.4553 -0.0
vn -0.8597 0.2813 0.4264
vn -0.1247 -0.0 0.9922
vn 0.0729 0.9821 -0.1734
vn 0.0972 0.9816 -0.1644
vn -0.5179 -0.8271 -0.2185
vn -0.702 -0.6756 -0.2251
vn -0.9511 -0.0 -0.309
vn -0.964 0.1652 -0.2083
vn -0.9102 0.3563 -0.2111
vn -0.9076 0.3641 -0.2092
vn -0.1691 0.9705 -0.172
vn -0.0972 0.9816 -0.1644
vn -0.3669 0.9117 -0.185
vn 0.1737 0.9848 -0.0
vn 0.964 -0.1654 -0.2083
vn 0.9102 -0.3564 -0.2111
vn -0.9778 0.0761 -0.1953
vn -0.9775 0.0962 -0.1876
vn 0.5179 0.827 -0.2185
vn 0.7021 0.6756 -0.2251
vn -0.278 0.9606 -0.0
vn -0.2274 0.6738 -0.7031
vn -0.5254 0.5588 -0.6416
vn 0.9511 -0.0 -0.309
vn -0.0 -0.0651 0.9979
vn -0.9969 0.0789 -0.0
vn 0.1576 -0.9702 0.184
vn 0.3245 -0.9459 -0.0
vn 0.1635 -0.9704 0.1779
vn -0.5249 0.8267 -0.2024
vn -0.3488 0.9167 -0.1949
vn 0.9848 -0.1737 -0.0
vn 0.9999 -0.0171 -0.0
vn -0.9877 -0.0 -0.1564
vn -0.4989 -0.0 0.8666
vn -0.8739 -0.0 0.486
vn -0.1228 -0.6964 -0.7071
vn 0.0563 -0.0325 0.9979
vn 0.4091 0.5786 0.7056
vn 0.2589 0.6623 0.7031
vn -0.3714 0.9285 -0.0
vn -0.3714 0.8578 -0.3553
vn 0.0868 0.4924 -0.866
vn 0.008 0.7132 -0.7009
vn -0.0585 0.7062 -0.7056
vn -0.1093 0.994 -0.0
vn 0.7071 -0.7071 -0.0
vn -0.6574 -0.7535 -0.0
vn -0.6574 0.7535 -0.0
vn -0.4441 -0.5554 0.703
vn -0.0926 0.0535 0.9943
vn -0.3641 0.2102 0.9073
vn 0.9926 -0.1213 -0.0
vn -0.128 -0.128 0.9835
vn -0.0166 0.7138 0.7001
vn -0.0 -0.0001 -1.0
vn 0.9984 -0.056 -0.0
vn -0.0 -0.9239 0.3827
vn -0.0 -0.7071 0.7071
vn -0.0 0.9808 0.1951
vn -0.0 -0.9239 -0.3827
vn -0.0 -0.3827 -0.9239
vn -0.0 -0.3827 0.9239
vn -0.866 -0.5 -0.0
vn -0.3714 -0.3553 0.8578
vn -0.3714 -0.0 0.9285
vn -0.0 0.098 -0.9952
vn -0.0 -0.6588 -0.7523
vn -0.3714 -0.6565 -0.6565
vn -0.3714 -0.8578 -0.3553
vn -0.6067 0.3967 0.6889
vn -0.6562 0.1157 0.7456
vn -0.2742 0.368 0.8885
vn -0.2742 -0.0 0.9617
vn -0.2742 -0.68 -0.68
vn -0.7058 -0.1653 -0.6889
vn -0.6562 0.1157 -0.7456
vn -0.2742 -0.368 -0.8885
vn -0.2742 0.68 0.68
vn -0.2742 0.8885 0.368
vn -0.2742 -0.68 0.68
vn -0.2742 -0.8885 0.368
vn -0.2742 0.9617 -0.0
vn -0.2742 -0.368 0.8885
vn -0.2742 0.68 -0.68
vn -0.2742 0.8885 -0.368
vn -0.2742 -0.0 -0.9617
vn -0.2742 0.368 -0.8885
vn -0.3714 -0.8578 0.3553
vn -0.3714 -0.6565 0.6565
vn -0.3714 0.6565 0.6565
vn -0.3714 0.8578 0.3553
vn -0.3714 0.3553 0.8578
vn -0.3714 -0.9285 -0.0
vn -0.3714 0.6565 -0.6565
vn 0.309 -0.0 0.9511
vn 0.1141 -0.0658 0.9913
vn -0.2965 -0.6436 0.7056
vn -0.4605 -0.8099 -0.3635
vn -0.4247 -0.6071 -0.6716
vn -0.3299 0.5747 -0.7489
vn -0.3299 0.8175 -0.472
vn -0.3135 -0.6488 0.6934
vn -0.2583 -0.3355 0.9059
vn -0.0 -0.1951 0.9808
vn -0.0 0.9808 -0.1951
vn -0.1931 0.0341 0.9806
vn -0.128 0.4036 0.9059
vn -0.0 0.1951 -0.9808
vn -0.0 -0.7071 -0.7071
vn -0.0358 0.9262 0.3753
vn -0.0358 0.9262 0.3752
vn -0.0229 0.9997 -0.0
vn -0.0 -0.9808 0.1951
vn -0.0 0.8315 0.5556
vn -0.3299 0.2443 -0.9118
vn -0.3299 -0.1232 -0.9359
vn -0.0 0.1951 0.9808
vn 0.1965 0.9642 -0.1779
vn 0.1906 0.9643 -0.184
vn 0.3566 0.9343 -0.0
vn -0.3299 -0.2443 0.9118
vn -0.3299 0.1232 0.9359
vn -0.0 -0.8315 0.5556
vn -0.3299 -0.5747 0.7489
vn -0.3299 -0.472 -0.8175
vn -0.3242 -0.6237 -0.7112
vn -0.2403 0.5044 -0.8294
vn -0.007 -1.0 -0.0
vn -0.2923 0.7688 -0.5688
vn -0.3072 0.9192 0.2463
vn -0.1758 -0.3608 0.9159
vn -0.1801 -0.3499 0.9193
vn -0.1709 -0.3732 0.9119
vn 0.1603 0.9093 -0.3841
vn -0.2589 0.7611 -0.5948
vn -0.1973 0.5572 -0.8066
vn -0.1633 0.6238 -0.7643
vn -0.2589 0.3617 0.8956
vn -0.1973 0.0793 0.9771
vn -0.2923 0.3814 0.877
vn -0.1758 0.1455 -0.9736
vn -0.1801 0.1567 -0.9711
vn -0.185 0.1696 -0.968
vn 0.1865 -0.6836 -0.7056
vn 0.1297 0.0229 -0.9913
vn 0.2514 -0.6674 -0.7009
vn -0.3299 0.2443 -0.9119
vn -0.3072 -0.9192 -0.2463
vn 0.8829 -0.3056 -0.3565
vn 0.8612 -0.4289 -0.2728
vn -0.0358 0.9262 -0.3753
vn -0.0727 0.7169 -0.6934
vn 0.0789 0.9969 -0.0
vn -0.1806 -0.9836 -0.0
vn -0.2583 -0.3355 -0.9059
vn -0.3135 -0.6488 -0.6934
vn -0.1931 0.0341 -0.9806
vn -0.3505 -0.8581 -0.3753
vn -0.3505 -0.8581 0.3753
vn -0.0727 0.7169 0.6934
vn -0.9848 0.1736 -0.0001
vn -0.3634 -0.9316 -0.0
vn -0.128 0.4036 -0.9059
vn -0.1965 -0.9642 0.1779
vn -0.1906 -0.9643 0.184
vn -0.0868 -0.4924 -0.866
vn -0.4141 -0.073 0.9073
vn -0.7116 -0.5584 0.4264
vn -0.3026 -0.7048 0.6416
vn -0.1053 -0.0186 -0.9943
vn 0.064 0.0113 -0.9979
vn -0.3816 -0.9243 -0.0
vn -0.2965 -0.6436 -0.7056
vn -0.2364 -0.6729 -0.701
vn -0.1737 -0.9848 -0.0
vn -0.0868 -0.4924 0.866
vn -0.9041 0.0296 -0.4264
vn -0.3641 0.2102 -0.9073
vn -0.6849 -0.3454 -0.6416
vn -0.5897 -0.8076 -0.0
vn -0.4441 -0.5554 -0.703
vn -0.4777 0.7681 -0.4264
vn 0.0895 0.996 -0.0
vn -0.4777 0.7681 0.4264
vn -0.0433 0.7658 0.6416
vn -0.2364 -0.6729 0.701
vn -0.4427 -0.8967 -0.0
vn 0.1141 -0.0659 -0.9913
vn -0.6909 0.3989 -0.603
vn -0.866 0.5 -0.0
vn 0.4645 0.5412 0.701
vn 0.4091 0.5786 -0.7056
vn 0.5552 0.8317 -0.0
vn -0.3894 0.9211 -0.0
vn -0.6909 0.3989 0.603
vn -0.9924 -0.1233 -0.0
vn -0.0926 0.0535 -0.9943
vn 0.0563 -0.0325 -0.9979
vn 0.4645 0.5412 -0.701
vn -0.9041 0.0296 0.4263
vn -0.7857 -0.1385 -0.603
vn -0.8597 0.2813 -0.4264
vn 0.008 0.7132 0.7009
vn -0.0424 0.9991 -0.0
vn -0.6849 -0.3454 0.6416
vn -0.8178 -0.5755 -0.0
vn 0.9986 -0.0 -0.0523
vn 0.1297 0.0229 0.9913
vn -0.4141 -0.073 -0.9073
vn -0.7116 -0.5584 -0.4264
vn 0.0168 -0.7109 0.703
vn 0.1865 -0.6836 0.7056
vn 0.3019 -0.9534 -0.0
vn 0.2514 -0.6674 0.7009
vn -0.1053 -0.0186 0.9943
vn -0.5254 0.5588 0.6416
vn -0.9848 -0.1736 -0.0
vn 0.6097 0.7926 -0.0
vn -0.7857 -0.1385 0.603
vn 0.0168 -0.7109 -0.703
vn -0.2565 -0.9665 -0.0
vn -0.3026 -0.7048 -0.6416
vn -0.681 -0.7323 -0.0
vn 0.0674 -0.9977 -0.0
vn 0.2373 -0.9714 -0.0
vn 0.8193 -0.5309 -0.2164
vn 0.6689 -0.7086 -0.2247
vn 0.6839 -0.6972 -0.2151
vn -0.1616 0.9834 -0.0823
vn 1.0 -0.0051 -0.0
vn -0.4812 -0.8294 -0.2839
vn -0.4882 -0.8688 0.0823
vn -0.4882 -0.8689 0.0823
vn -0.4703 -0.7673 0.4359
vn -0.4303 -0.5403 0.7232
vn -0.2597 -0.6651 -0.7001
vn -0.297 -0.8765 -0.3789
vn -0.344 -0.9386 -0.0258
vn -0.3481 -0.9373 -0.0144
vn -0.3393 -0.9399 -0.0389
vn -0.1127 0.8517 0.5117
vn -0.0296 0.9684 0.2478
vn 0.0009 0.9458 0.3248
vn -0.3796 -0.662 0.6462
vn -0.3491 -0.8433 0.4087
vn -0.4083 -0.6324 0.6583
vn -0.0056 0.9805 -0.1963
vn -0.0096 0.9827 -0.1849
vn -0.0142 0.985 -0.1717
vn -0.0166 0.7138 -0.7001
vn -0.0723 0.3975 -0.9147
vn -0.317 -0.0283 -0.948
vn -0.1686 0.9439 0.2839
vn 0.9885 -0.1515 0.0024
vn 0.0207 0.9252 -0.3789
vn -0.2066 -0.9784 0.0003
vn 0.0033 0.003 -1.0
vn 0.1556 -0.9185 -0.3635
vn 0.143 -0.9897 -0.0
vn -0.0171 -0.9999 -0.0
vn -0.9775 -0.0964 -0.1876
vn -0.2882 0.135 0.948
vn -0.7058 -0.1653 0.6889
vn -0.7857 -0.6186 -0.0
vn -0.7759 -0.5627 -0.2853
vn 0.8416 -0.5402 -0.0
vn 0.8467 -0.5112 0.1477
vn -0.7478 -0.4035 -0.5272
vn -0.6067 0.3967 -0.6889
vn -0.5647 0.6349 -0.5272
vn 0.8467 -0.5112 -0.1477
vn 0.8467 -0.5113 -0.1477
vn 0.8612 -0.4289 0.2728
vn 0.8467 -0.5113 0.1477
vn -0.2029 0.4098 0.8893
vn -0.1487 0.7174 0.6807
vn -0.5268 0.85 -0.0
vn -0.5366 0.7941 -0.2853
vn -0.2029 0.4098 -0.8893
vn -0.1487 0.7174 -0.6807
vn -0.7478 -0.4035 0.5272
vn -0.7759 -0.5627 0.2853
vn 0.9705 0.1908 -0.1477
vn 0.9756 0.2198 -0.0
vn 0.9342 -0.0148 -0.3565
vn 0.9559 0.1085 -0.2728
vn -0.1124 0.9229 -0.3684
vn 0.9559 0.1085 0.2728
vn 0.3711 0.3037 0.8776
vn 0.4246 0.6071 0.6716
vn 0.9705 0.1908 0.1477
vn 0.9705 0.1908 0.1476
vn -0.0997 0.995 -0.0
vn 0.9086 -0.1602 -0.3858
vn -0.3851 -0.6233 0.6807
vn -0.4213 -0.8287 0.3684
vn -0.2669 0.0471 -0.9626
vn -0.2669 0.0471 0.9626
vn -0.434 -0.9009 -0.0
vn -0.1124 0.9229 0.3684
vn -0.6403 0.7681 -0.0
vn -0.6488 0.7198 0.2469
vn -0.3308 -0.3157 0.8893
vn 0.9295 -0.0088 -0.3687
vn 0.903 -0.1592 -0.399
vn 0.839 -0.5223 0.1527
vn 0.8337 -0.5522 -0.0
vn -0.3308 -0.3157 -0.8893
vn 0.8765 -0.3096 -0.3687
vn -0.3851 -0.6233 -0.6807
vn 0.9295 -0.0088 0.3687
vn 0.903 -0.1592 0.399
vn -0.6731 0.582 -0.4563
vn -0.6488 0.7198 -0.2469
vn -0.7523 0.1327 -0.6453
vn -0.7095 0.3758 -0.5962
vn 0.8765 -0.3096 0.3686
vn 0.952 0.1186 0.2822
vn 0.967 0.2038 0.1527
vn -0.8559 -0.4545 0.2469
vn -0.8644 -0.5028 -0.0
vn -0.1557 0.9185 0.3635
vn -0.7952 -0.1105 -0.5962
vn 0.9723 0.2337 -0.0
vn 0.967 0.2038 -0.1527
vn -0.7952 -0.1105 0.5962
vn -0.7523 0.1327 0.6453
vn -0.8316 -0.3167 0.4563
vn 0.952 0.1186 -0.2822
vn -0.6731 0.582 0.4563
vn -0.7095 0.3758 0.5962
vn -0.8559 -0.4545 -0.2469
vn 0.4729 0.8811 -0.0
vn 0.4603 0.8099 0.3635
vn -0.9739 -0.0525 0.2209
vn -0.9563 0.0473 0.2886
vn 0.3079 -0.0543 -0.9499
vn 0.3711 0.3037 -0.8776
vn 0.1913 -0.7157 -0.6716
vn 0.2448 -0.4123 -0.8776
vn -0.4213 -0.8287 -0.3684
vn -0.473 -0.8811 -0.0
vn 0.4603 0.8099 -0.3635
vn 0.4246 0.6071 -0.6716
vn -0.8972 0.3825 -0.2209
vn -0.9148 0.2827 -0.2886
vn -0.9355 0.165 0.3123
vn -0.9355 0.165 -0.3123
vn -0.9563 0.0473 -0.2886
vn -0.9148 0.2827 0.2886
vn -0.9739 -0.0525 -0.2209
vn -0.8972 0.3825 0.2209
vn -0.9856 -0.1192 -0.1195
vn -0.8854 0.4491 0.1195
vn -0.9898 -0.1426 -0.0
vn -0.8813 0.4726 -0.0
vn -0.9856 -0.1192 0.1195
vn -0.8854 0.4491 -0.1195
vn 0.1913 -0.7157 0.6716
vn 0.1556 -0.9185 0.3635
vn -0.1143 -0.9934 -0.0
vn -0.8316 -0.3167 -0.4563
vn -0.4605 -0.8099 0.3635
vn -0.4247 -0.6071 0.6716
vn -0.3712 -0.3036 -0.8775
vn -0.3081 0.0543 -0.9498
vn -0.1557 0.9185 -0.3635
vn -0.3081 0.0543 0.9498
vn -0.3712 -0.3036 0.8775
vn -0.1431 0.9897 -0.0
vn -0.9836 0.1806 -0.0
vn -0.1993 0.7695 0.6068
vn -0.2659 0.1117 0.9575
vn -0.0498 0.0173 0.9986
vn -0.0029 -0.0032 1.0
vn 0.1138 0.9887 -0.0977
vn 0.1143 0.9934 -0.0
vn 0.1504 0.9886 -0.0005
vn 0.1514 0.9885 -0.0004
vn -0.1783 -0.4538 0.8731
vn -0.2438 -0.4071 0.8802
vn -0.2861 -0.375 0.8818
vn -0.093 -0.3934 -0.9146
vn -0.0738 -0.4066 -0.9106
vn -0.1055 -0.3847 -0.917
vn -0.128 -0.9835 0.128
vn -0.8347 -0.2738 -0.4778
vn -0.1635 0.9704 -0.1779
vn -1.0 -0.0 -0.0001
vn 0.0804 0.6988 -0.7108
vn 0.0445 0.3865 -0.9212
vn -0.1635 0.9704 0.1779
vn -0.1576 0.9702 -0.184
vn -0.8193 0.5309 -0.2165
vn 0.525 -0.8267 -0.2024
vn -0.913 -0.3491 -0.2111
vn -0.0 0.8392 0.5439
vn -0.6839 0.6972 -0.2151
vn -0.0 0.8392 -0.5439
vn -0.0 -0.8392 -0.5439
vn 0.3669 -0.9117 -0.185
vn 0.9658 0.1714 -0.1947
vn 0.9775 0.0962 -0.1876
vn -0.3299 0.472 0.8175
vn 0.9775 0.0964 -0.1876
vn -0.9848 0.1737 0.0001
vn -0.9848 0.1737 -0.0001
vn 0.1692 -0.9705 -0.1719
vn -0.0789 -0.9969 -0.0
vn -0.096 0.9817 -0.1644
vn 0.5908 0.8068 -0.0
vn -0.9917 -0.0 0.1284
vn -0.0 -0.8315 -0.5556
vn -0.0 -0.1951 -0.9808
vn 0.1576 -0.9702 -0.184
vn 0.0155 0.9999 -0.0
vn 0.3489 -0.9167 -0.1949
vn -0.1685 0.9439 0.2839
vn 0.0785 -0.0 0.9969
vn 1.0 -0.0076 -0.0
vn 0.7071 0.7071 -0.0
vn 0.1055 0.9167 -0.3853
vn 0.0813 0.7062 -0.7034
vn 0.9969 -0.0 -0.0785
vn 0.1138 0.9886 -0.0984
vn 0.1057 0.9189 -0.38
vn -0.1576 0.9702 0.184
vn 0.1965 0.9642 0.1779
vn 0.1906 0.9643 0.184
vn 0.913 0.349 -0.2111
vn -0.6689 0.7086 -0.2248
vn -0.7071 -0.7071 -0.0
vn -0.7071 0.7071 -0.0
vn -0.0 0.0019 -1.0
vn -0.0 -0.5556 -0.8315
vn -0.9848 0.1736 0.0001
vn -0.185 -0.3371 0.9231
vn -0.1633 0.1581 0.9738
vn -0.1709 0.1327 -0.9763
vn -0.3714 0.3553 -0.8578
vn -0.1494 0.8361 0.5279
vn -0.3529 -0.9357 -0.0011
vn -0.3104 -0.8196 0.4817
vn -0.0011 0.9779 -0.2092
vn 0.1913 -0.7157 -0.6717
vn -0.3148 0.1331 0.9398
vn -0.1368 -0.4814 0.8658
vn -0.0612 -0.4151 -0.9077
vn 0.6428 0.766 0.0014
vn 0.8606 0.5002 -0.096
vn 0.6402 0.763 -0.0891
vn -0.7682 -0.0 -0.6402
vn 0.7951 0.4849 -0.3642
vn 0.6841 0.2078 -0.6992
vn 0.8922 0.2469 -0.3781
vn 0.0968 0.3892 -0.9161
vn 0.3263 0.6904 -0.6457
vn 0.3524 0.42 -0.8363
vn 0.9607 0.2595 -0.0986
vn 0.3432 0.9344 -0.096
vn 0.0884 0.9215 -0.3783
vn 0.0888 0.9912 -0.0985
vn 0.3665 0.1629 -0.9161
vn 0.6232 0.4412 -0.6457
vn 0.3394 0.8673 -0.3642
vn 0.086 0.7096 -0.6993
vn 0.6038 0.7196 -0.3428
vn 0.9128 0.161 -0.3752
vn 0.8607 0.509 0.0007
vn 0.0002 0.9238 -0.3828
vn -0.0 0.9952 -0.098
vn 0.0983 0.1172 -0.9882
vn -0.0 -0.0 -1.0
vn 0.3518 0.9361 0.0007
vn 0.0003 0.7073 -0.7069
vn 0.9842 0.1773 -0.0002
vn 0.9843 0.1767 -0.0005
vn 0.9846 0.1751 -0.0015
vn 0.9848 0.1738 -0.0001
vn 0.1405 -0.7967 -0.5878
vn 0.1021 -0.5789 -0.809
vn 0.1021 -0.5789 0.809
vn 0.0537 -0.3043 0.9511
vn -1.0 -0.0 -0.0
vn 0.9802 0.1728 -0.0969
vn 0.3957 0.0698 -0.9157
vn 0.707 0.1248 -0.6961
vn 0.9643 0.2649 -0.0
vn -0.0 0.0655 -0.9979
vn 0.0001 0.3833 -0.9236
vn -0.1731 0.9818 -0.0785
vn -0.1651 0.9366 -0.309
vn 0.1731 -0.9818 -0.0785
vn 0.1652 -0.9366 -0.309
vn 0.9848 0.1736 -0.0
vn 0.0934 0.9956 -0.0
vn 0.1075 0.019 -0.994
vn -0.7071 -0.0 0.7071
vn -0.1021 0.5789 -0.809
vn -0.0537 0.3043 -0.9511
vn 0.1731 -0.9818 0.0785
vn -0.1731 0.9818 0.0785
vn 0.0537 -0.3043 -0.9511
vn 0.0136 -0.0773 -0.9969
vn 0.1405 -0.7967 0.5878
vn -0.0136 0.0773 -0.9969
vn -0.1405 0.7967 0.5878
vn -0.1021 0.5789 0.809
vn 0.9848 0.1737 -0.0031
vn 0.9848 0.1737 -0.0002
vn 0.9847 0.174 -0.0025
vn -0.0857 0.9963 -0.0
vn -0.057 0.9984 -0.0
vn -0.1708 0.9853 -0.0
vn -0.1651 0.9366 0.309
vn -0.1405 0.7967 -0.5878
vn 0.0136 -0.0773 0.9969
vn -0.0537 0.3043 0.9511
vn -0.0136 0.0773 0.9969
vn 0.004 0.0007 1.0
vn -0.7682 -0.0 0.6402
vn -0.0 1.0 -0.0
vn 0.9848 0.1737 -0.0001
vn -0.7071 -0.0 -0.7071
vn 0.9846 0.1749 -0.0013
vn -0.0 -1.0 -0.0
vn 0.1765 -0.9843 -0.0
vn 0.059 -0.9983 -0.0
vn 0.0591 -0.9983 -0.0
vn 0.1652 -0.9366 0.309
vn -0.0 -0.0 1.0
vn 0.0859 0.0151 0.9962
vn 0.1072 0.0189 0.9941
vn 0.3952 0.0697 0.916
vn 0.3587 0.0632 0.9313
vn 0.7072 0.1247 0.696
vn 0.6857 0.1209 0.7177
vn 0.913 0.161 0.3748
vn 0.9067 0.1599 0.3902
vn 0.9802 0.1728 0.0969
vn 0.98 0.1728 0.0991
vn 1.0 -0.0 -0.0
vn -0.0 0.8944 -0.4472
vn -0.0 0.8944 0.4472
vn -0.4472 0.8944 -0.0
vn 0.4472 0.8944 -0.0
usemtl Housing
f 91/1/1 316/2/2 172/3/3
f 131/4/4 201/5/5 190/6/6
f 129/7/7 166/8/8 164/9/9
f 197/10/10 198/11/11 138/12/12
f 218/13/13 217/13/14 161/14/15
f 215/14/16 219/13/17 161/14/15
f 217/13/14 216/15/18 161/14/15
f 219/13/17 218/13/13 161/14/15
f 160/16/19 161/17/19 148/18/19
f 1324/19/20 1307/20/21 1308/21/20
f 86/22/22 48/23/23 45/24/24
f 1032/25/25 1033/26/25 1003/27/21
f 386/28/26 382/29/26 387/30/26
f 37/31/27 255/32/28 254/33/27
f 468/34/29 473/35/29 524/36/29
f 480/37/29 516/38/29 525/39/29
f 230/40/30 279/41/31 280/40/30
f 1023/42/32 1025/43/33 1024/44/33
f 343/45/34 62/46/35 69/47/34
f 978/48/36 979/49/36 981/50/37
f 1059/51/38 1061/52/39 1060/53/39
f 968/54/40 938/55/41 942/56/41
f 1139/57/42 1155/57/42 1154/58/43
f 132/59/44 175/60/45 137/61/46
f 175/60/45 140/62/47 137/61/46
f 859/63/48 854/63/48 868/64/48
f 1296/65/41 1300/66/40 1304/67/40
f 223/68/49 285/69/50 284/68/49
f 340/70/51 40/71/52 346/72/52
f 1447/73/53 1449/74/54 1450/75/54
f 348/76/55 79/77/56 74/78/55
f 297/79/57 309/80/58 298/81/58
f 922/58/59 923/82/59 925/83/60
f 1020/57/61 1021/83/61 1023/42/32
f 294/84/62 296/85/62 264/86/62
f 64/87/63 17/88/64 16/89/65
f 1056/44/33 1057/43/33 1059/51/38
f 288/90/66 305/91/67 290/92/67
f 55/93/68 253/94/69 30/95/69
f 1046/18/70 1047/96/70 1049/97/71
f 358/98/72 369/99/73 362/100/74
f 1083/101/20 1291/102/21 1082/102/21
f 72/103/75 316/2/2 91/1/1
f 192/104/76 124/105/77 127/106/78
f 873/21/79 875/107/80 874/108/80
f 159/109/81 128/86/81 121/86/81
f 360/110/82 363/111/83 366/112/84
f 371/113/85 373/114/86 372/86/87
f 373/114/86 374/115/88 372/86/87
f 348/76/55 62/46/35 341/116/35
f 292/117/89 302/118/90 293/119/90
f 846/120/38 847/121/38 845/63/38
f 1019/82/81 1021/83/61 1020/57/61
f 1414/43/33 1429/121/32 1413/42/32
f 199/122/91 131/4/4 134/123/92
f 126/124/93 166/8/8 129/7/7
f 203/125/94 51/126/95 87/127/96
f 205/128/97 22/129/98 51/126/95
f 202/130/99 18/131/100 22/129/98
f 105/132/101 94/133/102 13/134/103
f 155/18/104 142/14/105 148/18/106
f 410/135/107 405/136/107 403/137/108
f 104/138/109 13/134/103 10/139/110
f 1260/19/20 1243/20/21 1244/21/20
f 918/35/41 920/140/41 922/141/41
f 733/142/111 735/143/111 734/144/111
f 78/145/112 45/24/24 44/146/113
f 262/86/81 8/86/81 160/147/81
f 80/148/114 78/145/112 44/146/113
f 272/18/49 235/18/50 273/18/50
f 457/149/29 465/150/29 504/151/29
f 194/152/115 120/153/116 193/154/117
f 5/155/118 187/156/119 154/157/120
f 196/158/121 9/159/122 18/131/100
f 857/120/36 855/160/36 854/63/36
f 864/160/48 844/160/48 849/160/48
f 720/141/40 721/161/40 717/34/40
f 14/162/123 176/163/124 19/164/125
f 146/165/126 195/166/127 143/167/128
f 172/3/3 98/168/129 91/1/1
f 206/169/130 106/170/131 200/171/132
f 143/167/128 197/10/10 138/12/12
f 179/172/133 153/173/134 149/174/135
f 200/171/132 111/175/136 194/152/115
f 188/176/137 5/20/118 9/159/122
f 2/177/138 183/178/139 7/179/140
f 184/180/141 2/181/138 153/173/134
f 122/182/142 165/183/143 126/124/93
f 154/157/120 186/184/144 150/185/145
f 41/186/146 171/187/147 72/103/75
f 204/188/148 99/189/149 206/169/130
f 203/125/94 95/190/150 204/188/148
f 19/164/125 173/191/151 41/186/146
f 178/192/152 144/193/153 140/62/47
f 180/194/154 149/174/135 144/193/153
f 170/195/155 102/196/156 98/168/129
f 7/179/140 182/197/157 14/162/123
f 185/198/158 150/185/145 186/184/144
f 1274/25/25 1243/27/21 1259/199/21
f 174/200/159 116/201/160 108/202/161
f 762/49/162 756/107/163 758/107/164
f 1210/199/165 1241/25/166 1225/25/167
f 1164/108/168 1165/203/169 1181/203/169
f 328/204/21 333/205/21 331/206/21
f 1086/207/36 1294/208/170 1085/208/170
f 655/86/81 631/96/81 637/209/81
f 684/210/40 686/211/41 680/141/40
f 950/18/171 951/96/171 953/97/172
f 1272/53/39 1255/51/38 1256/52/39
f 686/211/41 688/212/41 680/141/40
f 603/213/173 605/96/174 604/18/174
f 217/13/175 210/18/176 216/15/177
f 135/86/178 250/214/178 163/215/178
f 191/216/179 120/153/116 124/105/77
f 1440/217/180 1439/218/181 1441/219/181
f 592/25/182 593/26/182 579/49/182
f 1365/121/183 1348/83/184 1349/42/183
f 452/48/185 449/203/186 519/220/186
f 659/221/21 663/221/21 660/222/21
f 590/63/29 592/25/29 578/48/29
f 291/223/187 303/224/89 292/117/89
f 336/225/26 323/226/26 325/226/26
f 77/227/188 261/228/189 81/229/189
f 134/123/92 198/11/11 199/122/91
f 31/86/190 15/18/190 8/86/190
f 1013/50/37 1015/96/70 1014/18/70
f 929/43/191 931/51/192 930/230/192
f 229/231/193 280/40/30 281/231/193
f 546/141/29 548/161/29 550/210/29
f 530/55/29 532/232/29 534/56/29
f 307/84/194 296/85/195 294/84/194
f 384/233/196 380/234/196 385/235/196
f 1432/236/40 1433/237/40 1420/232/40
f 1137/238/197 1154/58/43 1153/238/197
f 368/239/198 358/240/72 355/241/199
f 938/177/200 939/20/200 941/21/201
f 262/86/26 59/18/26 31/86/26
f 326/242/81 313/242/81 324/242/81
f 453/56/29 459/243/29 521/244/29
f 1314/97/71 1330/238/71 1329/18/70
f 343/245/34 63/246/107 342/247/107
f 879/213/202 881/96/203 880/18/203
f 135/86/81 152/86/81 151/86/81
f 416/149/29 422/248/29 420/249/29
f 401/250/204 413/251/205 402/252/205
f 631/96/81 630/253/81 637/209/81
f 207/14/21 123/254/21 208/14/21
f 169/255/206 108/202/161 102/196/156
f 164/9/9 132/59/44 129/7/7
f 439/112/29 506/256/29 505/257/29
f 136/18/21 155/18/21 148/18/21
f 1168/18/207 1185/238/208 1184/18/207
f 530/177/209 531/20/209 533/21/210
f 163/215/178 139/86/178 135/86/178
f 268/18/30 240/18/193 239/18/30
f 481/258/29 485/259/29 501/260/29
f 502/261/29 503/262/29 479/249/29
f 503/262/29 499/263/29 479/249/29
f 333/264/211 329/265/211 334/266/211
f 924/161/40 926/210/40 918/35/41
f 352/267/212 367/248/213 11/248/196
f 481/268/62 445/86/62 488/269/62
f 457/149/29 460/270/29 462/271/29
f 980/34/40 988/161/40 996/236/40
f 190/6/6 127/106/78 131/4/4
f 335/272/214 33/273/204 26/274/214
f 851/120/215 867/120/215 866/160/215
f 337/275/205 27/276/212 35/277/205
f 83/278/216 260/279/217 67/280/217
f 113/281/218 34/282/219 29/283/220
f 365/96/221 364/284/222 366/96/84
f 359/285/223 358/240/72 360/286/82
f 660/222/224 661/287/224 641/287/224
f 1124/121/225 1141/44/226 1140/121/225
f 340/288/51 339/289/227 53/290/227
f 915/49/228 917/50/229 916/291/229
f 237/18/230 267/18/31 238/18/31
f 340/288/51 53/290/227 47/292/51
f 156/86/19 125/18/19 128/86/19
f 851/120/36 849/160/36 848/63/36
f 465/293/231 474/294/27 471/295/231
f 236/18/49 271/18/232 232/18/232
f 300/296/233 93/297/234 289/298/233
f 336/299/235 53/290/227 339/289/227
f 235/18/50 274/18/236 273/18/50
f 207/14/21 208/14/21 209/300/21
f 104/138/109 32/301/237 100/302/238
f 388/303/62 378/164/62 389/304/62
f 293/119/90 300/296/233 289/298/233
f 116/201/160 167/305/239 122/182/142
f 835/249/240 836/248/240 839/18/240
f 802/82/241 800/96/242 818/96/243
f 463/141/29 467/161/29 455/34/29
f 1420/19/20 1419/177/21 1403/20/21
f 457/160/196 448/121/196 454/120/196
f 989/83/61 988/57/61 986/58/81
f 844/160/48 845/63/48 849/160/48
f 1113/26/25 1128/63/244 1112/306/244
f 1354/26/245 1370/25/245 1369/63/246
f 362/100/74 361/307/247 363/111/83
f 52/308/248 12/309/249 17/88/64
f 350/310/250 75/311/250 85/312/251
f 461/140/29 463/141/29 455/34/29
f 817/313/252 816/314/253 819/315/254
f 261/316/189 257/317/216 83/278/216
f 186/318/81 187/319/81 372/86/255
f 731/320/40 729/321/40 739/322/40
f 92/323/256 44/146/113 39/324/257
f 96/325/258 97/326/259 16/63/65
f 225/327/236 287/328/260 286/327/236
f 1/42/81 201/329/81 199/330/81
f 56/331/261 68/332/262 23/333/263
f 73/334/264 21/335/265 28/336/266
f 330/337/81 334/338/81 329/339/81
f 733/142/267 732/340/267 730/341/267
f 425/121/196 415/160/196 419/63/196
f 115/342/268 119/343/269 34/282/219
f 54/344/270 23/333/263 20/345/271
f 859/63/81 858/121/81 856/121/81
f 76/346/272 89/347/273 45/24/24
f 94/133/102 16/63/65 13/134/103
f 815/49/274 809/107/275 811/107/276
f 269/18/193 241/18/277 240/18/193
f 198/348/81 197/349/81 351/350/278
f 319/120/81 206/351/81 200/352/81
f 645/249/279 644/149/279 647/353/279
f 147/86/280 246/214/281 151/86/282
f 61/354/283 70/355/284 28/336/266
f 885/356/48 883/357/285 879/358/285
f 246/214/286 135/86/286 151/86/286
f 162/18/21 385/359/21 386/360/21
f 727/25/25 711/26/25 696/27/21
f 319/120/26 331/361/26 333/362/26
f 275/18/260 220/18/287 263/18/287
f 374/363/288 373/364/289 359/285/223
f 88/365/21 82/366/21 382/29/21
f 319/120/211 328/367/211 331/361/211
f 399/368/26 403/137/26 404/369/26
f 1113/26/25 1129/25/25 1128/63/244
f 483/370/29 487/210/29 529/371/29
f 397/372/62 395/373/62 396/372/62
f 55/93/68 256/374/231 252/375/68
f 421/108/62 424/86/62 426/18/62
f 402/252/205 411/376/212 400/377/212
f 1005/21/20 1007/107/290 1006/108/290
f 318/378/81 203/379/81 204/380/81
f 749/82/291 747/96/292 765/96/293
f 408/381/108 400/377/212 411/376/212
f 104/382/21 100/383/21 375/384/21
f 406/385/34 410/135/107 409/63/34
f 555/51/294 556/53/295 554/230/294
f 491/56/29 528/386/29 517/387/29
f 395/82/81 398/82/81 412/388/214
f 781/389/296 782/20/296 784/390/296
f 115/391/21 113/392/21 379/393/21
f 417/96/81 423/120/81 424/86/81
f 1247/49/36 1262/203/170 1246/394/170
f 425/121/21 421/248/21 426/18/21
f 795/108/297 796/107/298 798/49/299
f 1067/21/20 1276/395/20 1275/396/21
f 1002/177/21 1005/21/20 1004/19/20
f 379/393/300 385/235/300 380/234/300
f 438/397/301 420/63/301 437/398/301
f 433/399/302 418/400/302 434/401/302
f 772/42/303 769/82/304 771/82/305
f 209/14/306 215/14/16 161/14/15
f 357/402/307 374/363/288 364/284/222
f 466/403/68 471/295/231 470/404/68
f 956/57/60 959/42/308 958/121/308
f 377/405/21 378/406/21 57/407/21
f 429/249/21 432/408/21 435/409/21
f 125/18/21 157/410/21 117/18/21
f 460/293/81 454/120/81 451/411/81
f 488/269/189 485/259/189 481/258/189
f 71/412/21 73/413/309 378/406/21
f 448/121/81 479/63/81 476/121/81
f 314/226/310 313/242/310 315/242/310
f 433/408/21 420/249/21 422/248/21
f 319/120/81 318/378/81 206/351/81
f 468/291/311 503/414/312 473/18/312
f 462/293/27 451/411/313 474/294/27
f 93/297/234 287/328/260 226/328/260
f 468/291/311 500/415/196 499/416/311
f 326/242/81 315/242/81 313/242/81
f 459/243/314 500/417/196 464/417/196
f 25/418/21 28/419/21 20/345/21
f 444/20/21 447/19/315 441/177/21
f 135/86/81 139/86/81 152/86/81
f 502/420/316 473/18/312 503/414/312
f 483/57/68 504/421/81 505/422/68
f 343/245/34 69/47/34 63/246/107
f 416/149/29 418/112/29 422/248/29
f 494/306/189 495/25/188 493/63/189
f 527/423/29 529/371/29 487/210/29
f 368/239/198 370/108/317 358/240/72
f 544/238/318 547/82/319 546/58/319
f 10/424/21 13/425/21 12/309/21
f 492/52/216 493/63/189 491/53/216
f 497/426/21 485/259/21 486/427/21
f 251/428/21 249/429/21 259/430/320
f 459/243/314 509/56/321 508/243/314
f 786/142/111 788/143/111 787/144/111
f 1086/207/36 1296/65/37 1295/207/36
f 171/431/21 317/432/21 316/433/21
f 513/63/196 476/121/196 479/63/196
f 534/108/322 537/394/323 536/203/323
f 721/57/61 720/58/81 704/82/81
f 1123/57/324 1138/58/325 1122/58/325
f 467/57/326 516/434/327 526/435/326
f 519/220/186 446/108/328 521/436/328
f 452/48/185 519/220/186 515/437/185
f 1115/19/329 1131/19/329 1130/177/330
f 443/19/331 521/436/328 446/108/328
f 469/121/332 527/438/333 472/44/333
f 458/18/334 518/439/335 524/440/334
f 518/439/335 452/48/185 515/437/185
f 475/230/336 472/44/333 527/438/333
f 525/441/337 458/18/334 524/440/334
f 482/63/338 528/442/339 523/443/338
f 514/444/340 484/25/341 520/445/341
f 528/442/339 475/230/336 517/446/336
f 541/50/342 542/18/343 540/291/342
f 1389/56/40 1390/243/40 1391/417/40
f 551/42/344 552/44/345 550/121/344
f 548/57/346 551/42/344 550/121/344
f 475/230/336 527/438/333 517/446/336
f 546/58/319 549/83/346 548/57/346
f 532/19/210 535/107/322 534/108/322
f 538/48/347 541/50/342 540/291/342
f 553/43/345 554/230/294 552/44/345
f 172/447/21 316/433/21 317/432/21
f 384/233/196 375/384/196 380/234/196
f 545/97/318 542/18/343 543/96/343
f 556/53/295 559/306/348 558/63/348
f 309/80/58 308/448/349 299/449/349
f 748/58/350 749/82/291 751/42/351
f 918/18/171 921/97/172 920/238/172
f 1258/26/25 1273/63/244 1257/306/244
f 1358/203/352 1341/107/353 1342/394/352
f 312/450/286 159/109/286 313/242/286
f 623/26/354 620/63/355 621/306/355
f 676/18/356 677/96/356 679/97/357
f 564/291/314 567/96/196 566/18/196
f 571/51/358 568/238/358 569/97/358
f 1290/451/40 1097/452/40 1096/453/40
f 574/63/62 577/26/359 576/25/359
f 681/82/360 683/83/361 682/57/361
f 213/454/41 114/455/40 212/456/40
f 576/25/362 563/49/362 562/48/362
f 580/291/315 583/96/363 582/18/363
f 686/44/364 687/43/365 689/51/366
f 567/96/196 568/238/367 566/18/196
f 1269/121/32 1268/57/61 1252/83/61
f 590/63/231 593/26/368 592/25/368
f 594/177/369 597/21/370 596/19/370
f 591/306/231 588/53/68 589/52/68
f 586/230/371 589/52/68 588/53/68
f 157/410/372 145/18/373 243/457/374
f 608/58/375 611/83/376 610/57/376
f 1397/121/32 1380/83/61 1381/42/32
f 585/97/377 586/230/377 584/238/377
f 576/25/29 562/48/29 570/230/29
f 605/96/174 606/238/378 604/18/174
f 514/444/340 440/199/340 484/25/341
f 1272/53/39 1271/230/38 1255/51/38
f 443/19/331 522/458/331 521/436/328
f 598/108/379 601/459/380 600/460/380
f 874/108/80 877/459/381 876/460/381
f 638/461/382 637/209/382 636/461/382
f 618/53/383 621/306/355 620/63/355
f 625/230/384 627/52/384 626/53/384
f 570/230/368 573/52/27 572/53/27
f 603/213/385 628/291/386 629/50/387
f 846/120/388 864/160/388 865/120/388
f 619/52/389 626/53/390 627/52/391
f 615/43/392 625/44/393 614/44/394
f 601/459/395 617/203/396 600/460/397
f 283/462/62 284/68/62 276/297/62
f 658/463/81 661/287/81 662/463/81
f 808/306/398 793/199/399 807/63/400
f 634/120/36 632/464/36 635/121/36
f 622/25/354 595/27/401 594/199/369
f 277/465/62 282/466/62 279/41/62
f 306/467/62 307/84/62 300/296/62
f 646/468/81 653/469/81 649/469/81
f 629/50/402 617/243/402 616/470/402
f 647/353/21 652/471/21 651/353/21
f 1131/19/403 1148/108/404 1147/19/403
f 301/90/62 306/467/62 300/296/62
f 1414/43/33 1430/44/33 1429/121/32
f 690/53/405 693/306/406 692/63/406
f 651/353/407 646/468/407 647/353/407
f 653/469/279 651/353/279 652/471/279
f 394/18/21 404/369/35 396/372/21
f 305/91/62 301/90/62 300/296/62
f 662/463/408 659/221/408 658/463/408
f 649/469/279 631/112/279 633/248/279
f 864/160/21 867/120/21 865/120/21
f 562/48/29 566/18/29 570/230/29
f 667/21/409 668/108/410 666/19/409
f 689/51/366 690/53/405 688/230/366
f 664/177/411 667/21/409 666/19/409
f 668/108/410 671/394/412 670/203/412
f 681/82/360 678/238/357 679/97/357
f 686/44/364 689/51/366 688/230/366
f 675/50/413 676/18/356 674/291/413
f 625/230/384 624/51/384 627/52/384
f 685/42/414 686/44/364 684/121/414
f 1387/55/41 1388/232/415 1389/56/40
f 683/83/361 684/121/414 682/57/361
f 681/82/360 682/57/361 680/58/360
f 676/18/356 679/97/357 678/238/357
f 671/394/412 672/48/416 670/203/412
f 129/472/21 149/473/21 126/474/21
f 692/63/406 695/26/417 694/25/417
f 2/55/21 7/475/21 116/141/21
f 1115/19/329 1130/177/330 1114/177/330
f 1401/237/41 1387/55/41 1395/141/40
f 709/52/39 724/230/38 708/51/38
f 720/58/81 703/97/71 704/82/81
f 458/18/334 455/291/335 518/439/335
f 703/97/71 718/18/70 702/96/70
f 152/86/418 141/86/419 147/86/280
f 710/306/244 725/53/39 709/52/39
f 792/476/420 781/477/420 791/478/420
f 723/44/33 706/42/32 707/43/33
f 714/108/290 699/394/170 715/203/170
f 824/479/421 826/480/422 827/481/423
f 700/49/36 715/203/170 699/394/170
f 808/306/398 812/27/424 794/27/425
f 404/369/26 394/18/26 399/368/26
f 721/57/61 704/82/81 705/83/61
f 752/230/426 755/306/427 754/63/428
f 127/482/81 146/483/81 131/484/81
f 728/389/296 731/390/296 730/341/296
f 591/306/231 590/63/231 588/53/68
f 739/476/429 736/485/429 737/486/429
f 734/144/430 737/486/430 736/485/430
f 9/487/81 5/321/81 111/488/81
f 779/489/431 760/490/432 780/491/433
f 1123/57/61 1106/82/81 1107/83/61
f 106/492/81 9/487/81 111/488/81
f 775/51/434 780/306/433 778/306/435
f 760/490/432 757/493/436 758/494/164
f 764/313/437 766/315/438 767/495/439
f 756/107/163 760/496/432 758/107/164
f 748/58/350 751/42/351 750/121/440
f 753/51/441 772/42/303 775/51/434
f 755/306/427 740/199/442 754/63/428
f 786/142/111 787/144/111 785/340/111
f 757/493/436 761/497/443 768/498/444
f 747/96/292 748/58/350 746/18/445
f 743/107/446 762/49/162 745/49/447
f 763/314/448 757/493/436 768/498/444
f 764/313/437 757/493/436 763/314/448
f 771/479/305 766/315/438 770/499/449
f 766/315/438 763/314/448 768/498/444
f 762/49/162 767/96/439 765/96/293
f 780/491/433 776/500/450 779/489/431
f 770/499/449 766/315/438 768/498/444
f 778/306/435 760/501/432 759/27/451
f 741/20/452 742/108/453 740/177/442
f 773/480/454 770/499/449 768/498/444
f 786/142/267 783/341/267 784/390/267
f 811/494/276 814/497/455 810/493/456
f 776/500/450 773/480/454 768/498/444
f 798/49/299 799/18/457 797/48/458
f 774/481/459 776/500/450 777/502/460
f 779/489/431 776/500/450 768/498/444
f 775/51/434 774/503/459 777/51/460
f 774/481/459 770/499/449 773/480/454
f 761/497/443 779/489/431 768/498/444
f 772/42/303 771/82/305 774/503/459
f 743/107/446 759/20/451 756/107/163
f 765/96/293 771/82/305 769/82/304
f 781/389/296 784/390/296 783/341/296
f 747/96/292 762/49/162 765/96/293
f 753/51/441 778/306/435 755/306/427
f 741/27/452 778/306/435 759/27/451
f 795/108/297 798/49/299 797/48/458
f 749/82/291 772/42/303 751/42/351
f 749/82/291 765/96/293 769/82/304
f 751/42/351 752/230/426 750/121/440
f 793/177/399 796/107/298 795/108/297
f 787/144/430 790/486/430 789/485/430
f 812/20/424 811/107/276 809/107/275
f 739/476/420 728/477/420 738/478/420
f 792/322/40 790/504/40 788/356/40
f 257/505/26 261/506/26 221/18/461
f 800/96/242 801/58/462 799/18/457
f 813/490/463 832/489/464 814/497/455
f 727/25/25 696/27/21 712/199/21
f 825/42/465 824/82/421 827/503/423
f 804/42/466 805/230/467 803/121/468
f 309/80/62 310/507/62 311/508/62
f 805/230/467 808/306/398 807/63/400
f 822/82/469 820/96/470 824/82/421
f 810/493/456 814/497/455 821/498/471
f 743/107/446 744/48/472 742/108/453
f 824/479/421 819/315/254 823/499/473
f 816/314/253 810/493/456 821/498/471
f 810/493/456 817/313/252 811/494/276
f 796/107/298 815/49/274 798/49/299
f 819/315/254 816/314/253 821/498/471
f 831/306/474 830/51/475 833/306/476
f 817/313/252 819/315/254 820/495/470
f 823/499/473 819/315/254 821/498/471
f 815/49/274 820/96/470 818/96/243
f 744/48/472 747/96/292 746/18/445
f 826/480/422 823/499/473 821/498/471
f 794/20/425 809/107/275 796/107/298
f 350/310/250 85/312/251 347/509/251
f 829/500/477 826/480/422 821/498/471
f 825/42/465 830/51/475 828/51/478
f 800/96/242 815/49/274 818/96/243
f 832/489/464 829/500/477 821/498/471
f 804/42/466 822/82/469 825/42/465
f 1354/26/245 1369/63/246 1353/306/246
f 814/497/455 832/489/464 821/498/471
f 812/27/424 833/306/476 813/501/463
f 830/502/475 832/489/464 833/491/476
f 594/177/369 595/20/401 597/21/370
f 837/120/36 835/63/36 838/121/36
f 706/42/32 721/57/61 705/83/61
f 802/82/241 818/96/243 822/82/469
f 1111/52/39 1126/230/38 1110/51/38
f 806/51/479 825/42/465 828/51/478
f 110/510/480 107/511/481 36/512/482
f 835/249/240 839/18/240 838/121/240
f 851/120/36 848/63/36 850/121/36
f 841/96/32 843/513/32 842/514/32
f 835/249/40 840/515/40 836/248/40
f 262/86/62 288/90/62 290/92/62
f 841/516/38 839/18/38 836/108/38
f 263/18/62 289/298/62 93/297/62
f 924/57/60 927/42/308 926/121/308
f 843/513/81 834/42/81 837/120/81
f 852/160/21 857/120/21 853/120/21
f 264/86/62 299/449/62 295/467/62
f 915/49/228 916/291/229 914/48/228
f 871/20/483 872/19/79 870/177/483
f 672/48/416 675/50/413 674/291/413
f 853/120/38 868/517/38 852/160/267
f 637/209/484 635/121/484 636/461/484
f 365/112/221 366/112/84 363/111/83
f 1086/207/36 1087/65/37 1296/65/37
f 851/120/215 866/160/215 849/160/215
f 850/121/81 845/63/81 847/121/81
f 660/222/224 641/287/224 640/222/224
f 882/238/485 885/82/486 884/58/487
f 359/285/223 360/286/82 366/400/84
f 879/213/202 880/18/203 878/518/202
f 224/69/62 274/18/62 225/327/62
f 275/18/62 263/18/62 226/328/62
f 466/403/68 470/404/68 445/86/371
f 887/83/488 888/121/489 886/57/488
f 90/18/26 323/226/26 350/519/26
f 884/58/487 887/83/488 886/57/488
f 879/358/285 877/520/48 891/521/48
f 916/291/229 919/96/171 918/18/171
f 911/107/490 912/203/491 910/108/490
f 879/213/492 904/291/493 905/50/494
f 808/306/398 828/51/478 831/306/474
f 895/52/495 902/53/496 903/52/497
f 891/43/498 901/44/499 890/44/500
f 877/459/501 893/203/502 876/460/503
f 482/63/338 520/445/341 484/25/341
f 344/522/26 325/226/26 317/432/26
f 911/107/490 908/19/201 909/21/201
f 346/72/52 75/311/250 350/310/250
f 935/306/504 936/25/505 934/63/504
f 893/243/506 905/50/506 904/34/506
f 1038/108/290 1041/394/170 1040/203/170
f 898/25/507 871/27/483 870/199/483
f 1439/218/508 1440/217/508 1444/523/508
f 996/53/39 999/306/244 998/63/244
f 937/26/505 906/199/200 936/25/505
f 1076/42/32 1284/524/61 1075/83/61
f 929/43/191 930/230/192 928/44/191
f 529/525/332 467/57/326 526/435/326
f 270/18/62 269/18/62 228/466/62
f 513/63/196 510/121/196 476/121/196
f 443/19/331 514/526/340 522/458/331
f 964/53/509 967/306/504 966/63/504
f 938/177/200 941/21/201 940/19/201
f 941/21/201 942/108/490 940/19/201
f 942/108/490 945/394/491 944/203/491
f 544/238/318 545/97/318 547/82/319
f 962/230/192 965/52/509 964/53/509
f 959/42/308 960/44/191 958/121/308
f 496/26/188 441/199/21 495/25/188
f 947/49/228 948/291/229 946/48/228
f 1447/73/53 1450/75/54 1448/527/510
f 972/19/20 975/107/290 974/108/290
f 1060/53/39 1063/306/244 1062/63/244
f 950/18/171 953/97/172 952/238/172
f 949/50/229 950/18/171 948/291/229
f 944/203/491 947/49/228 946/48/228
f 527/423/29 490/232/29 517/387/29
f 1010/48/429 1013/50/37 1012/291/37
f 1394/238/71 1393/18/70 1377/96/70
f 1419/199/21 1434/25/25 1418/26/25
f 1013/50/37 1014/18/70 1012/291/37
f 971/27/21 1000/25/25 1001/26/25
f 977/394/170 978/48/36 976/203/170
f 1006/108/290 1009/394/170 1008/203/170
f 995/51/38 996/53/39 994/230/38
f 992/44/33 995/51/38 994/230/38
f 432/399/302 428/400/302 431/401/302
f 961/43/191 962/230/192 960/44/191
f 1440/217/180 1441/219/181 1442/528/511
f 1009/394/170 1010/48/429 1008/203/170
f 985/97/71 986/58/81 984/238/71
f 981/50/37 982/18/70 980/291/37
f 1055/42/32 1056/44/33 1054/121/32
f 983/96/70 984/238/71 982/18/70
f 1005/21/20 1006/108/290 1004/19/20
f 435/529/29 438/530/29 419/249/29
f 492/52/216 494/306/189 493/63/189
f 974/108/290 977/394/170 976/203/170
f 1092/531/32 1093/532/33 1302/532/33
f 490/232/29 491/56/29 517/387/29
f 918/35/41 926/210/40 934/237/40
f 1019/82/81 1020/57/61 1018/58/81
f 410/135/107 403/137/108 408/381/108
f 1041/394/170 1042/48/36 1040/203/170
f 1014/18/70 1017/97/71 1016/238/71
f 1020/57/61 1023/42/32 1022/121/32
f 349/533/56 85/312/251 79/77/56
f 489/55/29 490/232/29 527/423/29
f 1027/51/38 1028/53/39 1026/230/38
f 1221/44/512 1238/230/513 1237/44/512
f 1046/18/70 1049/97/71 1048/238/71
f 1326/203/170 1325/108/290 1309/107/290
f 1049/97/71 1050/58/81 1048/238/71
f 46/86/514 121/86/514 128/86/514
f 339/534/26 340/535/26 323/226/26
f 1034/177/21 1037/21/20 1036/19/20
f 54/536/270 12/309/249 50/537/515
f 1080/306/244 1288/538/39 1079/52/39
f 483/57/68 480/58/81 504/421/81
f 93/297/234 276/297/234 287/328/260
f 1056/44/33 1059/51/38 1058/230/267
f 314/226/310 312/226/310 313/242/310
f 1031/306/244 1032/25/25 1030/63/244
f 1052/57/61 1055/42/32 1054/121/32
f 1051/82/81 1052/57/61 1050/58/81
f 999/306/244 1000/25/25 998/63/244
f 1059/51/38 1060/53/39 1058/230/267
f 325/226/21 312/226/21 314/226/21
f 1124/121/32 1107/83/61 1108/42/32
f 459/243/29 519/539/29 521/244/29
f 988/57/61 991/42/32 990/121/32
f 1281/540/70 1071/50/37 1072/96/70
f 714/108/290 697/21/20 698/107/290
f 1275/541/21 1081/26/25 1066/27/21
f 1286/542/33 1076/42/32 1077/43/33
f 1280/543/37 1070/49/36 1071/50/37
f 1287/544/38 1077/43/33 1078/51/38
f 1068/107/290 1276/395/20 1067/21/20
f 912/203/491 915/49/228 914/48/228
f 373/364/289 355/241/199 359/285/223
f 1282/545/71 1072/96/70 1073/97/71
f 1115/19/20 1100/107/290 1116/108/290
f 1044/34/40 1052/161/40 1060/236/40
f 1283/546/81 1073/97/71 1074/82/81
f 1089/547/71 1299/548/81 1298/547/71
f 830/502/475 829/500/477 832/489/464
f 1116/108/290 1101/394/170 1117/203/170
f 1119/291/37 1104/96/70 1120/18/70
f 1128/63/244 1111/52/39 1112/306/244
f 1126/230/38 1109/43/33 1110/51/38
f 1105/97/71 1121/238/71 1120/18/70
f 930/230/192 933/52/509 932/53/509
f 1114/177/21 1099/21/20 1115/19/20
f 1103/50/37 1118/48/36 1102/49/36
f 901/230/516 903/52/516 902/53/516
f 305/91/67 291/223/187 290/92/67
f 1098/27/21 1129/25/25 1113/26/25
f 1105/97/71 1120/18/70 1104/96/70
f 1121/238/517 1138/58/325 1137/238/517
f 1106/82/81 1121/238/71 1105/97/71
f 1118/48/518 1133/203/519 1117/203/519
f 1134/48/520 1151/291/521 1150/48/520
f 1069/394/170 1277/549/290 1068/107/290
f 1279/550/36 1069/394/170 1070/49/36
f 1116/108/522 1131/19/329 1115/19/329
f 1129/25/523 1144/63/524 1128/63/524
f 1133/203/519 1116/108/522 1117/203/519
f 830/502/475 826/480/422 829/500/477
f 1134/48/520 1149/203/525 1133/203/526
f 1136/18/527 1151/291/521 1135/291/528
f 342/247/107 58/551/108 344/552/108
f 1129/25/523 1130/199/330 1145/25/523
f 1155/57/529 1172/121/530 1171/57/529
f 1125/44/226 1142/230/531 1141/44/226
f 1132/108/404 1149/203/525 1148/108/404
f 1126/230/531 1143/53/532 1142/230/531
f 1400/53/39 1383/51/38 1384/52/39
f 1161/25/533 1176/63/534 1160/63/534
f 1128/63/524 1143/53/532 1127/53/532
f 1120/18/535 1135/291/536 1119/291/536
f 1118/48/518 1135/291/536 1134/48/518
f 1143/53/537 1158/230/538 1142/230/538
f 1145/25/539 1160/63/540 1144/63/540
f 1159/53/541 1176/63/534 1175/53/541
f 1136/18/527 1153/238/197 1152/18/527
f 1139/57/42 1156/121/542 1155/57/42
f 1124/121/225 1139/57/324 1123/57/324
f 1211/19/543 1228/108/544 1227/19/543
f 436/397/301 429/63/301 435/398/301
f 1139/57/42 1154/58/43 1138/58/43
f 1157/44/545 1140/121/542 1141/44/546
f 1144/63/540 1159/53/537 1143/53/537
f 1159/53/541 1174/230/547 1158/230/547
f 1145/25/539 1146/199/548 1161/25/539
f 1152/18/549 1167/291/550 1151/291/550
f 184/553/21 109/18/21 181/554/21
f 1131/19/403 1146/177/548 1130/177/548
f 1142/230/538 1157/44/545 1141/44/546
f 504/151/29 465/150/29 505/257/29
f 637/209/484 634/120/484 635/121/484
f 1161/25/533 1162/199/551 1177/25/533
f 1155/57/529 1170/58/552 1154/58/552
f 1151/291/550 1166/48/553 1150/48/553
f 1157/44/554 1172/121/530 1156/121/530
f 1190/230/555 1205/44/556 1189/44/556
f 1153/238/557 1170/58/552 1169/238/557
f 1177/25/558 1178/199/559 1193/25/558
f 1167/291/560 1182/48/561 1166/48/561
f 1164/108/168 1181/203/169 1180/108/168
f 1147/19/562 1162/177/551 1146/177/551
f 1180/108/168 1163/19/563 1164/108/168
f 1148/108/564 1163/19/562 1147/19/562
f 1171/57/565 1186/58/566 1170/58/566
f 1192/63/567 1207/53/568 1191/53/568
f 1152/18/549 1169/238/557 1168/18/549
f 1178/199/569 1209/25/570 1193/25/570
f 1169/238/571 1186/58/566 1185/238/208
f 1172/121/572 1189/44/573 1188/121/572
f 1183/291/574 1198/48/575 1182/48/575
f 1350/43/576 1365/121/183 1349/42/183
f 1179/19/577 1194/177/569 1178/177/569
f 1174/230/578 1191/53/579 1190/230/578
f 1190/230/578 1173/44/573 1174/230/578
f 329/555/29 327/556/29 352/267/29
f 1165/203/169 1182/48/561 1181/203/169
f 1184/18/207 1167/291/560 1168/18/207
f 336/299/235 43/557/235 53/290/227
f 1185/238/580 1202/58/581 1201/238/580
f 1191/53/568 1206/230/555 1190/230/555
f 136/18/178 161/17/178 162/558/178
f 1192/63/567 1209/25/570 1208/63/567
f 992/44/33 993/43/33 995/51/38
f 1185/238/580 1200/18/582 1184/18/582
f 1184/18/582 1199/291/574 1183/291/574
f 1175/53/579 1192/63/583 1191/53/579
f 805/230/467 806/51/479 808/306/398
f 555/51/294 557/52/295 556/53/295
f 361/307/247 352/267/212 354/559/205
f 1188/121/584 1203/57/585 1187/57/585
f 1182/48/575 1198/48/575 1197/203/586
f 133/18/178 136/18/178 162/558/178
f 1214/48/587 1229/203/588 1213/203/588
f 1182/48/575 1197/203/586 1181/203/586
f 1175/53/579 1176/63/583 1192/63/583
f 697/21/20 713/19/20 712/177/21
f 1232/18/589 1233/238/590 1242/18/40
f 1213/203/588 1228/108/544 1212/108/544
f 1172/121/572 1187/57/565 1171/57/565
f 1269/121/32 1252/83/61 1253/42/32
f 1234/58/591 1217/238/592 1218/58/591
f 1211/19/543 1226/177/165 1210/177/165
f 1264/291/37 1247/49/36 1248/50/37
f 1220/121/593 1235/57/594 1219/57/594
f 1219/57/594 1234/58/591 1218/58/591
f 1328/291/37 1311/49/36 1312/50/37
f 1148/108/564 1165/203/595 1164/108/564
f 435/529/29 434/560/29 438/530/29
f 1359/48/596 1342/394/352 1343/49/596
f 1273/63/244 1256/52/39 1257/306/244
f 1215/291/597 1232/18/598 1231/291/597
f 1251/82/81 1266/238/71 1250/97/71
f 1240/63/599 1241/25/600 1242/63/40
f 1233/238/590 1234/58/601 1242/238/40
f 1226/177/602 1227/19/603 1242/177/40
f 1241/25/600 1226/199/602 1242/25/40
f 1234/58/601 1235/57/604 1242/58/40
f 1227/19/603 1228/108/605 1242/19/40
f 1235/57/604 1236/121/606 1242/57/40
f 1228/108/605 1229/203/607 1242/108/40
f 1236/121/606 1237/44/608 1242/121/40
f 1229/203/607 1230/48/609 1242/203/40
f 1237/44/608 1238/230/610 1242/44/40
f 1230/48/609 1231/291/611 1242/48/40
f 1238/230/610 1239/53/612 1242/230/40
f 1231/291/611 1232/18/589 1242/291/40
f 1239/53/612 1240/63/599 1242/53/40
f 1217/238/592 1232/18/598 1216/18/598
f 399/368/26 401/250/26 402/252/26
f 1224/63/613 1239/53/614 1223/53/614
f 114/455/615 207/14/615 130/561/615
f 1264/291/37 1249/96/70 1265/18/70
f 1267/58/81 1252/83/61 1268/57/61
f 1255/51/38 1270/44/33 1254/43/33
f 1084/562/290 1292/101/20 1083/101/20
f 1247/49/36 1263/48/36 1262/203/170
f 391/400/62 394/18/62 392/108/62
f 1245/107/290 1260/19/20 1244/21/20
f 1261/108/290 1246/394/170 1262/203/170
f 1155/57/529 1171/57/529 1170/58/552
f 1266/238/71 1249/96/70 1250/97/71
f 1180/108/168 1179/19/563 1163/19/563
f 1179/19/577 1196/108/616 1195/19/577
f 1274/54/40 1262/243/40 1266/140/40
f 932/236/41 934/237/40 926/210/40
f 1177/25/558 1162/199/559 1178/199/559
f 227/462/230 279/41/31 231/41/31
f 930/212/41 932/236/41 926/210/40
f 497/426/26 488/269/26 448/121/26
f 1222/230/513 1239/53/614 1238/230/513
f 1147/19/562 1163/19/562 1162/177/551
f 1088/563/70 1298/547/71 1297/563/70
f 1092/531/32 1300/66/61 1091/66/61
f 1091/66/61 1299/548/81 1090/548/81
f 1360/291/617 1345/96/618 1361/18/618
f 1085/208/170 1293/562/290 1084/562/290
f 162/18/21 161/14/21 385/359/21
f 1356/19/619 1339/20/620 1340/21/619
f 1319/51/38 1334/44/33 1318/43/33
f 1087/65/37 1297/563/70 1296/65/37
f 1096/453/244 1304/67/39 1095/67/39
f 1129/25/523 1145/25/523 1144/63/524
f 1094/564/38 1304/67/39 1303/564/38
f 1412/83/61 1427/58/81 1411/82/81
f 596/19/370 599/107/379 598/108/379
f 371/113/514 128/86/514 125/18/514
f 1096/453/244 1306/452/25 1305/453/244
f 1327/48/36 1310/394/170 1311/49/36
f 1344/50/617 1359/48/596 1343/49/596
f 1326/203/170 1309/107/290 1310/394/170
f 1320/52/39 1335/230/38 1319/51/38
f 388/565/21 389/566/21 15/18/21
f 1324/19/20 1309/107/290 1325/108/290
f 1377/96/70 1392/291/37 1376/50/37
f 1119/291/37 1103/50/37 1104/96/70
f 388/565/21 59/18/21 387/567/21
f 1313/96/70 1328/291/37 1312/50/37
f 427/149/29 430/248/29 429/249/29
f 1333/121/32 1316/83/61 1317/42/32
f 1341/107/353 1356/19/619 1340/21/619
f 37/31/27 256/568/231 49/569/231
f 1369/63/246 1352/52/621 1353/306/246
f 1322/26/25 1337/63/244 1321/306/244
f 1348/83/184 1363/58/622 1347/82/622
f 1347/82/622 1362/238/623 1346/97/623
f 334/570/26 332/571/26 320/121/26
f 1351/51/624 1366/44/576 1350/43/576
f 1288/538/39 1078/51/38 1079/52/39
f 1337/63/244 1320/52/39 1321/306/244
f 1368/53/621 1351/51/624 1352/52/621
f 1067/21/20 1275/396/21 1066/20/21
f 1092/531/32 1302/532/33 1301/531/32
f 1346/97/623 1361/18/618 1345/96/618
f 468/291/311 464/48/196 500/415/196
f 1036/232/40 1040/243/40 1060/236/40
f 659/221/625 640/222/625 656/18/625
f 1386/26/25 1401/63/244 1385/306/244
f 1401/63/244 1384/52/39 1385/306/244
f 400/377/26 403/137/26 399/368/26
f 1395/58/81 1378/97/71 1379/82/81
f 1387/199/21 1386/26/25 1371/27/21
f 1372/21/20 1387/177/21 1371/20/21
f 1355/199/620 1354/26/245 1339/27/620
f 1382/43/33 1397/121/32 1381/42/32
f 1376/50/37 1391/48/36 1375/49/36
f 1394/238/71 1377/96/70 1378/97/71
f 897/306/626 898/25/507 896/63/626
f 1399/230/38 1382/43/33 1383/51/38
f 752/230/426 753/51/441 755/306/427
f 1375/49/36 1390/203/170 1374/394/170
f 720/58/81 719/238/71 703/97/71
f 1416/52/39 1431/230/38 1415/51/38
f 1419/199/21 1418/26/25 1403/27/21
f 551/42/344 553/43/345 552/44/345
f 630/253/81 634/120/81 637/209/81
f 1409/96/70 1424/291/37 1408/50/37
f 774/481/459 773/480/454 776/500/450
f 1424/291/37 1407/49/36 1408/50/37
f 189/572/81 46/86/81 372/86/255
f 1407/49/36 1422/203/170 1406/394/170
f 996/236/40 998/237/40 972/232/40
f 1380/83/61 1395/58/81 1379/82/81
f 1418/26/25 1433/63/244 1417/306/244
f 1422/203/170 1405/107/290 1406/394/170
f 1415/51/38 1430/44/33 1414/43/33
f 1433/63/244 1416/52/39 1417/306/244
f 712/55/40 713/232/40 725/236/40
f 1051/82/81 1053/83/61 1052/57/61
f 991/42/32 992/44/33 990/121/32
f 1287/544/38 1286/542/33 1077/43/33
f 1426/238/71 1409/96/70 1410/97/71
f 858/121/36 1438/63/36 1435/121/36
f 161/17/19 136/18/19 148/18/19
f 1315/82/81 1330/238/71 1314/97/71
f 491/56/29 493/243/29 523/573/29
f 1440/217/508 1443/574/508 1444/523/508
f 1443/574/627 1446/575/628 1444/523/629
f 148/18/19 152/86/19 160/16/19
f 211/576/630 209/14/631 208/14/631
f 1440/217/632 1445/577/633 1443/574/633
f 1444/523/634 1450/75/635 1449/74/636
f 1439/218/637 1448/527/638 1441/219/639
f 1181/203/586 1197/203/586 1196/108/616
f 1225/25/167 1241/25/166 1240/63/613
f 1219/57/40 1218/58/40 1202/58/40
f 480/37/29 483/370/29 516/38/29
f 372/86/255 357/402/307 351/350/278
f 658/463/625 659/221/625 655/86/625
f 1203/57/40 1204/121/40 1219/57/40
f 1037/21/20 1039/107/290 1038/108/290
f 1205/44/556 1204/121/584 1188/121/584
f 416/42/81 438/578/81 434/579/81
f 362/100/74 367/248/213 356/580/640
f 506/581/231 487/121/231 483/57/68
f 473/35/29 477/140/29 525/39/29
f 1028/53/39 1029/52/39 1031/306/244
f 1075/83/61 1284/524/61 1283/546/81
f 464/417/29 468/34/29 515/582/29
f 447/232/29 453/56/29 522/583/29
f 969/26/505 939/27/200 938/199/200
f 459/243/29 464/417/29 515/582/29
f 668/56/40 672/417/41 680/141/40
f 341/584/26 317/432/26 348/585/26
f 325/226/21 323/226/21 312/226/21
f 1174/230/547 1173/44/554 1157/44/554
f 970/177/21 971/20/21 973/21/20
f 512/63/363 511/586/363 510/121/363
f 854/63/48 855/160/48 868/64/48
f 1063/306/244 1065/26/25 1064/25/25
f 861/63/48 1437/63/48 859/63/48
f 1204/121/40 1205/44/40 1221/44/40
f 1124/121/32 1123/57/61 1107/83/61
f 942/56/41 944/243/41 946/417/41
f 942/56/41 946/417/41 950/35/41
f 132/59/44 177/587/641 175/60/45
f 175/60/45 178/192/152 140/62/47
f 868/64/48 863/588/48 859/63/48
f 964/236/41 966/237/40 958/210/40
f 938/55/41 940/232/41 942/56/41
f 158/18/642 145/18/373 157/410/372
f 238/18/31 267/18/31 268/18/30
f 229/231/193 281/231/193 282/466/277
f 1080/306/244 1289/589/244 1288/538/39
f 861/63/81 860/121/81 1436/121/81
f 863/588/48 861/63/48 859/63/48
f 962/212/41 964/236/41 958/210/40
f 1027/51/38 1029/52/39 1028/53/39
f 1302/532/41 1303/564/40 1300/66/40
f 1323/199/21 1338/25/25 1322/26/25
f 921/97/172 923/82/59 922/58/59
f 954/141/41 956/161/40 950/35/41
f 926/210/40 928/211/40 930/212/41
f 358/98/72 363/111/83 360/110/82
f 54/536/270 20/345/271 12/309/249
f 1124/121/225 1140/121/225 1139/57/324
f 958/210/40 960/211/40 962/212/41
f 927/42/308 929/43/191 928/44/191
f 967/306/504 969/26/505 968/25/505
f 1049/97/71 1051/82/81 1050/58/81
f 1052/57/61 1053/83/61 1055/42/32
f 957/83/60 956/57/60 954/58/59
f 950/35/41 952/140/41 954/141/41
f 1045/50/37 1047/96/70 1046/18/70
f 617/243/29 628/34/29 600/590/29
f 602/591/29 604/35/643 606/140/29
f 110/510/480 36/512/482 34/282/219
f 947/49/228 949/50/229 948/291/229
f 1031/306/244 1033/26/25 1032/25/25
f 622/54/29 594/55/29 600/590/29
f 365/112/221 363/111/83 361/307/247
f 999/306/244 1001/26/25 1000/25/25
f 1300/66/40 1301/531/40 1302/532/41
f 614/211/29 618/236/29 602/591/29
f 359/285/223 366/400/84 364/592/222
f 466/403/68 445/86/371 439/96/371
f 336/299/235 26/274/214 43/557/235
f 330/593/211 320/121/211 332/571/211
f 618/236/29 620/237/29 600/590/29
f 496/26/188 444/594/21 441/199/21
f 614/211/29 625/212/29 626/236/29
f 628/34/29 602/591/29 600/590/29
f 612/210/29 614/211/29 602/591/29
f 226/328/62 225/327/62 275/18/62
f 972/19/20 973/21/20 975/107/290
f 1427/141/40 1428/161/40 1424/34/40
f 620/237/29 622/54/29 600/590/29
f 1034/177/21 1035/20/21 1037/21/20
f 608/141/29 610/161/29 602/591/29
f 606/140/29 608/141/29 602/591/29
f 72/103/75 171/187/147 316/2/2
f 192/104/76 191/216/179 124/105/77
f 888/121/489 889/42/489 891/43/498
f 610/161/29 612/210/29 602/591/29
f 1221/44/512 1222/230/513 1238/230/513
f 1426/140/40 1427/141/40 1424/34/40
f 901/212/40 902/236/40 890/211/41
f 862/595/38 860/121/38 861/63/38
f 888/210/40 890/211/41 878/591/40
f 876/590/41 893/243/41 878/591/40
f 876/590/41 878/591/40 890/211/41
f 218/13/644 212/456/645 217/13/175
f 156/86/646 142/14/647 158/18/642
f 199/122/91 201/5/5 131/4/4
f 126/124/93 165/183/143 166/8/8
f 203/125/94 205/128/97 51/126/95
f 205/128/97 202/130/99 22/129/98
f 202/130/99 196/158/121 18/131/100
f 23/333/263 68/596/262 60/597/648
f 881/96/203 883/97/485 882/238/485
f 104/138/109 105/132/101 13/134/103
f 36/512/482 107/511/481 112/598/649
f 34/282/219 119/343/269 110/510/480
f 28/336/266 70/355/284 73/334/264
f 78/145/112 76/346/272 45/24/24
f 1041/394/170 1043/49/36 1042/48/36
f 16/89/65 97/599/259 64/87/63
f 17/88/64 66/600/650 52/308/248
f 194/152/115 111/175/136 120/153/116
f 5/155/118 189/601/651 187/156/119
f 196/158/121 188/176/137 9/159/122
f 893/243/41 904/34/41 878/591/40
f 870/55/40 872/232/41 876/590/41
f 910/56/41 914/417/41 918/35/41
f 213/454/41 214/602/40 123/254/40
f 193/603/81 191/604/81 1/42/81
f 878/591/40 882/140/40 884/141/41
f 60/597/648 25/418/652 23/333/263
f 724/230/38 723/44/33 707/43/33
f 792/476/429 791/478/429 789/485/429
f 14/162/123 182/197/157 176/163/124
f 146/165/126 185/198/158 195/166/127
f 172/3/3 170/195/155 98/168/129
f 206/169/130 99/189/149 106/170/131
f 143/167/128 195/166/127 197/10/10
f 179/172/133 184/180/141 153/173/134
f 200/171/132 106/170/131 111/175/136
f 188/176/137 189/605/651 5/20/118
f 2/177/138 181/606/653 183/178/139
f 184/180/141 181/607/653 2/181/138
f 122/182/142 167/305/239 165/183/143
f 154/157/120 187/156/119 186/184/144
f 41/186/146 173/191/151 171/187/147
f 204/188/148 95/190/150 99/189/149
f 203/125/94 87/127/96 95/190/150
f 19/164/125 176/163/124 173/191/151
f 178/192/152 180/194/154 144/193/153
f 180/194/154 179/172/133 149/174/135
f 170/195/155 169/255/206 102/196/156
f 7/179/140 183/178/139 182/197/157
f 185/198/158 146/165/126 150/185/145
f 417/96/81 415/42/81 423/120/81
f 174/200/159 168/608/654 116/201/160
f 849/160/48 866/160/48 864/160/48
f 402/252/205 413/251/205 411/376/212
f 112/598/649 38/609/655 36/512/482
f 1014/18/70 1015/96/70 1017/97/71
f 349/533/56 347/610/251 85/312/251
f 717/291/37 701/50/37 702/96/70
f 695/26/417 665/27/411 664/199/411
f 351/350/278 1/42/81 199/330/81
f 52/308/248 50/611/515 12/309/249
f 82/612/656 42/613/657 48/23/23
f 735/356/40 733/614/40 739/322/40
f 415/149/29 436/615/29 435/529/29
f 672/417/41 676/35/40 680/141/40
f 199/330/81 198/348/81 351/350/278
f 254/616/26 255/617/26 264/86/26
f 610/57/376 611/83/376 613/42/658
f 733/614/40 731/320/40 739/322/40
f 59/18/21 263/18/21 387/567/21
f 664/55/40 668/56/40 680/141/40
f 688/212/41 690/236/41 664/55/40
f 1428/161/40 1432/236/40 1420/232/40
f 936/54/40 906/55/41 910/56/41
f 815/49/274 817/49/252 820/96/470
f 383/618/29 377/405/29 376/619/29
f 88/620/659 29/283/220 42/613/657
f 141/86/419 148/18/106 142/14/105
f 690/236/41 692/237/40 664/55/40
f 692/237/40 694/54/40 664/55/40
f 664/55/40 666/232/660 668/56/40
f 77/227/188 259/430/320 258/621/188
f 1214/48/587 1231/291/597 1230/48/587
f 251/622/286 155/18/286 133/18/286
f 668/56/40 670/243/41 672/417/41
f 676/35/40 678/140/661 680/141/40
f 411/623/29 413/624/29 412/625/29
f 981/50/37 983/96/70 982/18/70
f 672/417/41 674/34/41 676/35/40
f 437/626/29 433/627/29 419/249/29
f 680/141/40 682/161/40 684/210/40
f 438/530/29 437/626/29 419/249/29
f 657/86/625 656/18/625 641/287/625
f 412/388/214 401/250/204 399/368/214
f 641/287/625 658/463/625 657/86/625
f 727/25/25 726/63/244 710/306/244
f 415/149/29 431/628/29 436/615/29
f 62/46/26 26/274/26 27/276/26
f 983/96/70 985/97/71 984/238/71
f 433/627/29 421/248/29 419/249/29
f 1420/232/40 1421/56/40 1422/243/40
f 191/216/179 193/154/117 120/153/116
f 985/97/71 987/82/81 986/58/81
f 995/51/38 997/52/39 996/53/39
f 961/43/191 963/51/192 962/230/192
f 101/629/662 100/302/238 32/301/237
f 432/399/302 430/630/302 428/400/302
f 636/461/21 635/121/21 632/631/21
f 95/632/81 87/633/81 51/634/81
f 1429/121/32 1412/83/61 1413/42/32
f 656/18/21 642/18/21 636/461/21
f 1009/394/170 1011/49/36 1010/48/429
f 632/631/21 633/248/21 636/461/21
f 654/18/21 656/18/21 636/461/21
f 642/18/21 638/461/21 636/461/21
f 653/469/663 652/471/663 648/471/663
f 21/335/265 71/635/664 92/323/256
f 801/58/462 802/82/241 804/42/466
f 1055/42/32 1057/43/33 1056/44/33
f 661/287/625 660/222/625 663/221/625
f 293/119/90 302/118/90 300/296/233
f 469/121/332 529/525/332 527/438/333
f 996/53/39 997/52/39 999/306/244
f 1430/211/40 1431/212/40 1432/236/40
f 283/462/232 227/462/230 222/462/232
f 325/226/665 321/432/665 317/432/665
f 1038/108/290 1039/107/290 1041/394/170
f 368/239/198 371/113/666 109/18/29
f 152/86/418 147/86/280 151/86/282
f 1433/237/40 1434/54/40 1420/232/40
f 196/636/81 202/637/81 46/86/81
f 1429/210/41 1430/211/40 1432/236/40
f 584/238/29 586/230/29 578/48/29
f 607/97/378 609/82/375 608/58/375
f 563/49/667 565/50/314 564/291/314
f 300/296/233 276/297/234 93/297/234
f 134/123/92 138/12/12 198/11/11
f 1390/203/170 1389/108/290 1373/107/290
f 578/48/668 579/49/668 581/50/315
f 578/48/29 580/291/29 582/18/29
f 550/210/29 554/212/29 538/417/29
f 586/230/29 588/53/29 590/63/29
f 1060/53/39 1061/52/39 1063/306/244
f 1010/48/429 1011/49/36 1013/50/37
f 546/141/29 550/210/29 538/417/29
f 573/52/27 575/306/62 574/63/62
f 145/18/669 247/622/281 245/638/281
f 949/50/229 951/96/171 950/18/171
f 631/400/670 655/86/670 654/18/670
f 542/35/29 544/140/29 546/141/29
f 163/215/178 160/16/178 139/86/178
f 550/210/29 552/211/29 554/212/29
f 140/639/21 144/640/21 129/472/21
f 1006/108/290 1007/107/290 1009/394/170
f 582/18/29 584/238/29 578/48/29
f 443/19/331 440/177/340 514/526/340
f 1435/121/70 1438/63/70 1437/63/70
f 554/212/29 558/237/29 530/55/29
f 536/243/29 538/417/29 530/55/29
f 1428/161/40 1429/210/41 1432/236/40
f 1280/543/37 1279/550/36 1070/49/36
f 540/34/29 542/35/29 546/141/29
f 1434/54/40 1419/55/40 1420/232/40
f 466/403/68 465/293/231 471/295/231
f 959/42/308 961/43/191 960/44/191
f 942/108/490 943/107/490 945/394/491
f 1422/243/40 1423/417/41 1420/232/40
f 962/230/192 963/51/192 965/52/509
f 38/609/655 118/641/671 101/629/662
f 346/72/52 40/71/52 75/311/250
f 1286/542/33 1285/642/32 1076/42/32
f 911/107/490 910/108/490 908/19/201
f 935/306/504 937/26/505 936/25/505
f 58/551/108 345/643/212 344/552/108
f 937/26/505 907/27/200 906/199/200
f 1076/42/32 1285/642/32 1284/524/61
f 1373/107/290 1389/108/290 1388/19/20
f 1217/238/41 1201/238/40 1202/58/40
f 916/291/229 917/50/229 919/96/171
f 554/212/29 556/236/29 558/237/29
f 306/467/62 309/80/62 311/508/62
f 898/25/507 899/26/672 871/27/483
f 351/350/278 197/349/81 195/644/81
f 296/85/195 310/507/57 297/79/57
f 1370/54/40 1356/232/40 1362/140/40
f 893/243/506 892/470/506 905/50/506
f 637/209/81 639/209/81 643/86/81
f 534/56/29 536/243/29 530/55/29
f 717/291/37 716/48/36 700/49/36
f 964/53/509 965/52/509 967/306/504
f 482/63/338 523/443/338 520/445/341
f 719/140/40 720/141/40 717/34/40
f 306/467/673 288/90/66 295/467/673
f 1186/58/581 1203/57/585 1202/58/581
f 786/614/40 784/320/40 792/322/40
f 1022/210/40 1024/211/41 1018/141/40
f 713/232/40 714/56/40 717/34/40
f 721/161/40 722/210/415 723/211/40
f 723/211/40 724/212/41 721/161/40
f 725/236/40 713/232/40 717/34/40
f 717/34/40 718/35/40 719/140/40
f 727/54/40 712/55/40 725/236/40
f 643/86/674 639/209/674 638/461/674
f 911/107/490 913/394/491 912/203/491
f 724/212/41 725/236/40 721/161/40
f 1179/19/563 1162/177/559 1163/19/563
f 232/18/232 266/18/230 237/18/230
f 714/56/40 715/243/41 717/34/40
f 537/394/323 539/49/347 538/48/347
f 906/177/200 907/20/200 909/21/201
f 1296/65/41 1297/563/41 1298/547/40
f 67/280/217 255/32/28 24/645/28
f 895/646/48 891/521/48 877/520/48
f 583/96/363 585/97/667 584/238/667
f 1411/82/81 1427/58/81 1426/238/71
f 887/647/285 885/356/48 879/358/285
f 169/255/206 174/200/159 108/202/161
f 164/9/9 177/587/641 132/59/44
f 274/18/236 233/18/260 275/18/260
f 1423/417/41 1424/34/40 1420/232/40
f 463/58/327 461/238/337 525/441/337
f 238/18/196 240/18/196 221/18/196
f 875/648/48 873/649/285 877/520/48
f 932/53/509 933/52/509 935/306/504
f 905/633/48 892/470/48 879/358/285
f 1360/34/41 1361/35/40 1362/140/40
f 104/138/109 10/139/110 32/301/237
f 892/470/48 877/520/48 879/358/285
f 485/259/29 498/650/29 501/260/29
f 157/410/372 243/457/374 242/651/374
f 242/652/196 4/121/196 3/120/196
f 891/521/48 889/653/285 879/358/285
f 1149/203/595 1166/48/553 1165/203/595
f 884/58/487 885/82/486 887/83/488
f 507/654/29 481/258/29 501/260/29
f 871/321/48 899/655/285 877/520/48
f 504/151/29 502/261/29 442/249/29
f 1359/417/40 1360/34/41 1362/140/40
f 903/646/48 900/521/48 891/521/48
f 897/656/285 895/646/48 877/520/48
f 889/653/285 887/647/285 879/358/285
f 65/657/26 81/229/26 67/280/26
f 887/83/488 889/42/489 888/121/489
f 895/646/48 903/646/48 891/521/48
f 899/655/285 897/656/285 877/520/48
f 502/261/29 479/249/29 442/249/29
f 312/450/286 117/18/286 157/410/286
f 1362/140/40 1364/161/40 1370/54/40
f 1364/161/40 1366/211/41 1370/54/40
f 972/232/40 974/56/40 980/34/40
f 466/658/29 439/112/29 505/257/29
f 1358/243/40 1359/417/40 1362/140/40
f 381/659/675 387/30/675 382/29/675
f 439/112/29 481/258/29 506/256/29
f 500/660/29 508/243/29 513/249/29
f 442/249/29 457/149/29 504/151/29
f 190/6/6 192/104/76 127/106/78
f 236/18/49 272/18/49 271/18/232
f 984/140/40 986/141/40 988/161/40
f 457/149/29 462/271/29 465/150/29
f 878/591/40 880/35/660 882/140/40
f 672/48/416 673/49/416 675/50/413
f 489/44/27 507/661/27 501/662/62
f 1405/107/290 1420/19/20 1404/21/20
f 882/238/485 883/97/485 885/82/486
f 225/327/236 285/69/50 224/69/50
f 974/56/40 976/243/41 980/34/40
f 309/80/58 299/449/349 298/81/58
f 953/97/172 955/82/59 954/58/59
f 862/595/21 863/588/21 868/64/21
f 1174/230/547 1157/44/554 1158/230/547
f 509/663/29 512/664/29 508/243/29
f 976/243/41 978/417/40 980/34/40
f 480/58/81 477/238/316 502/420/316
f 512/664/21 509/663/21 456/648/21
f 512/664/29 513/249/29 508/243/29
f 853/120/38 869/665/38 868/517/38
f 1193/25/558 1176/63/583 1177/25/558
f 156/86/19 158/18/19 125/18/19
f 308/448/349 295/467/673 299/449/349
f 223/68/49 283/462/232 222/462/232
f 174/666/21 169/667/21 320/121/21
f 465/150/29 466/658/29 505/257/29
f 998/237/40 1000/54/40 972/232/40
f 992/211/41 994/212/40 996/236/40
f 219/13/676 213/454/677 218/13/644
f 1366/211/41 1368/236/41 1370/54/40
f 852/160/21 855/160/21 857/120/21
f 113/281/218 115/342/268 34/282/219
f 365/96/221 357/402/307 364/284/222
f 359/285/223 355/241/199 358/240/72
f 1424/34/40 1425/35/40 1426/140/40
f 843/513/81 840/668/81 834/42/81
f 465/293/231 462/293/27 474/294/27
f 988/161/40 990/210/40 996/236/40
f 990/210/40 992/211/41 996/236/40
f 1121/238/517 1137/238/517 1136/18/535
f 980/34/40 982/35/40 988/161/40
f 491/53/216 490/230/62 498/669/359
f 1370/54/40 1355/55/40 1356/232/40
f 841/516/38 842/514/38 839/18/38
f 490/230/62 501/662/62 498/669/359
f 489/44/27 487/121/231 506/581/231
f 982/35/40 984/140/40 988/161/40
f 443/232/29 455/34/29 478/236/29
f 467/161/29 472/211/29 478/236/29
f 834/149/40 840/515/40 835/249/40
f 840/515/40 841/670/41 836/248/40
f 116/201/160 168/608/654 167/305/239
f 841/96/32 840/668/32 843/513/32
f 4/121/21 247/671/21 251/428/21
f 277/465/678 294/84/194 103/465/678
f 492/52/216 491/53/216 498/669/359
f 1111/52/39 1127/53/39 1126/230/38
f 467/161/29 469/210/29 472/211/29
f 472/211/29 475/212/29 478/236/29
f 265/18/678 241/18/277 270/18/277
f 3/120/81 250/672/81 246/673/81
f 443/232/29 446/56/29 455/34/29
f 455/34/29 458/35/29 461/140/29
f 478/236/29 482/237/29 484/54/29
f 1362/140/40 1363/141/40 1364/161/40
f 42/613/21 20/345/21 21/674/21
f 706/42/32 722/121/32 721/57/61
f 806/51/479 804/42/466 825/42/465
f 449/243/29 452/417/29 455/34/29
f 837/120/36 834/160/429 835/63/36
f 484/54/29 440/55/29 478/236/29
f 446/56/29 449/243/29 455/34/29
f 1290/675/25 1080/306/244 1081/26/25
f 421/248/29 433/627/29 434/560/29
f 453/108/363 447/19/315 509/663/321
f 361/307/247 353/112/204 365/112/221
f 1064/25/25 1065/26/25 1035/27/21
f 812/27/424 831/306/474 833/306/476
f 404/369/35 407/676/35 396/372/21
f 431/628/29 417/112/29 432/677/29
f 1118/48/36 1101/394/170 1102/49/36
f 417/112/29 421/248/29 432/677/29
f 237/18/230 266/18/230 267/18/31
f 447/19/315 450/21/315 509/663/321
f 362/100/74 356/580/640 361/307/247
f 800/96/242 798/49/299 815/49/274
f 440/55/29 443/232/29 478/236/29
f 426/18/26 424/86/26 423/120/26
f 409/678/29 410/679/29 408/680/29
f 831/306/474 828/51/478 830/51/475
f 407/676/29 409/678/29 408/680/29
f 1202/58/40 1203/57/40 1219/57/40
f 408/680/29 411/623/29 412/625/29
f 431/579/81 428/681/81 427/42/81
f 390/682/21 383/683/21 216/15/177
f 407/676/35 397/372/21 396/372/21
f 215/14/679 211/576/630 214/602/680
f 825/42/465 827/503/423 830/51/475
f 376/619/21 54/684/21 50/685/21
f 796/107/298 809/107/275 815/49/274
f 1205/44/40 1206/230/40 1222/230/40
f 326/242/665 318/378/665 322/378/665
f 794/20/425 812/20/424 809/107/275
f 1024/44/33 1025/43/33 1027/51/38
f 141/86/681 159/109/682 147/86/683
f 413/624/29 414/686/29 412/625/29
f 381/659/21 382/29/21 84/687/21
f 1017/97/71 1019/82/81 1018/58/81
f 389/566/21 390/682/21 216/15/177
f 744/48/472 745/49/447 747/96/292
f 1094/564/38 1095/67/39 1304/67/39
f 1014/35/40 1018/141/40 1002/55/40
f 910/56/41 912/243/41 914/417/41
f 392/248/29 396/372/29 395/373/29
f 407/676/35 404/369/35 406/385/34
f 351/350/278 365/96/221 353/96/204
f 326/242/26 324/242/26 46/86/26
f 15/18/21 389/566/21 216/15/177
f 824/479/421 820/495/470 819/315/254
f 1030/237/41 1032/54/661 1002/55/40
f 397/372/29 407/676/29 412/625/29
f 412/625/29 398/373/29 397/372/29
f 822/82/469 818/96/243 820/96/470
f 92/323/256 80/148/114 44/146/113
f 1018/141/40 1020/161/660 1022/210/40
f 45/24/24 89/347/273 86/22/22
f 48/23/23 84/688/684 82/612/656
f 743/107/446 745/49/447 744/48/472
f 333/264/211 327/689/211 329/265/211
f 54/344/270 56/331/261 23/333/263
f 25/108/652 57/690/685 61/354/283
f 94/133/102 96/325/258 16/63/65
f 1010/417/41 1012/34/41 1014/35/40
f 1008/243/41 1010/417/41 1002/55/40
f 1014/35/40 1016/140/41 1018/141/40
f 886/161/40 888/210/40 878/591/40
f 374/363/288 359/285/223 364/592/222
f 194/691/81 193/603/81 319/120/81
f 193/603/81 1/42/81 319/120/81
f 1042/48/36 1045/50/37 1044/291/37
f 319/120/81 200/352/81 194/691/81
f 894/236/41 896/237/40 876/590/41
f 375/384/686 384/233/686 383/692/686
f 1002/55/40 1004/232/41 1006/56/40
f 1006/56/40 1008/243/41 1002/55/40
f 1024/211/41 1026/212/41 1018/141/40
f 1364/161/40 1365/210/41 1366/211/41
f 375/384/686 383/692/686 376/63/686
f 192/693/81 190/694/81 1/42/81
f 61/354/283 28/336/266 25/108/652
f 1030/237/41 1002/55/40 1018/141/40
f 46/86/81 202/637/81 205/695/81
f 784/320/40 782/321/40 792/322/40
f 215/14/679 214/602/680 219/13/676
f 1366/211/41 1367/212/40 1368/236/41
f 191/604/81 192/693/81 1/42/81
f 1042/48/36 1043/49/36 1045/50/37
f 825/42/465 822/82/469 824/82/421
f 481/268/62 439/400/62 445/86/62
f 319/120/81 322/378/81 318/378/81
f 813/490/463 833/491/476 832/489/464
f 326/242/26 46/86/26 318/378/26
f 318/378/81 46/86/81 203/379/81
f 46/86/81 205/695/81 203/379/81
f 643/86/62 642/18/62 656/18/62
f 1024/44/33 1027/51/38 1026/230/38
f 902/236/40 894/236/41 890/211/41
f 788/356/40 786/614/40 792/322/40
f 392/248/29 395/373/29 391/112/29
f 216/15/177 210/18/176 15/18/21
f 86/696/21 89/697/21 381/659/21
f 326/242/665 322/378/665 315/242/665
f 352/267/212 356/580/640 367/248/213
f 141/86/681 156/86/646 159/109/682
f 351/350/278 357/402/307 365/96/221
f 812/20/424 813/496/463 811/107/276
f 739/476/420 729/698/420 728/477/420
f 37/31/27 24/645/28 255/32/28
f 787/144/430 788/143/430 790/486/430
f 415/149/29 417/112/29 431/628/29
f 318/378/81 204/380/81 206/351/81
f 793/177/399 794/20/425 796/107/298
f 377/405/687 390/699/687 389/700/687
f 94/701/21 105/702/21 375/384/21
f 377/405/21 68/703/21 56/704/21
f 1318/43/33 1334/44/33 1333/121/32
f 1017/97/71 1018/58/81 1016/238/71
f 377/405/21 60/705/21 68/703/21
f 97/706/21 96/707/21 375/384/21
f 749/82/291 769/82/304 772/42/303
f 751/42/351 753/51/441 752/230/426
f 57/407/21 378/406/21 61/708/21
f 96/707/21 94/701/21 375/384/21
f 377/405/21 57/407/21 60/705/21
f 105/702/21 104/382/21 375/384/21
f 396/372/21 392/248/21 394/18/21
f 753/51/441 775/51/434 778/306/435
f 381/659/21 89/697/21 76/709/21
f 73/413/309 70/710/21 378/406/21
f 407/676/35 406/385/34 409/678/34
f 1094/564/38 1303/564/38 1302/532/33
f 431/579/81 427/42/81 436/578/81
f 426/18/26 423/120/26 425/121/26
f 407/676/29 408/680/29 412/625/29
f 100/383/21 118/711/21 380/234/21
f 747/96/292 745/49/447 762/49/162
f 107/712/21 110/713/21 380/234/21
f 343/45/34 341/116/35 62/46/35
f 378/406/21 92/714/21 71/412/21
f 119/715/21 115/391/21 379/393/21
f 381/659/21 80/716/21 92/714/21
f 765/96/293 767/96/439 771/82/305
f 110/713/21 119/715/21 380/234/21
f 113/392/21 88/365/21 379/393/21
f 375/384/21 376/619/21 97/706/21
f 376/619/21 377/405/21 54/684/21
f 1064/25/25 1035/27/21 1034/199/21
f 378/406/21 381/659/21 92/714/21
f 268/18/30 269/18/193 240/18/193
f 50/685/21 52/717/21 376/619/21
f 386/28/26 379/393/26 382/29/26
f 380/234/21 375/384/21 100/383/21
f 381/659/21 76/709/21 78/718/309
f 989/83/61 986/58/81 987/82/81
f 52/717/21 66/719/21 376/619/21
f 1010/417/41 1014/35/40 1002/55/40
f 421/248/29 434/560/29 432/677/29
f 500/660/29 513/249/29 499/263/29
f 1420/19/20 1403/20/21 1404/21/20
f 66/719/21 64/720/21 376/619/21
f 118/711/21 112/721/21 380/234/21
f 1109/43/33 1125/44/33 1124/121/32
f 112/721/21 107/712/21 380/234/21
f 1298/547/40 1299/548/40 1300/66/40
f 64/720/21 97/706/21 376/619/21
f 1368/236/41 1369/237/41 1370/54/40
f 1118/48/36 1117/203/170 1101/394/170
f 100/383/21 101/722/688 118/711/21
f 1356/232/40 1357/56/40 1358/243/40
f 450/21/315 456/107/689 509/663/321
f 775/51/434 772/42/303 774/503/459
f 811/494/276 813/490/463 814/497/455
f 798/49/299 800/96/242 799/18/457
f 361/307/247 354/559/205 353/112/204
f 44/146/21 45/24/21 48/23/21
f 401/250/204 414/160/204 413/251/205
f 48/23/21 42/613/21 39/324/21
f 42/613/21 29/283/21 20/345/21
f 1328/34/40 1329/35/690 1330/140/40
f 760/490/432 761/497/443 757/493/436
f 455/34/29 467/161/29 478/236/29
f 498/669/359 497/723/359 492/52/216
f 21/674/21 39/324/21 42/613/21
f 28/419/21 21/674/21 20/345/21
f 39/324/21 44/146/21 48/23/21
f 897/306/626 899/26/672 898/25/507
f 17/88/21 12/309/21 13/425/21
f 29/283/21 32/301/21 12/309/21
f 778/306/435 780/306/433 760/501/432
f 489/44/27 506/581/231 507/661/27
f 1330/140/40 1331/141/40 1334/211/40
f 771/479/305 767/495/439 766/315/438
f 250/214/178 248/724/178 163/215/178
f 780/491/433 777/502/460 776/500/450
f 1168/18/207 1169/238/571 1185/238/208
f 136/18/21 133/18/21 155/18/21
f 13/425/21 16/89/21 17/88/21
f 1121/238/517 1136/18/535 1120/18/535
f 36/512/21 32/301/21 29/283/21
f 996/236/40 972/232/40 980/34/40
f 1290/675/25 1289/589/244 1080/306/244
f 32/301/21 10/424/21 12/309/21
f 480/58/81 502/420/316 504/421/81
f 786/142/267 785/340/267 783/341/267
f 1123/57/324 1139/57/324 1138/58/325
f 747/96/292 749/82/291 748/58/350
f 741/20/452 743/107/446 742/108/453
f 1326/243/40 1327/417/40 1330/140/40
f 779/489/431 761/497/443 760/490/432
f 775/51/434 777/51/460 780/306/433
f 12/309/21 20/345/21 29/283/21
f 1331/141/40 1332/161/40 1334/211/40
f 1137/238/197 1138/58/43 1154/58/43
f 262/86/26 263/18/26 59/18/26
f 862/595/21 868/64/21 869/595/21
f 30/95/69 253/94/69 250/672/81
f 253/94/69 248/725/81 250/672/81
f 265/18/678 221/18/461 241/18/277
f 3/120/81 30/95/69 250/672/81
f 743/107/446 756/107/163 762/49/162
f 321/432/26 314/226/26 334/570/26
f 953/97/172 954/58/59 952/238/172
f 756/107/163 759/20/451 760/496/432
f 753/51/441 751/42/351 772/42/303
f 755/306/427 741/27/452 740/199/442
f 246/673/81 242/726/81 3/120/81
f 512/664/21 456/648/21 511/586/21
f 259/430/320 65/657/320 251/428/21
f 764/313/437 763/314/448 766/315/438
f 277/465/678 307/84/194 294/84/194
f 1327/417/40 1328/34/40 1330/140/40
f 4/121/21 243/727/21 247/671/21
f 65/657/320 4/121/21 251/428/21
f 1332/161/40 1333/210/41 1334/211/40
f 489/44/27 501/662/62 490/230/62
f 243/727/21 245/728/21 247/671/21
f 320/121/21 168/729/21 174/666/21
f 219/13/676 214/602/680 213/454/677
f 481/258/29 507/654/29 506/256/29
f 307/84/194 311/508/195 296/85/195
f 6/249/21 165/730/21 167/731/21
f 808/306/398 831/306/474 812/27/424
f 172/447/21 317/432/21 170/732/21
f 164/733/21 166/734/21 6/249/21
f 734/144/430 735/143/430 737/486/430
f 723/44/33 722/121/32 706/42/32
f 1123/57/61 1122/58/81 1106/82/81
f 739/476/429 738/478/429 736/485/429
f 6/249/21 167/731/21 168/729/21
f 714/108/290 698/107/290 699/394/170
f 169/667/21 170/732/21 320/121/21
f 362/100/74 369/99/73 367/248/213
f 932/53/509 935/306/504 934/63/504
f 728/389/296 729/20/296 731/390/296
f 320/121/21 6/249/21 168/729/21
f 317/432/21 320/121/21 170/732/21
f 530/177/209 533/21/210 532/19/210
f 1324/232/40 1325/56/40 1338/54/40
f 463/58/327 525/441/337 516/434/327
f 11/248/21 177/735/21 6/249/21
f 1334/211/40 1335/212/41 1336/236/40
f 90/18/21 317/432/21 171/431/21
f 176/736/21 90/18/21 173/737/21
f 173/737/21 90/18/21 171/431/21
f 182/738/21 183/739/21 90/18/21
f 1336/236/40 1337/237/41 1334/211/40
f 710/306/244 726/63/244 725/53/39
f 182/738/21 90/18/21 176/736/21
f 175/740/21 177/735/21 11/248/21
f 703/97/71 719/238/71 718/18/70
f 1337/237/41 1338/54/40 1334/211/40
f 178/741/21 175/740/21 11/248/21
f 180/742/21 178/741/21 11/248/21
f 11/248/21 367/248/21 109/18/21
f 109/18/21 180/742/21 11/248/21
f 1395/141/40 1397/210/40 1399/212/41
f 1401/237/41 1402/54/41 1387/55/41
f 1391/417/40 1393/35/41 1395/141/40
f 1389/56/40 1391/417/40 1395/141/40
f 1395/141/40 1396/161/40 1397/210/40
f 537/394/323 538/48/347 536/203/323
f 229/231/193 230/40/30 280/40/30
f 906/177/200 909/21/201 908/19/201
f 183/739/21 181/554/21 90/18/21
f 709/52/39 725/53/39 724/230/38
f 1387/55/41 1389/56/40 1395/141/40
f 1399/212/41 1401/237/41 1395/141/40
f 1397/210/40 1398/211/41 1399/212/41
f 31/86/190 59/18/190 15/18/190
f 370/743/21 368/744/21 369/99/21
f 1338/54/40 1323/55/40 1324/232/40
f 1393/35/41 1394/140/690 1395/141/40
f 368/744/21 109/18/21 367/248/21
f 369/99/21 368/744/21 367/248/21
f 308/448/349 306/467/673 295/467/673
f 1325/56/40 1326/243/40 1338/54/40
f 1391/417/40 1392/34/40 1393/35/41
f 223/68/49 284/68/49 283/462/232
f 77/227/188 258/621/188 261/228/189
f 1193/25/558 1192/63/583 1176/63/583
f 1334/211/40 1338/54/40 1330/140/40
f 325/226/26 335/745/26 336/225/26
f 406/385/26 404/369/26 403/137/26
f 402/252/26 400/377/26 399/368/26
f 643/86/674 638/461/674 642/18/674
f 228/466/277 282/466/277 277/465/678
f 583/96/363 584/238/667 582/18/363
f 153/746/21 2/55/21 122/747/21
f 159/109/286 121/86/286 313/242/286
f 717/34/40 721/161/40 725/236/40
f 554/212/29 530/55/29 538/417/29
f 573/52/27 574/63/62 572/53/27
f 631/400/670 654/18/670 633/108/670
f 1086/207/36 1295/207/36 1294/208/170
f 518/439/335 455/291/335 452/48/185
f 381/659/675 388/303/675 387/30/675
f 1096/453/40 1095/67/40 1288/748/40
f 220/18/196 233/18/196 235/18/196
f 67/280/26 24/645/26 3/120/26
f 37/31/26 49/569/26 55/93/26
f 65/657/26 77/227/26 81/229/26
f 1095/67/40 1287/749/40 1288/748/40
f 692/63/406 693/306/406 695/26/417
f 671/394/412 673/49/416 672/48/416
f 4/121/26 65/657/26 67/280/26
f 346/750/26 350/519/26 323/226/26
f 325/226/26 345/751/26 337/752/26
f 578/48/668 581/50/315 580/291/315
f 328/204/21 327/753/21 333/205/21
f 81/229/26 83/278/26 67/280/26
f 683/83/361 685/42/414 684/121/414
f 685/42/414 687/43/365 686/44/364
f 157/410/286 159/109/286 312/450/286
f 225/327/236 286/327/236 285/69/50
f 1149/203/595 1150/48/553 1166/48/553
f 242/651/374 244/754/374 147/86/683
f 242/652/196 243/755/196 4/121/196
f 55/93/26 30/95/26 37/31/26
f 147/86/683 159/109/682 242/651/374
f 586/230/29 590/63/29 578/48/29
f 607/97/378 608/58/375 606/238/378
f 325/226/26 337/752/26 338/756/26
f 145/18/373 245/638/374 243/457/374
f 159/109/682 157/410/372 242/651/374
f 1306/452/40 1292/101/40 1296/65/41
f 30/95/26 3/120/26 24/645/26
f 689/51/366 691/52/405 690/53/405
f 668/108/410 669/107/410 671/394/412
f 613/42/658 614/44/394 612/121/658
f 667/21/409 669/107/410 668/108/410
f 233/18/196 234/18/196 235/18/196
f 664/177/411 665/20/411 667/21/409
f 238/18/196 239/18/196 240/18/196
f 232/18/196 237/18/196 221/18/196
f 325/226/26 344/522/26 345/751/26
f 563/49/667 564/291/314 562/48/667
f 566/18/29 568/238/29 570/230/29
f 570/230/29 572/53/29 574/63/29
f 235/18/196 236/18/196 232/18/196
f 603/213/173 604/18/174 602/518/173
f 574/63/29 576/25/29 570/230/29
f 562/48/29 564/291/29 566/18/29
f 864/160/21 866/160/21 867/120/21
f 340/535/26 346/750/26 323/226/26
f 220/18/196 235/18/196 232/18/196
f 37/31/26 30/95/26 24/645/26
f 291/223/187 304/80/187 303/224/89
f 274/18/236 234/18/236 233/18/260
f 221/18/196 220/18/196 232/18/196
f 232/18/232 271/18/232 266/18/230
f 1288/748/40 1289/757/40 1096/453/40
f 603/213/385 602/518/691 628/291/386
f 1179/19/563 1178/177/559 1162/177/559
f 619/52/389 618/53/383 626/53/390
f 615/43/392 624/43/692 625/44/393
f 601/459/395 616/394/693 617/203/396
f 276/297/62 277/465/62 283/462/62
f 296/85/195 311/508/195 310/507/57
f 338/758/204 337/275/205 35/277/205
f 306/467/673 301/90/66 288/90/66
f 67/280/217 260/279/217 255/32/28
f 659/221/21 660/222/21 640/222/21
f 649/469/279 648/471/279 631/112/279
f 278/462/62 283/462/62 277/465/62
f 657/86/81 655/86/81 637/209/81
f 281/231/62 280/40/62 279/41/62
f 307/84/62 277/465/62 300/296/62
f 541/50/342 543/96/343 542/18/343
f 279/41/62 278/462/62 277/465/62
f 633/248/21 654/18/21 636/461/21
f 282/466/62 281/231/62 279/41/62
f 284/68/62 285/69/62 287/328/62
f 651/353/407 650/468/407 646/468/407
f 561/26/694 531/27/209 530/199/209
f 690/53/405 691/52/405 693/306/406
f 21/335/265 92/323/256 39/324/257
f 801/58/462 804/42/466 803/121/468
f 1437/63/48 1438/63/48 859/63/48
f 592/25/182 579/49/182 578/48/182
f 1086/207/40 1085/208/40 1278/243/40
f 629/50/402 628/34/402 617/243/402
f 304/80/62 305/91/62 300/296/62
f 1131/19/403 1132/108/404 1148/108/404
f 647/353/21 648/471/21 652/471/21
f 101/629/662 32/301/237 38/609/655
f 653/469/663 648/471/663 649/469/663
f 1206/230/40 1207/53/40 1222/230/40
f 661/287/625 663/221/625 662/463/625
f 658/463/625 655/86/625 657/86/625
f 522/583/29 453/56/29 521/244/29
f 306/467/62 308/448/62 309/80/62
f 622/25/354 623/26/354 595/27/401
f 311/508/62 307/84/62 306/467/62
f 634/120/36 630/759/36 632/464/36
f 217/13/175 212/456/645 210/18/176
f 287/328/62 276/297/62 284/68/62
f 285/69/62 286/327/62 287/328/62
f 276/297/62 300/296/62 277/465/62
f 300/296/62 302/118/62 303/224/62
f 658/463/81 641/287/81 661/287/81
f 58/551/108 27/276/212 345/643/212
f 1202/58/40 1218/58/40 1217/238/41
f 846/120/388 844/160/388 864/160/388
f 129/472/21 132/760/21 140/639/21
f 108/761/21 116/141/21 7/475/21
f 122/747/21 126/474/21 153/746/21
f 132/760/21 137/762/21 140/639/21
f 1217/238/41 1216/18/40 1201/238/40
f 303/224/62 304/80/62 300/296/62
f 19/763/21 41/764/21 98/765/21
f 41/764/21 72/417/21 91/766/21
f 697/21/20 712/177/21 696/20/21
f 14/767/21 19/763/21 102/768/21
f 394/18/26 393/86/26 399/368/26
f 145/18/669 155/18/104 247/622/281
f 122/747/21 2/55/21 116/141/21
f 7/475/21 14/767/21 108/761/21
f 397/372/62 398/373/62 395/373/62
f 727/25/25 710/306/244 711/26/25
f 558/63/348 561/26/694 560/25/694
f 680/141/40 688/212/41 664/55/40
f 108/761/21 14/767/21 102/768/21
f 717/291/37 702/96/70 718/18/70
f 590/63/231 591/306/231 593/26/368
f 646/468/279 649/469/279 645/249/279
f 546/58/319 547/82/319 549/83/346
f 598/108/379 599/107/379 601/459/380
f 1274/25/25 1258/26/25 1243/27/21
f 525/441/337 461/238/337 458/18/334
f 605/96/174 607/97/378 606/238/378
f 144/640/21 149/473/21 129/472/21
f 644/149/279 631/112/279 647/353/279
f 1286/211/40 1094/564/40 1093/532/40
f 1397/121/32 1396/57/61 1380/83/61
f 149/473/21 153/746/21 126/474/21
f 272/18/49 236/18/49 235/18/50
f 585/97/377 587/51/377 586/230/377
f 608/58/375 609/82/375 611/83/376
f 733/142/111 734/144/111 732/340/111
f 695/26/417 664/199/411 694/25/417
f 143/769/81 138/770/81 134/771/81
f 124/772/81 120/356/81 5/321/81
f 733/142/267 730/341/267 731/390/267
f 815/49/274 811/107/276 817/49/252
f 1210/199/165 1226/199/165 1241/25/166
f 325/226/665 314/226/665 321/432/665
f 98/765/21 41/764/21 91/766/21
f 283/462/232 278/462/230 227/462/230
f 99/773/81 95/632/81 51/634/81
f 106/492/81 99/773/81 22/774/81
f 1429/121/32 1428/57/61 1412/83/61
f 1286/211/40 1093/532/40 1092/531/40
f 567/96/196 569/97/367 568/238/367
f 134/771/81 131/484/81 143/769/81
f 127/482/81 124/772/81 154/775/81
f 368/239/198 355/241/199 371/113/666
f 154/775/81 150/776/81 127/482/81
f 150/776/81 146/483/81 127/482/81
f 739/322/40 737/504/40 735/356/40
f 792/476/429 789/485/429 790/486/429
f 5/321/81 154/775/81 124/772/81
f 1279/417/40 1087/65/40 1086/207/40
f 1286/211/40 1287/749/40 1094/564/40
f 146/483/81 143/769/81 131/484/81
f 160/147/81 163/86/81 262/86/81
f 51/634/81 22/774/81 99/773/81
f 576/25/362 577/26/362 563/49/362
f 47/292/26 53/290/26 43/557/26
f 580/291/315 581/50/315 583/96/363
f 75/311/26 40/71/26 43/557/26
f 40/71/26 47/292/26 43/557/26
f 26/274/26 33/273/26 27/276/26
f 22/774/81 18/777/81 106/492/81
f 63/246/26 69/47/26 62/46/26
f 62/46/26 74/78/26 43/557/26
f 574/63/62 575/306/62 577/26/359
f 74/78/26 79/77/26 75/311/26
f 571/51/358 570/230/358 568/238/358
f 33/273/26 35/277/26 27/276/26
f 1287/749/40 1095/67/40 1094/564/40
f 251/622/286 247/622/286 155/18/286
f 623/26/354 622/25/354 620/63/355
f 114/455/81 130/561/81 160/147/81
f 564/291/314 565/50/314 567/96/196
f 412/388/214 414/42/204 401/250/204
f 1283/141/40 1091/66/40 1090/548/40
f 27/276/26 58/551/26 62/46/26
f 58/551/26 63/246/26 62/46/26
f 43/557/26 74/78/26 75/311/26
f 141/86/419 152/86/418 148/18/106
f 77/227/188 65/657/320 259/430/320
f 383/618/29 390/699/29 377/405/29
f 79/77/26 85/312/26 75/311/26
f 255/617/26 260/778/26 264/86/26
f 88/620/659 113/281/218 29/283/220
f 1214/48/587 1215/291/597 1231/291/597
f 43/557/26 26/274/26 62/46/26
f 264/86/26 252/779/26 256/780/26
f 257/505/26 221/18/461 260/778/26
f 762/49/162 758/107/164 764/49/437
f 18/777/81 9/487/81 106/492/81
f 261/506/26 258/781/26 221/18/461
f 1275/782/40 1083/101/40 1082/102/40
f 264/86/26 253/783/26 252/779/26
f 264/86/26 256/780/26 254/616/26
f 8/86/81 114/455/81 160/147/81
f 262/86/81 31/86/81 8/86/81
f 1085/208/40 1084/562/41 1278/243/40
f 258/781/26 259/784/26 221/18/461
f 264/86/26 163/86/26 253/783/26
f 1282/785/40 1090/548/40 1089/547/41
f 163/86/26 248/783/26 253/783/26
f 1358/203/352 1357/108/353 1341/107/353
f 120/356/81 111/488/81 5/321/81
f 221/18/461 265/18/678 260/778/26
f 265/18/678 264/86/26 260/778/26
f 82/612/656 88/620/659 42/613/657
f 1258/26/25 1274/25/25 1273/63/244
f 259/784/26 249/786/26 162/18/26
f 259/784/26 162/18/26 221/18/461
f 163/86/81 264/86/81 262/86/81
f 556/53/295 557/52/295 559/306/348
f 1097/452/25 1082/102/21 1291/102/21
f 918/18/171 919/96/171 921/97/172
f 60/597/648 57/787/685 25/418/652
f 553/43/345 555/51/294 554/230/294
f 1260/19/20 1259/177/21 1243/20/21
f 545/97/318 544/238/318 542/18/343
f 112/598/649 118/641/671 38/609/655
f 586/230/371 587/51/371 589/52/68
f 214/602/40 211/576/40 123/254/40
f 532/19/210 533/21/210 535/107/322
f 538/48/347 539/49/347 541/50/342
f 1283/141/40 1284/788/40 1091/66/40
f 1284/788/40 1285/789/40 1091/66/40
f 8/86/40 15/18/40 210/18/40
f 210/18/40 212/456/40 114/455/40
f 156/86/646 141/86/681 142/14/647
f 211/576/40 208/14/40 123/254/40
f 846/120/38 845/63/38 844/160/38
f 263/18/62 93/297/62 226/328/62
f 262/86/62 292/117/62 293/119/62
f 262/86/62 293/119/62 289/298/62
f 218/13/644 213/454/677 212/456/645
f 358/98/72 370/743/317 369/99/73
f 123/254/40 114/455/40 213/454/41
f 262/86/62 290/92/62 291/223/62
f 222/462/62 227/462/62 271/18/62
f 845/63/48 848/63/48 849/160/48
f 859/63/81 856/121/81 854/63/81
f 262/86/62 291/223/62 292/117/62
f 231/41/62 230/40/62 268/18/62
f 808/306/398 794/27/425 793/199/399
f 268/18/62 267/18/62 231/41/62
f 1186/58/581 1187/57/585 1203/57/585
f 272/18/62 224/69/62 223/68/62
f 534/108/322 535/107/322 537/394/323
f 266/18/62 227/462/62 231/41/62
f 1083/101/20 1292/101/20 1291/102/21
f 1365/121/183 1364/57/184 1348/83/184
f 643/86/62 656/18/62 657/86/62
f 653/469/279 650/468/279 651/353/279
f 724/230/38 707/43/33 708/51/38
f 862/595/38 861/63/38 863/588/38
f 857/120/36 854/63/36 856/121/36
f 114/455/40 8/86/40 210/18/40
f 237/18/196 238/18/196 221/18/196
f 240/18/196 241/18/196 221/18/196
f 881/96/203 882/238/485 880/18/203
f 482/63/338 478/53/339 528/442/339
f 890/211/41 894/236/41 876/590/41
f 662/463/408 663/221/408 659/221/408
f 633/248/279 645/249/279 649/469/279
f 548/57/346 549/83/346 551/42/344
f 528/442/339 478/53/339 475/230/336
f 273/18/62 274/18/62 224/69/62
f 274/18/62 275/18/62 225/327/62
f 263/18/62 262/86/62 289/298/62
f 264/86/62 295/467/62 262/86/62
f 267/18/62 266/18/62 231/41/62
f 266/18/62 271/18/62 227/462/62
f 336/299/235 335/272/214 26/274/214
f 873/21/79 874/108/80 872/19/79
f 610/57/376 613/42/658 612/121/658
f 159/109/81 156/86/81 128/86/81
f 675/50/413 677/96/356 676/18/356
f 888/121/489 891/43/498 890/44/500
f 271/18/62 272/18/62 223/68/62
f 358/98/72 362/100/74 363/111/83
f 894/53/695 897/306/626 896/63/626
f 594/55/29 596/232/29 600/590/29
f 330/593/211 6/63/211 320/121/211
f 272/18/62 273/18/62 224/69/62
f 295/467/62 288/90/62 262/86/62
f 681/82/360 680/58/360 678/238/357
f 3/120/26 4/121/26 67/280/26
f 223/68/62 222/462/62 271/18/62
f 348/76/55 74/78/55 62/46/35
f 343/790/26 317/432/26 341/584/26
f 90/18/26 347/791/26 349/792/26
f 879/213/492 878/518/696 904/291/493
f 1285/789/40 1286/211/40 1092/531/40
f 895/52/495 894/53/695 902/53/496
f 891/43/498 900/43/697 901/44/499
f 877/459/501 892/394/698 893/203/502
f 317/432/21 321/432/21 320/121/21
f 90/18/26 350/519/26 347/791/26
f 343/790/26 342/793/26 317/432/26
f 956/57/60 957/83/60 959/42/308
f 519/220/186 449/203/186 446/108/328
f 90/18/26 349/792/26 348/585/26
f 336/225/26 339/534/26 323/226/26
f 317/432/26 90/18/26 348/585/26
f 342/793/26 344/522/26 317/432/26
f 55/93/68 252/375/68 253/94/69
f 1440/217/632 1442/528/632 1445/577/633
f 1281/35/40 1282/785/40 1088/563/41
f 1087/65/40 1281/35/40 1088/563/41
f 177/735/21 164/733/21 6/249/21
f 467/57/326 463/58/327 516/434/327
f 211/576/630 215/14/679 209/14/631
f 927/42/308 928/44/191 926/121/308
f 922/58/59 925/83/60 924/57/60
f 166/734/21 165/730/21 6/249/21
f 967/306/504 968/25/505 966/63/504
f 1045/50/37 1046/18/70 1044/291/37
f 1449/74/508 1447/73/508 1439/218/508
f 268/18/62 230/40/62 229/231/62
f 1444/523/508 1449/74/508 1439/218/508
f 792/476/420 782/698/420 781/477/420
f 957/83/60 954/58/59 955/82/59
f 921/97/172 922/58/59 920/238/172
f 158/18/642 142/14/647 145/18/373
f 824/479/421 823/499/473 826/480/422
f 1433/63/244 1432/53/39 1416/52/39
f 991/42/32 993/43/33 992/44/33
f 1426/238/71 1425/18/70 1409/96/70
f 858/121/36 859/63/36 1438/63/36
f 497/426/21 498/650/21 485/259/21
f 1422/203/170 1421/108/290 1405/107/290
f 1380/83/61 1396/57/61 1395/58/81
f 246/673/81 244/794/81 242/726/81
f 459/243/314 453/56/363 509/56/321
f 86/22/22 84/688/684 48/23/23
f 1407/49/36 1423/48/36 1422/203/170
f 1278/243/40 1279/417/40 1086/207/40
f 1418/26/25 1434/25/25 1433/63/244
f 1415/51/38 1431/230/38 1430/44/33
f 1315/82/81 1331/58/81 1330/238/71
f 1416/52/39 1432/53/39 1431/230/38
f 36/512/21 38/609/21 32/301/21
f 20/345/21 23/333/21 25/418/21
f 966/237/40 942/56/41 950/35/41
f 970/177/21 973/21/20 972/19/20
f 969/26/505 938/199/200 968/25/505
f 1375/49/36 1391/48/36 1390/203/170
f 526/795/29 516/38/29 483/370/29
f 506/581/231 483/57/68 505/422/68
f 764/313/437 758/494/164 757/493/436
f 512/63/363 510/121/363 513/63/363
f 29/283/21 34/282/21 36/512/21
f 762/49/162 764/49/437 767/96/439
f 1409/96/70 1425/18/70 1424/291/37
f 1399/230/38 1398/44/33 1382/43/33
f 1424/291/37 1423/48/36 1407/49/36
f 296/85/62 297/79/62 264/86/62
f 1372/21/20 1388/19/20 1387/177/21
f 1355/199/620 1370/25/245 1354/26/245
f 64/87/63 66/796/650 17/88/64
f 1395/58/81 1394/238/71 1378/97/71
f 1386/26/25 1402/25/25 1401/63/244
f 379/393/21 380/234/21 119/715/21
f 1279/417/40 1280/34/40 1087/65/40
f 1306/452/40 1291/102/40 1292/101/40
f 654/18/625 659/221/625 656/18/625
f 1401/63/244 1400/53/39 1384/52/39
f 288/90/66 301/90/66 305/91/67
f 1277/56/41 1278/243/40 1084/562/41
f 1387/199/21 1402/25/25 1386/26/25
f 978/48/36 981/50/37 980/291/37
f 1382/43/33 1398/44/33 1397/121/32
f 37/31/27 254/33/27 256/568/231
f 1288/538/39 1287/544/38 1078/51/38
f 416/42/81 434/579/81 418/681/81
f 381/659/21 78/718/309 80/716/21
f 1368/53/621 1367/230/624 1351/51/624
f 529/371/29 526/795/29 483/370/29
f 654/18/625 655/86/625 659/221/625
f 487/210/29 489/55/29 527/423/29
f 741/27/452 755/306/427 778/306/435
f 378/406/21 70/710/21 61/708/21
f 1346/97/623 1362/238/623 1361/18/618
f 743/107/446 741/20/452 759/20/451
f 1337/63/244 1336/53/39 1320/52/39
f 228/466/62 103/465/62 265/18/62
f 640/222/625 641/287/625 656/18/625
f 1376/50/37 1392/291/37 1391/48/36
f 297/79/62 298/81/62 264/86/62
f 1322/26/25 1338/25/25 1337/63/244
f 377/405/21 56/704/21 54/684/21
f 1369/63/246 1368/53/621 1352/52/621
f 1348/83/184 1364/57/184 1363/58/622
f 1347/82/622 1363/58/622 1362/238/623
f 379/393/21 88/365/21 382/29/21
f 1333/121/32 1332/57/61 1316/83/61
f 1341/107/353 1357/108/353 1356/19/619
f 1275/782/40 1276/797/40 1083/101/40
f 1313/96/70 1329/18/70 1328/291/37
f 84/687/21 86/696/21 381/659/21
f 1032/25/25 1003/27/21 1002/199/21
f 427/149/29 428/112/29 430/248/29
f 1028/53/39 1031/306/244 1030/63/244
f 1023/42/32 1024/44/33 1022/121/32
f 1351/51/624 1367/230/624 1366/44/576
f 1324/19/20 1308/21/20 1309/107/290
f 800/96/242 802/82/241 801/58/462
f 190/694/81 201/329/81 1/42/81
f 1037/21/20 1038/108/290 1036/19/20
f 494/306/189 496/26/188 495/25/188
f 1320/52/39 1336/53/39 1335/230/38
f 82/366/21 84/687/21 382/29/21
f 444/20/21 450/21/315 447/19/315
f 1344/50/617 1360/291/617 1359/48/596
f 325/226/26 338/756/26 335/745/26
f 502/420/316 477/238/316 473/18/312
f 804/42/466 806/51/479 805/230/467
f 228/466/62 269/18/62 229/231/62
f 1377/96/70 1393/18/70 1392/291/37
f 459/243/314 508/243/314 500/417/196
f 125/18/514 109/18/514 371/113/514
f 125/18/514 117/18/514 90/18/514
f 1276/797/40 1277/56/41 1083/101/40
f 125/18/514 90/18/514 109/18/514
f 371/113/514 372/86/514 128/86/514
f 1083/101/40 1277/56/41 1084/562/41
f 1096/453/244 1097/452/25 1306/452/25
f 1026/212/41 1028/236/41 1030/237/41
f 117/18/514 312/226/514 90/18/514
f 372/86/514 46/86/514 128/86/514
f 596/19/370 597/21/370 599/107/379
f 810/493/456 816/314/253 817/313/252
f 1026/212/41 1030/237/41 1018/141/40
f 312/226/514 323/226/514 90/18/514
f 46/86/514 313/242/514 121/86/514
f 1063/306/244 1064/25/25 1062/63/244
f 1327/48/36 1326/203/170 1310/394/170
f 1096/453/244 1305/453/244 1304/67/39
f 1412/83/61 1428/57/61 1427/58/81
f 1075/83/61 1283/546/81 1074/82/81
f 46/86/514 324/242/514 313/242/514
f 269/18/62 268/18/62 229/231/62
f 1280/34/40 1281/35/40 1087/65/40
f 337/275/205 345/643/212 27/276/212
f 631/112/279 648/471/279 647/353/279
f 1356/19/619 1355/177/620 1339/20/620
f 468/291/311 499/416/311 503/414/312
f 83/278/216 257/317/216 260/279/217
f 1319/51/38 1335/230/38 1334/44/33
f 1087/65/37 1088/563/70 1297/563/70
f 429/249/21 430/248/21 432/408/21
f 335/272/214 338/798/204 33/273/204
f 1091/66/61 1300/66/61 1299/548/81
f 1092/531/32 1301/531/32 1300/66/61
f 433/408/21 437/409/21 420/249/21
f 1360/291/617 1344/50/617 1345/96/618
f 1085/208/170 1294/208/170 1293/562/290
f 434/560/29 435/529/29 432/677/29
f 448/121/26 456/648/26 497/426/26
f 448/121/81 442/63/81 479/63/81
f 1222/230/513 1223/53/614 1239/53/614
f 444/321/26 496/655/26 497/426/26
f 494/656/26 492/646/26 497/426/26
f 1282/785/40 1283/141/40 1090/548/40
f 496/655/26 494/656/26 497/426/26
f 1088/563/70 1089/547/71 1298/547/71
f 1091/66/40 1285/789/40 1092/531/40
f 804/42/466 802/82/241 822/82/469
f 488/269/189 486/427/189 485/259/189
f 488/269/26 445/86/26 448/121/26
f 470/404/26 471/295/26 448/121/26
f 445/86/26 470/404/26 448/121/26
f 510/121/26 511/586/26 456/648/26
f 460/293/81 457/42/81 454/120/81
f 1124/121/225 1125/44/226 1141/44/226
f 125/18/21 158/18/21 157/410/21
f 456/648/26 450/649/26 497/426/26
f 450/649/26 444/321/26 497/426/26
f 454/120/26 448/121/26 471/295/26
f 1316/83/61 1332/57/61 1331/58/81
f 1221/44/512 1237/44/512 1236/121/699
f 474/294/26 454/120/26 471/295/26
f 924/57/60 925/83/60 927/42/308
f 448/121/26 510/121/26 456/648/26
f 1268/161/40 1270/211/40 1274/54/40
f 227/462/230 278/462/230 279/41/31
f 1271/212/40 1272/236/40 1274/54/40
f 1272/236/40 1273/237/41 1274/54/40
f 269/18/193 270/18/277 241/18/277
f 265/18/62 270/18/62 228/466/62
f 294/84/62 265/18/62 103/465/62
f 1266/140/40 1268/161/40 1274/54/40
f 474/294/26 451/411/26 454/120/26
f 448/121/26 476/121/26 510/121/26
f 1268/161/40 1269/210/41 1270/211/40
f 1264/34/40 1265/35/40 1266/140/40
f 1266/140/40 1267/141/415 1268/161/40
f 357/402/307 372/86/255 374/363/288
f 1254/43/33 1270/44/33 1269/121/32
f 1196/108/40 1212/108/40 1211/19/40
f 207/14/306 209/14/306 161/14/15
f 1270/211/40 1271/212/40 1274/54/40
f 130/561/306 207/14/306 161/14/15
f 1224/63/40 1223/53/40 1208/63/40
f 1261/56/40 1262/243/40 1274/54/40
f 871/20/483 873/21/79 872/19/79
f 1082/102/40 1097/452/40 1290/451/40
f 1262/243/40 1263/417/41 1266/140/40
f 513/249/29 479/249/29 499/263/29
f 850/121/81 848/63/81 845/63/81
f 1274/54/40 1259/55/690 1260/232/40
f 160/147/306 130/561/306 161/14/15
f 1260/232/40 1261/56/40 1274/54/40
f 1263/417/41 1264/34/40 1266/140/40
f 348/76/55 349/533/56 79/77/56
f 264/86/62 265/18/62 294/84/62
f 298/81/62 299/449/62 264/86/62
f 438/397/301 416/160/301 420/63/301
f 1179/19/577 1180/108/616 1196/108/616
f 433/399/302 422/799/302 418/400/302
f 1245/107/290 1261/108/290 1260/19/20
f 1261/108/290 1245/107/290 1246/394/170
f 1084/562/290 1293/562/290 1292/101/20
f 725/236/40 726/237/690 727/54/40
f 297/79/57 310/507/57 309/80/58
f 1255/51/38 1271/230/38 1270/44/33
f 391/400/62 393/86/62 394/18/62
f 1220/121/40 1219/57/40 1204/121/40
f 1266/238/71 1265/18/70 1249/96/70
f 1205/44/40 1222/230/40 1221/44/40
f 1224/63/613 1240/63/613 1239/53/614
f 1002/177/21 1003/20/21 1005/21/20
f 379/393/300 386/28/300 385/235/300
f 425/121/21 419/249/21 421/248/21
f 114/455/615 123/254/615 207/14/615
f 1264/291/37 1248/50/37 1249/96/70
f 873/649/285 871/321/48 877/520/48
f 1215/291/597 1216/18/598 1232/18/598
f 1251/82/81 1267/58/81 1266/238/71
f 235/18/50 234/18/236 274/18/236
f 1359/48/596 1358/203/352 1342/394/352
f 1148/108/564 1149/203/595 1165/203/595
f 1273/63/244 1272/53/39 1256/52/39
f 1217/238/592 1233/238/592 1232/18/598
f 1267/58/81 1251/82/81 1252/83/61
f 883/357/285 881/800/285 879/358/285
f 399/368/214 393/86/81 395/82/81
f 408/381/108 403/137/108 400/377/212
f 406/385/34 405/136/107 410/135/107
f 1220/121/593 1236/121/699 1235/57/594
f 1234/58/591 1233/238/592 1217/238/592
f 340/70/51 47/292/51 40/71/52
f 1211/19/543 1227/19/543 1226/177/165
f 98/765/21 102/768/21 19/763/21
f 1205/44/556 1188/121/584 1189/44/556
f 971/27/21 970/199/21 1000/25/25
f 1219/57/594 1235/57/594 1234/58/591
f 412/388/214 399/368/214 395/82/81
f 1225/25/167 1240/63/613 1224/63/613
f 1181/203/586 1196/108/616 1180/108/616
f 941/21/201 943/107/490 942/108/490
f 1213/203/588 1229/203/588 1228/108/544
f 613/42/658 615/43/392 614/44/394
f 944/203/491 945/394/491 947/49/228
f 1188/121/584 1204/121/584 1203/57/585
f 922/141/41 924/161/40 918/35/41
f 977/394/170 979/49/36 978/48/36
f 1184/18/582 1200/18/582 1199/291/574
f 1172/121/572 1188/121/572 1187/57/565
f 1264/291/37 1263/48/36 1247/49/36
f 914/417/41 916/34/41 918/35/41
f 1328/291/37 1327/48/36 1311/49/36
f 906/55/41 908/232/41 910/56/41
f 251/622/178 133/18/178 162/558/178
f 1405/107/290 1421/108/290 1420/19/20
f 1192/63/567 1193/25/570 1209/25/570
f 529/525/332 469/121/332 467/57/326
f 1214/48/587 1230/48/587 1229/203/588
f 1225/25/40 1224/63/40 1208/63/40
f 1185/238/580 1201/238/580 1200/18/582
f 1221/44/512 1236/121/699 1220/121/593
f 361/307/247 356/580/640 352/267/212
f 558/63/348 559/306/348 561/26/694
f 1185/238/580 1186/58/581 1202/58/581
f 1221/44/40 1220/121/40 1204/121/40
f 421/108/62 417/400/62 424/86/62
f 1191/53/568 1207/53/568 1206/230/555
f 1196/108/40 1213/203/40 1212/108/40
f 1165/203/169 1166/48/561 1182/48/561
f 1184/18/207 1183/291/560 1167/291/560
f 249/801/178 251/622/178 162/558/178
f 223/68/49 224/69/50 285/69/50
f 1290/451/40 1275/782/40 1082/102/40
f 419/249/29 415/149/29 435/529/29
f 1214/48/41 1199/291/41 1215/291/40
f 352/267/29 11/248/29 329/555/29
f 11/248/29 6/249/29 329/555/29
f 327/556/29 1/149/29 352/267/29
f 1/149/29 354/802/29 352/267/29
f 55/93/68 49/569/231 256/374/231
f 6/249/29 330/803/29 329/555/29
f 457/160/196 442/63/196 448/121/196
f 327/556/29 328/804/29 1/149/29
f 934/237/40 936/54/40 910/56/41
f 1/149/29 351/350/29 353/805/29
f 1174/230/578 1175/53/579 1191/53/579
f 974/108/290 975/107/290 977/394/170
f 230/40/30 231/41/31 279/41/31
f 1190/230/578 1189/44/573 1173/44/573
f 1/149/29 353/805/29 354/802/29
f 1152/18/549 1153/238/557 1169/238/557
f 1178/199/569 1194/199/569 1209/25/570
f 1254/43/33 1269/121/32 1253/42/32
f 934/237/40 910/56/41 918/35/41
f 1167/291/560 1183/291/560 1182/48/561
f 1148/108/564 1164/108/564 1163/19/562
f 1171/57/565 1187/57/565 1186/58/566
f 184/553/21 179/806/21 109/18/21
f 1282/785/40 1089/547/41 1088/563/41
f 1169/238/571 1170/58/566 1186/58/566
f 334/570/26 314/226/26 333/362/26
f 275/18/260 233/18/260 220/18/287
f 1172/121/572 1173/44/573 1189/44/573
f 1192/63/567 1208/63/567 1207/53/568
f 1183/291/574 1199/291/574 1198/48/575
f 393/86/81 391/96/81 395/82/81
f 403/137/26 405/136/26 406/385/26
f 646/468/81 650/468/81 653/469/81
f 1222/230/40 1207/53/40 1223/53/40
f 1153/238/557 1154/58/552 1170/58/552
f 896/237/40 898/54/41 876/590/41
f 161/14/21 384/807/21 385/359/21
f 338/758/204 35/277/205 33/273/204
f 894/53/695 895/52/495 897/306/626
f 1151/291/550 1167/291/550 1166/48/553
f 1289/757/40 1290/451/40 1096/453/40
f 561/26/694 530/199/209 560/25/694
f 1159/53/541 1175/53/541 1174/230/547
f 228/466/277 277/465/678 103/465/678
f 1152/18/549 1168/18/549 1167/291/550
f 614/211/29 626/236/29 618/236/29
f 179/806/21 180/742/21 109/18/21
f 1144/63/540 1160/63/540 1159/53/537
f 1145/25/539 1130/199/548 1146/199/548
f 596/232/29 598/56/29 600/590/29
f 602/591/29 618/236/29 600/590/29
f 1139/57/42 1140/121/542 1156/121/542
f 1207/53/40 1208/63/40 1223/53/40
f 314/226/26 315/242/26 333/362/26
f 1350/43/576 1366/44/576 1365/121/183
f 1157/44/554 1173/44/554 1172/121/530
f 884/141/41 886/161/40 878/591/40
f 1157/44/545 1156/121/542 1140/121/542
f 1161/25/533 1146/199/551 1162/199/551
f 1131/19/403 1147/19/403 1146/177/548
f 109/18/21 90/18/21 181/554/21
f 1190/230/555 1206/230/555 1205/44/556
f 1136/18/527 1137/238/197 1153/238/197
f 872/232/41 874/56/661 876/590/41
f 956/161/40 958/210/40 950/35/41
f 1097/452/25 1291/102/21 1306/452/25
f 1159/53/541 1160/63/534 1176/63/534
f 898/54/41 870/55/40 876/590/41
f 1316/83/61 1331/58/81 1315/82/81
f 322/378/26 319/120/26 333/362/26
f 946/417/41 948/34/41 950/35/41
f 1211/19/543 1212/108/544 1228/108/544
f 436/397/301 427/160/301 429/63/301
f 966/237/40 968/54/40 942/56/41
f 1338/54/40 1326/243/40 1330/140/40
f 1142/230/538 1158/230/538 1157/44/545
f 315/242/26 322/378/26 333/362/26
f 1200/18/40 1201/238/40 1216/18/40
f 1179/19/577 1195/19/577 1194/177/569
f 1120/18/535 1136/18/535 1135/291/536
f 1118/48/518 1119/291/536 1135/291/536
f 1200/18/40 1216/18/40 1215/291/40
f 15/18/21 59/18/21 388/565/21
f 1143/53/537 1159/53/537 1158/230/538
f 320/121/26 321/432/26 334/570/26
f 1197/203/41 1198/48/41 1214/48/41
f 1400/53/39 1399/230/38 1383/51/38
f 1161/25/533 1177/25/533 1176/63/534
f 1128/63/524 1144/63/524 1143/53/532
f 1132/108/404 1133/203/526 1149/203/525
f 1198/48/41 1199/291/41 1214/48/41
f 1195/19/40 1196/108/40 1211/19/40
f 1292/101/40 1294/208/41 1296/65/41
f 477/140/29 480/37/29 525/39/29
f 1126/230/531 1127/53/532 1143/53/532
f 220/18/21 162/18/21 386/360/21
f 342/247/107 63/246/107 58/551/108
f 1129/25/523 1114/199/330 1130/199/330
f 387/567/21 220/18/21 386/360/21
f 161/14/21 383/683/21 384/807/21
f 1155/57/529 1156/121/530 1172/121/530
f 495/54/29 441/55/29 514/808/29
f 1103/50/37 1119/291/37 1118/48/36
f 830/502/475 827/481/423 826/480/422
f 1318/43/33 1333/121/32 1317/42/32
f 1116/108/522 1132/108/522 1131/19/329
f 1133/203/519 1132/108/522 1116/108/522
f 377/405/687 389/700/687 378/406/687
f 1125/44/226 1126/230/531 1142/230/531
f 263/18/21 220/18/21 387/567/21
f 161/14/21 216/15/177 383/683/21
f 220/18/21 221/18/21 162/18/21
f 1094/564/38 1302/532/33 1093/532/33
f 1145/25/539 1161/25/539 1160/63/540
f 1134/48/520 1150/48/520 1149/203/525
f 1136/18/527 1152/18/527 1151/291/521
f 1279/550/36 1278/809/170 1069/394/170
f 1210/199/40 1195/19/40 1211/19/40
f 1134/48/520 1135/291/528 1151/291/521
f 388/303/62 381/659/62 378/164/62
f 1069/394/170 1278/809/170 1277/549/290
f 1196/108/40 1197/203/41 1213/203/40
f 1106/82/81 1122/58/81 1121/238/71
f 147/86/280 244/754/281 246/214/281
f 319/120/211 1/160/211 328/367/211
f 1118/48/518 1134/48/518 1133/203/519
f 1121/238/517 1122/58/325 1138/58/325
f 1199/291/41 1200/18/40 1215/291/40
f 246/214/286 250/214/286 135/86/286
f 647/353/279 646/468/279 645/249/279
f 1197/203/41 1214/48/41 1213/203/40
f 1209/25/40 1210/199/40 1225/25/40
f 1109/43/33 1124/121/32 1108/42/32
f 874/108/80 875/107/80 877/459/381
f 1356/232/40 1358/243/40 1362/140/40
f 305/91/67 304/80/187 291/223/187
f 462/293/27 460/293/313 451/411/313
f 1314/97/71 1329/18/70 1313/96/70
f 901/230/516 900/51/516 903/52/516
f 1098/27/21 1114/199/21 1129/25/25
f 638/461/382 639/209/382 637/209/382
f 618/53/383 619/52/389 621/306/355
f 570/230/368 571/51/368 573/52/27
f 497/426/26 486/427/26 488/269/26
f 717/291/37 700/49/36 701/50/37
f 1126/230/38 1125/44/33 1109/43/33
f 155/18/104 145/18/669 142/14/105
f 1296/65/41 1298/547/40 1300/66/40
f 1304/67/40 1306/452/40 1296/65/41
f 1208/63/40 1209/25/40 1225/25/40
f 330/337/81 332/810/81 334/338/81
f 225/327/236 226/328/260 287/328/260
f 425/121/196 423/120/196 415/160/196
f 930/230/192 931/51/192 933/52/509
f 1116/108/290 1100/107/290 1101/394/170
f 1209/25/40 1194/177/41 1210/199/40
f 1283/546/81 1282/545/71 1073/97/71
f 292/117/89 303/224/89 302/118/90
f 73/334/264 71/635/664 21/335/265
f 1040/243/40 1044/34/40 1060/236/40
f 1089/547/71 1090/548/81 1299/548/81
f 1373/107/290 1388/19/20 1372/21/20
f 700/49/36 716/48/36 715/203/170
f 1411/82/81 1426/238/71 1410/97/71
f 1435/121/70 1437/63/70 1436/121/70
f 1399/212/41 1400/236/41 1401/237/41
f 1052/161/40 1054/210/40 1060/236/40
f 1036/232/40 1038/56/40 1040/243/40
f 1040/243/40 1042/417/40 1044/34/40
f 1128/63/244 1127/53/39 1111/52/39
f 1390/203/170 1373/107/290 1374/394/170
f 1114/177/21 1098/20/21 1099/21/20
f 1062/237/40 1064/54/41 1036/232/40
f 1064/54/41 1034/55/661 1036/232/40
f 372/86/255 185/811/81 186/318/81
f 1294/208/41 1295/207/41 1296/65/41
f 1054/210/40 1056/211/41 1060/236/40
f 643/86/81 657/86/81 637/209/81
f 1044/34/40 1046/35/40 1048/140/41
f 774/481/459 771/479/305 770/499/449
f 1048/140/41 1050/141/41 1044/34/40
f 187/319/81 189/572/81 372/86/255
f 1282/545/71 1281/540/70 1072/96/70
f 1000/54/40 970/55/40 972/232/40
f 1194/177/41 1195/19/40 1210/199/40
f 373/364/289 371/113/666 355/241/199
f 1115/19/20 1099/21/20 1100/107/290
f 1050/141/41 1052/161/40 1044/34/40
f 1056/211/41 1058/212/40 1060/236/40
f 715/243/41 716/417/41 717/34/40
f 1420/232/40 1424/34/40 1428/161/40
f 189/572/81 188/812/81 46/86/81
f 714/108/290 713/19/20 697/21/20
f 372/86/255 351/350/278 185/811/81
f 1275/541/21 1290/675/25 1081/26/25
f 351/350/278 195/644/81 185/811/81
f 808/306/398 806/51/479 828/51/478
f 988/57/61 989/83/61 991/42/32
f 1281/540/70 1280/543/37 1071/50/37
f 238/18/31 268/18/30 239/18/30
f 538/417/29 540/34/29 546/141/29
f 1068/107/290 1277/549/290 1276/395/20
f 558/237/29 560/54/29 530/55/29
f 1292/101/40 1293/562/41 1294/208/41
f 912/203/491 913/394/491 915/49/228
f 1060/236/40 1062/237/40 1036/232/40
f 473/35/29 525/39/29 524/36/29
f 229/231/193 282/466/277 228/466/277
f 950/35/41 958/210/40 966/237/40
f 861/63/81 1436/121/81 1437/63/81
f 520/813/29 523/573/29 493/243/29
f 514/808/29 520/813/29 495/54/29
f 468/34/29 524/36/29 518/814/29
f 441/55/29 447/232/29 514/808/29
f 493/243/29 495/54/29 520/813/29
f 523/573/29 528/386/29 491/56/29
f 522/583/29 514/808/29 447/232/29
f 855/160/48 852/160/48 868/64/48
f 468/34/29 518/814/29 515/582/29
f 459/243/29 515/582/29 519/539/29
f 1304/67/40 1305/453/40 1306/452/40
f 1443/574/627 1445/577/700 1446/575/628
f 152/86/19 139/86/19 160/16/19
f 261/316/189 83/278/216 81/229/189
f 1303/564/40 1304/67/40 1300/66/40
f 188/812/81 196/636/81 46/86/81
f 1324/19/20 1323/177/21 1307/20/21
f 1444/523/634 1446/575/701 1450/75/635
f 1439/218/637 1447/73/702 1448/527/638
f 1323/199/21 1322/26/25 1307/27/21
