# Wolfosito optical head; front pane split into blue-green and amber optical surfaces.
v 0.117216021 -0.226923972 -0.198430017
v -0.117783979 -0.0709290057 -0.0174980015
v 0.10221602 -0.0292559862 0.196511999
v -0.0777839869 -0.0292560011 0.196511999
v 0.142216012 -0.0709289834 -0.0174980015
v -0.0927839726 -0.226924002 -0.198430017
v -0.117783979 -0.074101001 0.00341999531
v 0.117215991 0.204971999 -0.441834033
v 0.142216012 -0.0741009861 0.00341999531
v -0.111783996 0.0143529959 -0.339178026
v -0.0927839726 -0.158225 -0.198430017
v -0.111783996 0.0293819979 -0.354215026
v -0.111783996 0.0154969953 -0.34493202
v -0.117783979 -0.0833059996 0.0222909972
v -0.0927840024 0.204971999 -0.441834033
v -0.111783996 0.0187549964 -0.349811018
v -0.111783996 0.0236300007 -0.353070021
v 0.142216012 -0.0833059847 0.0222909972
v -0.117783979 -0.0976440012 0.0372669958
v -0.111783996 0.0691939965 -0.354215026
v -0.111783996 0.0842229947 -0.339178026
v 0.142216012 -0.0976439863 0.0372669958
v -0.111783996 0.0749449953 -0.353070021
v 0.0872160047 0.0707440153 0.196511999
v -0.111783996 0.079820998 -0.349811018
v 0.0173410214 -0.154573992 0.175402999
v 0.00734102167 -0.164573997 0.175402999
v -0.111783996 0.0830789879 -0.34493202
v -0.111783996 0.0293819979 -0.310057998
v 0.102216005 0.0557440147 0.196511999
v 0.117215991 0.156299025 -0.0279400051
v -0.111783996 0.0143529959 -0.325096011
v 0.0160010215 -0.159574002 0.175402999
v -0.111783996 0.0236300007 -0.311203003
v 0.0123410216 -0.163233995 0.175402999
v -0.111783996 0.0187549964 -0.314463019
v 0.0929560065 0.0696020126 0.196511999
v -0.111783996 0.0154969953 -0.319341004
v -0.111783996 0.0842229947 -0.325096011
v 0.00734101562 -0.084573999 0.175402999
v -0.117783979 -0.115711004 0.0468819961
v -0.111783996 0.0691939965 -0.310057998
v 0.0173410177 -0.0945739895 0.175402999
v -0.111783996 0.0830789879 -0.319341004
v -0.111783996 0.079820998 -0.314463019
v 0.117216006 -0.0387299843 0.167402998
v 0.012341016 -0.0859139934 0.175402999
v -0.111783996 0.0749449953 -0.311203003
v 0.0978230089 0.0663510114 0.196511999
v -0.0967839956 0.0290709957 -0.357062995
v 0.142216012 -0.115710989 0.0468819961
v -0.0967839956 0.028926 -0.357034981
v 0.0160010159 -0.0895739943 0.175402999
v -0.0967839956 0.0695049986 -0.357062995
v 0.10107401 0.0614840165 0.196511999
v -0.0967839956 0.0758979991 -0.356148005
v -0.0967839956 0.0822029933 -0.352326989
v -0.0376589783 -0.164573997 0.175402999
v -0.0927840024 0.156298995 -0.0279400051
v -0.0967839956 0.0820809975 -0.352409005
v -0.0967839956 0.0856979862 -0.34633702
v -0.0476589799 -0.154574007 0.175402999
v -0.0426589809 -0.163233995 0.175402999
v -0.0967839956 0.0224109963 -0.356037974
v -0.0777840018 0.0557439998 0.196511999
v -0.0967839956 0.0225329995 -0.356118977
v -0.0627840012 0.0707440004 0.196511999
v -0.0967839956 0.0760430023 -0.356118977
v -0.0463189781 -0.159574002 0.175402999
v -0.0967839956 0.0857799873 -0.346213996
v -0.0967839956 0.0867229924 -0.339294016
v -0.117783979 -0.135738 0.0501949936
v -0.0967839956 0.0866949931 -0.339438021
v -0.0476589836 -0.094573997 0.175402999
v -0.037658982 -0.084573999 0.175402999
v -0.0967839956 0.0822849944 -0.312068999
v -0.0766419917 0.0614840016 0.196511999
v -0.0967839956 0.0857799873 -0.318059027
v -0.0463189818 -0.0895739943 0.175402999
v -0.0967839956 0.0858089849 -0.318203032
v -0.0733909905 0.0663509965 0.196511999
v -0.0967839956 0.069648996 -0.307238996
v -0.0685239881 0.0696019977 0.196511999
v -0.0967839956 0.0760430023 -0.308153987
v -0.0426589847 -0.0859140009 0.175402999
v -0.0967839956 0.0761649981 -0.308236003
v 0.142216012 -0.135737985 0.0501949936
v -0.0967839956 0.0695049986 -0.307210028
v -0.0967839956 0.0822029933 -0.311945975
v -0.0927839875 -0.0387300029 0.167402998
v -0.117783964 -0.155764997 0.0468819961
v -0.0967839956 0.0867229924 -0.324979007
v -0.0923900008 0.114999987 -0.0229400024
v -0.0967839956 0.0127949975 -0.346213996
v 0.142216027 -0.155764997 0.0468819961
v -0.0967839956 0.0162899978 -0.352204978
v -0.0967839956 0.0163719989 -0.352326989
v -0.117783964 -0.173831016 0.0372669958
v 0.142216027 -0.173830986 0.0372669958
v -0.0967839956 0.0118519999 -0.324979007
v -0.0967839956 0.0118809976 -0.324835002
v -0.117783964 -0.188169003 0.0222909972
v -0.0923900008 0.114999987 0.174201995
v -0.0967839956 0.0118519999 -0.339294016
v -0.0967839956 0.0127669983 -0.346069992
v 0.142216027 -0.188168973 0.0222909972
v -0.0967839956 0.0163719989 -0.311945975
v -0.117783964 -0.197375 0.00341999531
v -0.0927839875 -0.0291720014 -0.392253995
v -0.0967839956 0.0164950006 -0.311864018
v 0.142216027 -0.19737497 0.00341999531
v -0.0967839956 0.0128769986 -0.317936003
v -0.0967839956 0.0290709957 -0.307210028
v 0.117216006 -0.0227779858 -0.481992006
v -0.0967839956 0.0226769969 -0.308125019
v -0.117783964 -0.20054701 -0.0174980015
v -0.11274299 -0.0391350016 0.19117099
v -0.0967839956 0.0127949975 -0.318059027
v -0.0967839956 0.0225329995 -0.308153987
v 0.142216027 -0.20054698 -0.0174980015
v 0.137175009 -0.039134983 0.19117099
v -0.117783964 -0.197375 -0.0384160057
v -0.122783989 -0.0227780025 -0.481992006
v 0.142216027 -0.19737497 -0.0384160057
v -0.11274299 -0.0289990027 -0.402399004
v -0.117783964 -0.188169003 -0.0572860092
v 0.142216027 -0.188168973 -0.0572860092
v 0.137175009 -0.028998984 -0.402399004
v -0.117783964 -0.173831016 -0.072262004
v 0.117216006 -0.0316579863 -0.404821992
v 0.142216027 -0.173830986 -0.072262004
v -0.117783964 -0.155764997 -0.0818770081
v -0.11274299 -0.0191760026 0.191511989
v 0.142216027 -0.155764997 -0.0818770081
v 0.137175009 -0.019175984 0.191511989
v -0.11274299 -0.0090390034 -0.402058005
v -0.117783979 -0.135738 -0.0851899981
v 0.142216012 -0.135737985 -0.0851899981
v 0.137175009 -0.00903898105 -0.402058005
v -0.117783979 -0.115711004 -0.0818770081
v 0.133876011 -0.0190779846 -0.398783982
v -0.109443992 -0.0190780032 -0.398783982
v 0.142216012 -0.115710989 -0.0818770081
v -0.117783979 -0.0976440012 -0.072262004
v -0.109443992 -0.0290970039 0.187896997
v 0.142216012 -0.0976439863 -0.072262004
v 0.133876011 -0.0290969852 0.187896997
v -0.11274299 -0.0177710038 -0.402207017
v -0.117783979 -0.0833059996 -0.0572860092
v 0.142216012 -0.0833059847 -0.0572860092
v 0.137175009 -0.0279079843 0.191363007
v 0.137175009 -0.0177709851 -0.402207017
v -0.117783979 -0.074101001 -0.0384160057
v 0.142216012 -0.0741009861 -0.0384160057
v -0.11274299 -0.027908003 0.191363007
v 0.137175009 -0.0202659834 -0.402249992
v -0.11274299 -0.0304030031 0.191320002
v -0.11274299 -0.020266002 -0.402249992
v 0.137175009 -0.0304029845 0.191320002
v 0.117216006 -0.00903898478 -0.402058005
v -0.0927839875 -0.00903899968 -0.402058005
v -0.0927839875 -0.0189660005 0.17920199
v 0.117216006 -0.0189659856 0.17920199
v -0.0927839726 -0.170901 -0.0893830061
v -0.0927839726 -0.201277018 -0.0651150048
v -0.0927839726 -0.183355004 -0.0830370039
v -0.0927839726 -0.212784022 -0.0425320044
v -0.0927839726 -0.216749012 -0.0174980015
v -0.0927839726 -0.201277018 0.0301189981
v -0.0927839726 -0.183355004 0.0480419956
v -0.0927839726 -0.135738 0.0635129958
v -0.0927839726 -0.160771996 0.059547998
v -0.0927839726 -0.110704005 0.059547998
v -0.0927839726 -0.212784022 0.00753599405
v -0.0927839726 -0.135738 -0.0985089988
v -0.0927839875 -0.088120997 0.0480419956
v -0.0927839726 -0.160771996 -0.0945440084
v -0.0927839726 -0.110704005 -0.0945440084
v -0.0927839875 -0.0701979995 -0.0651150048
v -0.0927839875 -0.088120997 -0.0830370039
v -0.0927839875 -0.054727003 -0.0174980015
v -0.0927839875 -0.0701979995 0.0301189981
v -0.0927839875 -0.0586920008 0.00753599405
v -0.0927839875 -0.0586920008 -0.0425320044
v 0.117216006 -0.0881209821 -0.0830370039
v 0.117216006 -0.0701979846 -0.0651150048
v 0.117216006 -0.0586919859 -0.0425320044
v 0.117216006 -0.0586919859 0.00753599405
v 0.117216006 -0.0547269844 -0.0174980015
v 0.117216021 -0.188207984 -0.0781840086
v 0.117216021 -0.212783992 -0.0425320044
v 0.117216021 -0.201276988 -0.0651150048
v 0.117216021 -0.216748983 -0.0174980015
v 0.117216021 -0.212783992 0.00753599405
v 0.117216021 -0.11070399 -0.0945440084
v 0.117216006 -0.0701979846 0.0301189981
v 0.117216021 -0.135737985 -0.0985089988
v 0.117216021 -0.137823984 -0.0981779993
v 0.117216021 -0.160771996 -0.0945440084
v 0.117216021 -0.201276988 0.0301189981
v 0.117216021 -0.183354974 -0.0830370039
v 0.117216006 -0.0881209821 0.0480419956
v 0.117216021 -0.135737985 0.0635129958
v 0.117216021 -0.160771996 0.059547998
v 0.117216021 -0.11070399 0.059547998
v 0.117216021 -0.183354974 0.0480419956
v -0.122783989 -0.031658005 -0.404821992
v -0.122784004 0.0740410015 -0.464920998
v -0.122784004 0.0657550022 -0.392916977
v -0.0927839875 0.0888399854 -0.462311029
v -0.107783988 0.0740410015 -0.464920998
v -0.0939259976 0.0831769928 -0.463310003
v -0.0971769989 0.0783760026 -0.464156032
v -0.102044001 0.0751679987 -0.464722037
v -0.107783988 0.0657550022 -0.392916977
v -0.0927839875 0.0805539861 -0.390308022
v -0.0939259976 0.074891001 -0.391305983
v -0.0971769989 0.0700899959 -0.392153025
v -0.102044001 0.0668819994 -0.392718017
v -0.0927840024 0.104999997 -0.0279400051
v -0.0927840024 0.104999997 0.17920199
v -0.107742995 0.114999987 -0.00758800656
v -0.106951997 0.114999987 -0.0125850067
v -0.104836002 0.114999987 -0.0167370066
v -0.101539999 0.114999987 -0.0200330019
v -0.0973870009 0.114999987 -0.022149004
v -0.107742995 0.114999987 0.158849999
v -0.0973870009 0.114999987 0.173410997
v -0.101539999 0.114999987 0.171294987
v -0.104836002 0.114999987 0.167998999
v -0.106951997 0.114999987 0.163846999
v -0.112743005 0.104999997 -0.00798100233
v -0.0989519954 0.104999997 -0.026963003
v -0.104516 0.104999997 -0.0241290033
v -0.108931005 0.104999997 -0.0197130069
v -0.111765996 0.104999997 -0.0141490027
v -0.112743005 0.104999997 0.159242988
v -0.111765996 0.104999997 0.165410995
v -0.108931005 0.104999997 0.170975
v -0.104516 0.104999997 0.175390989
v -0.0989519954 0.104999997 0.178225994
v 0.10221602 -0.0292559862 0.188313991
v -0.0777839869 -0.0292560011 0.188313991
v 0.10221602 -0.0290969871 0.187896997
v -0.0777839869 -0.029097002 0.187896997
v 0.10221602 -0.0279079862 0.191363007
v -0.0777839869 -0.0279080011 0.191363007
v 0.10221602 -0.0189659856 0.17920199
v -0.0777839869 -0.0189660005 0.17920199
v 0.10221602 -0.0191759858 0.191511989
v -0.0777839869 -0.0191760007 0.191511989
v 0.10107401 0.0614840165 0.17920199
v 0.102216005 0.0557440147 0.17920199
v 0.0929560065 0.0696020126 0.17920199
v 0.0872160047 0.0707440153 0.17920199
v 0.0978230089 0.0663510114 0.17920199
v -0.0685239881 0.0696019977 0.17920199
v -0.0766419917 0.0614840016 0.17920199
v -0.0777840018 0.0557439998 0.17920199
v -0.0627840012 0.0707440004 0.17920199
v -0.0733909905 0.0663509965 0.17920199
v 0.117215991 0.115000017 -0.0279400051
v -0.0927840024 0.114999987 -0.0279400051
v 0.117215991 0.115000017 0.17920199
v -0.0927840024 0.114999987 0.17920199
v -0.112743005 0.114999987 0.159242988
v -0.111765996 0.114999987 0.165410995
v -0.108931005 0.114999987 0.170975
v -0.104516 0.114999987 0.175390989
v -0.0989519954 0.114999987 0.178225994
v -0.112743005 0.114999987 -0.00798100233
v -0.111765996 0.114999987 -0.0141490027
v -0.108931005 0.114999987 -0.0197130069
v -0.104516 0.114999987 -0.0241290033
v -0.0989519954 0.114999987 -0.026963003
v -0.0923900008 0.119999997 -0.0229400024
v -0.0923900008 0.119999997 0.174201995
v -0.107742995 0.119999997 0.158849999
v -0.106951997 0.119999997 0.163846999
v -0.104836002 0.119999997 0.167998999
v -0.101539999 0.119999997 0.171294987
v -0.0973870009 0.119999997 0.173410997
v -0.107742995 0.119999997 -0.00758800656
v -0.106951997 0.119999997 -0.0125850067
v -0.104836002 0.119999997 -0.0167370066
v -0.101539999 0.119999997 -0.0200330019
v -0.0973870009 0.119999997 -0.022149004
v 0.115163997 0.115000017 -0.00794000179
v 0.100163996 0.115000002 -0.0229400024
v 0.114429995 0.115000017 -0.0125760064
v 0.112298995 0.115000017 -0.016757004
v 0.108980998 0.115000002 -0.0200760067
v 0.104799002 0.115000002 -0.022206001
v 0.100163996 0.115000002 0.174201995
v 0.115163997 0.115000017 0.159201995
v 0.104799002 0.115000002 0.173467994
v 0.108980998 0.115000002 0.171337992
v 0.112298995 0.115000017 0.168018997
v 0.114429995 0.115000017 0.163837999
v 0.100163996 0.120000012 -0.0229400024
v 0.115163997 0.120000027 -0.00794000179
v 0.104799002 0.120000012 -0.022206001
v 0.108980998 0.120000012 -0.0200760067
v 0.112298995 0.120000027 -0.016757004
v 0.114429995 0.120000027 -0.0125760064
v 0.115163997 0.120000027 0.159201995
v 0.100163996 0.120000012 0.174201995
v 0.114429995 0.120000027 0.163837999
v 0.112298995 0.120000027 0.168018997
v 0.108980998 0.120000012 0.171337992
v 0.104799002 0.120000012 0.173467994
v 0.0247420128 -0.0391349941 0.19117099
v 0.0296900123 -0.0391349941 0.19117099
v 0.024742024 -0.195425004 0.182402998
v 0.0296900235 -0.195425004 0.182402998
v -0.0927839726 -0.153066993 0.0607689992
v -0.0927839726 -0.184442014 0.167402998
v 0.117216021 -0.184441984 0.167402998
v 0.117216021 -0.250140965 0.182402998
v -0.0927839726 -0.250140995 0.182402998
v -0.0927839726 -0.195425004 0.182402998
v 0.117216021 -0.195424974 0.182402998
v 0.024742011 -0.0387299918 0.167402998
v 0.0296900123 -0.0387299918 0.167402998
v 0.0247420222 -0.184441984 0.167402998
v 0.0296900235 -0.184441984 0.167402998
v 0.0797160268 -0.216923982 -0.198430017
v 0.0797160268 -0.226924002 -0.198430017
v -0.0552839749 -0.216923982 -0.198430017
v -0.0552839749 -0.226924002 -0.198430017
v 0.0797160268 -0.250140995 0.182402998
v -0.0552839749 -0.250140995 0.182402998
v 0.0797160268 -0.240141004 0.182402998
v -0.0552839749 -0.240141004 0.182402998
v 0.0173410214 -0.154573992 0.167402998
v 0.0173410177 -0.0945739895 0.167402998
v 0.0123410216 -0.163233995 0.167402998
v 0.0160010215 -0.159574002 0.167402998
v 0.0160010159 -0.0895739943 0.167402998
v 0.012341016 -0.0859139934 0.167402998
v -0.0476589799 -0.154574007 0.167402998
v -0.0426589809 -0.163233995 0.167402998
v -0.0463189781 -0.159574002 0.167402998
v -0.0376589783 -0.164573997 0.167402998
v 0.00734102167 -0.164573997 0.167402998
v 0.00734101562 -0.084573999 0.167402998
v -0.0426589847 -0.0859140009 0.167402998
v -0.0476589836 -0.094573997 0.167402998
v -0.0463189818 -0.0895739943 0.167402998
v -0.037658982 -0.084573999 0.167402998
v 0.117216021 -0.14822498 -0.198430017
v 0.107216015 -0.158224985 -0.198430017
v 0.115876019 -0.15322499 -0.198430017
v 0.112216026 -0.156884983 -0.198430017
v 0.107216015 -0.14822498 -0.392253995
v 0.107216015 -0.158224985 -0.382254004
v 0.117216021 -0.14822498 -0.382254004
v 0.107216015 -0.153217986 -0.390918016
v 0.112209022 -0.14822498 -0.390918016
v 0.111998022 -0.153006986 -0.389621019
v 0.112209022 -0.156888992 -0.382254004
v 0.107216015 -0.156888992 -0.38724798
v 0.111998022 -0.155590981 -0.387036026
v 0.115880027 -0.14822498 -0.38724798
v 0.115880027 -0.153217986 -0.382254004
v 0.114582017 -0.153006986 -0.387036026
v -0.0927839726 -0.158225 -0.382254004
v -0.0927839726 -0.148225009 -0.392253995
v -0.0927839726 -0.156884998 -0.387254
v -0.0927839726 -0.153225005 -0.390914977
v 0.107216015 -0.0291719865 -0.392253995
v 0.117216006 -0.0293429866 -0.382256031
v 0.112216011 -0.0294269864 -0.390914977
v 0.115876019 -0.0301249865 -0.387254
v -0.0967839807 -0.000711999834 -0.359637022
v -0.0967839956 0.00928799808 -0.369637012
v -0.0967839956 0.0892879888 -0.369637012
v -0.0967839956 0.0992879942 -0.359637022
v -0.0967839956 0.00928799808 -0.269636989
v -0.0967839807 -0.000711999834 -0.279636979
v -0.0967839956 0.0992879942 -0.279636979
v -0.0967839956 0.0892879888 -0.269636989
v -0.0927839875 0.00928799808 -0.369637012
v -0.0927839875 -0.000711999834 -0.359637022
v -0.0927839875 -0.000711999834 -0.279636979
v -0.0927839875 0.00928799808 -0.269636989
v -0.0927839875 0.0892879888 -0.269636989
v -0.0927839875 0.0992879942 -0.279636979
v -0.0927839875 0.0992879942 -0.359637022
v -0.0927839875 0.0892879888 -0.369637012
v 0.106118008 -0.0336729884 -0.422254026
v 0.0511180125 -0.0336729921 -0.422254026
v 0.106118008 -0.0336729884 -0.392253995
v 0.0511180125 -0.0336729921 -0.392253995
v 0.106118008 -0.0787359849 -0.422254026
v 0.0511180162 -0.0787359923 -0.422254026
v 0.0511180162 -0.0787349939 -0.430254042
v 0.106118008 -0.0787349865 -0.430254042
v 0.106118023 -0.125735983 -0.392253995
v 0.0981180221 -0.133735985 -0.392253995
v 0.105046019 -0.129735976 -0.392253995
v 0.102118015 -0.132663995 -0.392253995
v 0.0591180213 -0.133735985 -0.392253995
v 0.05111802 -0.125735998 -0.392253995
v 0.0551180206 -0.132663995 -0.392253995
v 0.0521900207 -0.129735991 -0.392253995
v 0.05111802 -0.125735998 -0.430254042
v 0.0591180213 -0.133735985 -0.430254042
v 0.0521900207 -0.129735991 -0.430254042
v 0.0551180206 -0.132663995 -0.430254042
v 0.0981180221 -0.133735985 -0.430254042
v 0.106118023 -0.125735983 -0.430254042
v 0.102118015 -0.132663995 -0.430254042
v 0.105046019 -0.129735976 -0.430254042
v 0.0483930185 -0.144407004 -0.417254031
v -0.0104069822 -0.128903002 -0.428870022
v 0.0483930148 -0.0994069874 -0.417254031
v -0.0104069822 -0.11491099 -0.428870022
v -0.0416069813 -0.144407004 -0.417254031
v -0.0128069818 -0.128903002 -0.428870022
v -0.041606985 -0.0994070023 -0.417254031
v -0.0128069818 -0.11491099 -0.428870022
v 0.0483930185 -0.144407004 -0.392253995
v 0.0483930148 -0.0994069874 -0.392253995
v -0.0416069813 -0.144407004 -0.392253995
v -0.041606985 -0.0994070023 -0.392253995
v 0.019593019 -0.128903002 -0.428870022
v 0.019593019 -0.11491099 -0.428870022
v 0.0171930194 -0.128903002 -0.428870022
v 0.0171930175 -0.11491099 -0.428870022
v 0.0195930172 -0.104776993 -0.417254031
v 0.0171930175 -0.104776993 -0.417254031
v -0.0128069837 -0.104776993 -0.417254031
v -0.010406984 -0.104776993 -0.417254031
v 0.0171930194 -0.139036983 -0.417254031
v 0.019593019 -0.139036983 -0.417254031
v -0.0128069799 -0.139036983 -0.417254031
v -0.0104069803 -0.139036983 -0.417254031
v 0.0233930126 -0.0396149941 -0.435254037
v -0.107544988 -0.0924559981 -0.467127025
v -0.122510985 -0.0924560055 -0.448182046
v -0.046606984 -0.0969939977 -0.435254037
v -0.105828986 -0.101079002 -0.467127025
v -0.122510985 -0.0924560055 -0.392253995
v 0.0233930126 -0.0396149941 -0.392253995
v -0.100944981 -0.108390003 -0.467127025
v -0.11965698 -0.106807008 -0.448182046
v -0.046606984 -0.0969939977 -0.392253995
v -0.0936339796 -0.113274001 -0.467127025
v -0.11965698 -0.106807008 -0.392253995
v 0.0383930132 -0.0546149909 -0.392253995
v -0.0850109756 -0.114988998 -0.467127025
v -0.111527979 -0.118973002 -0.448182046
v 0.0383930169 -0.0969939902 -0.392253995
v -0.0763879865 -0.113274001 -0.467127025
v -0.111527979 -0.118973002 -0.392253995
v 0.0383930169 -0.0969939902 -0.435254037
v -0.0690779835 -0.108390003 -0.467127025
v -0.0993619859 -0.127102003 -0.448182046
v 0.0383930132 -0.0546149909 -0.435254037
v -0.0641929805 -0.101079002 -0.467127025
v 0.0326530114 -0.0534739904 -0.435254037
v -0.0624779873 -0.0924559981 -0.467127025
v -0.0850109756 -0.129956007 -0.448182046
v 0.027787013 -0.0502219908 -0.435254037
v 0.0245350134 -0.0453559943 -0.435254037
v -0.0641929805 -0.0838330016 -0.467127025
v -0.0706609786 -0.127102003 -0.448182046
v -0.0690779835 -0.076523006 -0.467127025
v 0.0245350134 -0.0453559943 -0.392253995
v 0.027787013 -0.0502219908 -0.392253995
v -0.0763879865 -0.071638003 -0.467127025
v -0.0584949814 -0.118973002 -0.448182046
v 0.0326530114 -0.0534739904 -0.392253995
v -0.0850109905 -0.0699229985 -0.467127025
v -0.0466069803 -0.154994011 -0.392253995
v -0.0503659807 -0.106806993 -0.448182046
v -0.0936339945 -0.071638003 -0.467127025
v -0.0466069803 -0.154994011 -0.435254037
v -0.0475109816 -0.0924559981 -0.448182046
v -0.0766069889 -0.0396150015 -0.435254037
v -0.100944981 -0.076523006 -0.467127025
v -0.0503659882 -0.078106001 -0.448182046
v -0.105828986 -0.0838330016 -0.467127025
v -0.0866069943 -0.0496149994 -0.435254037
v -0.0866069943 -0.0496149994 -0.392253995
v -0.0584949888 -0.0659400001 -0.448182046
v -0.0766069889 -0.0396150015 -0.392253995
v -0.0706609935 -0.0578109995 -0.448182046
v -0.0850109905 -0.0549560003 -0.448182046
v -0.0993619859 -0.0578110032 -0.448182046
v -0.0993619859 -0.0578110032 -0.392253995
v -0.111527994 -0.0659400076 -0.448182046
v -0.111527994 -0.0659400076 -0.392253995
v -0.11965698 -0.078106001 -0.448182046
v -0.11965698 -0.078106001 -0.392253995
v -0.0866069943 -0.0552740023 -0.392253995
v -0.0866069943 -0.0552740023 -0.435254037
v -0.0706609786 -0.127102003 -0.435254037
v -0.0850109756 -0.129956007 -0.435254037
v -0.0850109905 -0.0549560003 -0.435254037
v -0.0503659807 -0.106806993 -0.435254037
v -0.0584949814 -0.118973002 -0.435254037
v -0.0475109816 -0.0924559981 -0.435254037
v -0.0503659882 -0.078106001 -0.435254037
v -0.0584949888 -0.0659400001 -0.435254037
v -0.0706609935 -0.0578109995 -0.435254037
v -0.0993619859 -0.127102003 -0.435254037
v -0.111527979 -0.118973002 -0.435254037
v -0.0965279788 -0.154994011 -0.392253995
v -0.111527979 -0.139993995 -0.392253995
v -0.111527979 -0.139993995 -0.435254037
v -0.0965279788 -0.154994011 -0.435254037
v -0.112945989 -0.0924560055 -0.448182046
v -0.0850109756 -0.120391004 -0.448182046
v -0.0570769869 -0.0924559981 -0.448182046
v -0.0850109905 -0.0645209998 -0.448182046
v -0.0743209869 -0.118265003 -0.448182046
v -0.0957019776 -0.118265003 -0.448182046
v -0.110819981 -0.0817660019 -0.448182046
v -0.104763985 -0.112209 -0.448182046
v -0.110819981 -0.103146002 -0.448182046
v -0.104763985 -0.0727030039 -0.448182046
v -0.0652579814 -0.112209 -0.448182046
v -0.0592029803 -0.103146002 -0.448182046
v -0.0592029877 -0.0817659944 -0.448182046
v -0.0743209869 -0.066647999 -0.448182046
v -0.0957019925 -0.066647999 -0.448182046
v -0.0652579814 -0.0727029964 -0.448182046
v -0.0162439849 -0.0661029965 -0.450254023
v -0.0222439878 -0.0661029965 -0.435254037
v -0.015558986 -0.0695469975 -0.450254023
v -0.0211019851 -0.0718429983 -0.435254037
v -0.0136079844 -0.0724669993 -0.450254023
v -0.0178509858 -0.0767100006 -0.435254037
v -0.0106879845 -0.0744179934 -0.450254023
v -0.0129839852 -0.0799610019 -0.435254037
v -0.00724398531 -0.0751029998 -0.450254023
v -0.00724398531 -0.0811029971 -0.435254037
v -0.00379998609 -0.0744179934 -0.450254023
v -0.00150398444 -0.0799609944 -0.435254037
v -0.00087998528 -0.0724669993 -0.450254023
v 0.00336301606 -0.0767099932 -0.435254037
v 0.00107101444 -0.0695469975 -0.450254023
v 0.00661401497 -0.0718429983 -0.435254037
v 0.00175601523 -0.0661029965 -0.450254023
v 0.00775601435 -0.0661029965 -0.435254037
v 0.00107101351 -0.0626589954 -0.450254023
v 0.00661401404 -0.0603629947 -0.435254037
v -0.000879986212 -0.0597389936 -0.450254023
v 0.0033630142 -0.0554969944 -0.435254037
v -0.00379998609 -0.0577879958 -0.450254023
v -0.00150398631 -0.0522449948 -0.435254037
v -0.00724398717 -0.0571029969 -0.450254023
v -0.00724398717 -0.0511029959 -0.435254037
v -0.0106879845 -0.0577879958 -0.450254023
v -0.0129839871 -0.0522449948 -0.435254037
v -0.0136079844 -0.0597389936 -0.450254023
v -0.0178509876 -0.0554969944 -0.435254037
v -0.015558986 -0.0626589954 -0.450254023
v -0.0211019889 -0.0603629947 -0.435254037
v 0.0128570152 -0.0760029927 -0.450254023
v 0.0128570152 -0.0760029927 -0.435254037
v 0.0173980147 -0.0790369958 -0.450254023
v 0.0173980147 -0.0790369958 -0.435254037
v 0.0227560159 -0.080102995 -0.450254023
v 0.0227560159 -0.080102995 -0.435254037
v 0.0281140152 -0.0790369958 -0.450254023
v 0.0281140152 -0.0790369958 -0.435254037
v 0.0326550156 -0.0562039912 -0.450254023
v 0.0326550156 -0.0562039912 -0.435254037
v 0.0281140134 -0.0531689934 -0.450254023
v 0.0281140134 -0.0531689934 -0.435254037
v 0.022756014 -0.0521029942 -0.450254023
v 0.022756014 -0.0521029942 -0.435254037
v 0.0173980128 -0.0531689934 -0.450254023
v 0.0173980128 -0.0531689934 -0.435254037
v -0.0512439869 -0.0661029965 -0.450254023
v -0.0512439869 -0.0661029965 -0.435254037
v -0.0501779839 -0.0714609995 -0.450254023
v -0.0501779839 -0.0714609995 -0.435254037
v -0.0471429825 -0.0760030001 -0.450254023
v -0.0471429825 -0.0760030001 -0.435254037
v -0.042601984 -0.0790379941 -0.450254023
v -0.042601984 -0.0790379941 -0.435254037
v -0.0232439861 -0.0661029965 -0.450254023
v -0.0232439861 -0.0661029965 -0.435254037
v -0.0243099853 -0.0607459955 -0.450254023
v -0.0243099853 -0.0607459955 -0.435254037
v -0.0273449868 -0.0562039986 -0.450254023
v -0.0273449868 -0.0562039986 -0.435254037
v -0.0318859853 -0.0531689972 -0.450254023
v -0.0318859853 -0.0531689972 -0.435254037
v -0.0920589864 -0.090568006 -0.477127016
v -0.0954339802 -0.0896629989 -0.467127025
v -0.0922449827 -0.0934090018 -0.477127016
v -0.0957099944 -0.0938649997 -0.467127025
v -0.0913299769 -0.096103996 -0.477127016
v -0.0943559855 -0.0978520066 -0.467127025
v -0.0899219811 -0.0977090001 -0.477127016
v -0.0922739804 -0.100226 -0.467127025
v -0.0833849758 -0.0994610041 -0.477127016
v -0.0826059729 -0.102816001 -0.467127025
v -0.0813629776 -0.0987749994 -0.477127016
v -0.0796159804 -0.101801001 -0.467127025
v -0.0792229772 -0.0968980044 -0.477127016
v -0.0764509737 -0.0990249962 -0.467127025
v -0.077963993 -0.0943450034 -0.477127016
v -0.0745879859 -0.0952489972 -0.467127025
v -0.0777779818 -0.0915040001 -0.477127016
v -0.0743129849 -0.0910480022 -0.467127025
v -0.0786929876 -0.0888080001 -0.477127016
v -0.0756659806 -0.0870610029 -0.467127025
v -0.0805699825 -0.0866679996 -0.477127016
v -0.0784419924 -0.0838959962 -0.467127025
v -0.0932069868 -0.107087001 -0.467127025
v -0.0910789818 -0.104314998 -0.477127016
v -0.0859639943 -0.0852230042 -0.477127016
v -0.0864199847 -0.081758 -0.467127025
v -0.0886589885 -0.0861380026 -0.477127016
v -0.0904069841 -0.083111003 -0.467127025
v -0.0907999873 -0.088015005 -0.477127016
v -0.0935719907 -0.085887 -0.467127025
v -0.079617992 -0.0766550004 -0.467127025
v -0.0808039904 -0.0796799958 -0.477127016
v -0.0822669864 -0.0792880058 -0.477127016
v -0.0817819834 -0.0760760009 -0.467127025
v -0.0856859833 -0.105760001 -0.477127016
v -0.0852289796 -0.109224997 -0.467127025
v 0.157216012 -0.0226839818 -0.494589031
v 0.157215998 0.0700410157 -0.48725301
v 0.117216006 -0.0226839855 -0.494589031
v 0.117216006 0.0700410157 -0.48725301
v 0.157216012 -0.0386409834 -0.404092014
v 0.117216006 -0.0386409871 -0.404092014
v 0.117216006 0.00135901198 -0.403886974
v 0.157216012 0.0013590157 -0.403886974
v 0.117216006 -0.000524986535 -0.136592001
v 0.157216012 -0.00052498281 -0.136592001
v 0.123745993 0.120099016 -0.414949
v 0.150685996 0.120099016 -0.414949
v 0.117215991 0.123312019 -0.135649011
v 0.157215998 0.123312019 -0.135649011
v 0.157216012 -0.0222639833 -0.494554996
v 0.117216006 -0.022263987 -0.494554996
v 0.121857002 0.0145880133 -0.491640031
v 0.152575016 0.014588017 -0.491640031
v 0.152575016 0.0331880152 -0.490168035
v 0.121857002 0.0331880152 -0.490168035
v 0.121857002 0.0144310147 -0.489646018
v 0.152575016 0.0144310184 -0.489646018
v 0.152575016 0.0330310166 -0.488175035
v 0.121857002 0.0330310166 -0.488175035
v 0.117216006 0.0690630153 -0.424320042
v 0.157215998 0.0690630153 -0.424320042
v 0.117215991 0.123312019 -0.414359987
v 0.157215998 0.123312019 -0.414359987
v 0.150685996 0.0921010152 -0.42009002
v 0.123746008 0.0921010152 -0.42009002
v 0.123745993 0.120550014 -0.41740799
v 0.150685996 0.120550014 -0.41740799
v 0.150685996 0.092553027 -0.422549009
v 0.123746008 0.092553027 -0.422549009
v 0.128215998 0.10915602 -0.434751034
v 0.125215992 0.106551014 -0.419979036
v 0.128901005 0.105764024 -0.435349047
v 0.126129001 0.102029018 -0.42077601
v 0.130851999 0.102889024 -0.435856044
v 0.128731012 0.0981950238 -0.421452045
v 0.133772001 0.100968026 -0.436195016
v 0.132624 0.0956330225 -0.421904027
v 0.137216002 0.100293018 -0.436314046
v 0.137216002 0.0947340205 -0.422062039
v 0.140660003 0.100968026 -0.436195016
v 0.141808003 0.0956330225 -0.421904027
v 0.143580005 0.102889024 -0.435856044
v 0.145701006 0.0981950238 -0.421452045
v 0.145530999 0.105764024 -0.435349047
v 0.148303002 0.102029018 -0.42077601
v 0.146216005 0.10915602 -0.434751034
v 0.149215996 0.106551014 -0.419979036
v 0.145530999 0.112548016 -0.43415302
v 0.148303002 0.111074023 -0.419180989
v 0.143580005 0.115423016 -0.433646023
v 0.145701006 0.114908017 -0.418505013
v 0.140660003 0.117345028 -0.433306992
v 0.141808003 0.117470019 -0.418053031
v 0.137216002 0.118019022 -0.433188021
v 0.137216002 0.118369021 -0.417895019
v 0.133772001 0.117345028 -0.433306992
v 0.132624 0.117470019 -0.418053031
v 0.130851999 0.115423016 -0.433646023
v 0.128730997 0.114908017 -0.418505013
v 0.128901005 0.112548016 -0.43415302
v 0.126129001 0.111074023 -0.419180989
v -0.118060976 0.0497919992 -0.469196022
v -0.116728976 0.0431969985 -0.470359027
v -0.112934977 0.0376060009 -0.471345007
v -0.107257992 0.0338699967 -0.472003996
v -0.100560993 0.0325580016 -0.472235024
v -0.0938639939 0.0338699967 -0.472003996
v -0.0881869942 0.0376060009 -0.471345007
v -0.0843929946 0.0431969985 -0.470359027
v -0.0830609947 0.0497919992 -0.469196022
v -0.0843929946 0.0563879982 -0.468033016
v -0.0881869942 0.0619789958 -0.467047036
v -0.0938639939 0.065715 -0.466389
v -0.100560993 0.0670270026 -0.466157019
v -0.107257992 0.065715 -0.466389
v -0.112934992 0.0619789958 -0.467047036
v -0.116728991 0.0563879982 -0.468033016
v -0.118060991 0.0542849973 -0.494677007
v -0.116728976 0.0476899967 -0.495840013
v -0.112934977 0.042098999 -0.496825993
v -0.107257992 0.0383630022 -0.497484028
v -0.100560993 0.0370509997 -0.49771601
v -0.0938639939 0.0383630022 -0.497484028
v -0.0881869942 0.042098999 -0.496825993
v -0.0843929946 0.0476899967 -0.495840013
v -0.0830609947 0.0542849973 -0.494677007
v -0.0843929946 0.0608809963 -0.493514001
v -0.0881869942 0.0664720014 -0.492528021
v -0.0938639939 0.0702079982 -0.491869032
v -0.100560993 0.0715200007 -0.491638005
v -0.107257992 0.0702079982 -0.491869032
v -0.112934992 0.0664720014 -0.492528021
v -0.116728991 0.0608809963 -0.493514001
v 0.121993005 0.0805770233 -0.421809018
v 0.121993005 0.0811040178 -0.424800992
v 0.125369012 0.0863360241 -0.420792997
v 0.125369012 0.086864017 -0.423786044
v 0.13212201 0.0863360241 -0.420792997
v 0.13212201 0.086864017 -0.423786044
v 0.135499001 0.0805770233 -0.421809018
v 0.135499001 0.0811040178 -0.424800992
v 0.13212201 0.0748170167 -0.422824025
v 0.13212201 0.075345017 -0.425817013
v 0.125369012 0.0748170167 -0.422824025
v 0.125369012 0.075345017 -0.425817013
v 0.12723501 0.0800190195 -0.422921002
v 0.125427008 0.0868230239 -0.434706032
v 0.127678007 0.080944024 -0.422387004
v 0.12639901 0.0888560191 -0.433533013
v 0.128746003 0.0813270286 -0.42216599
v 0.128746003 0.0896970257 -0.433046997
v 0.129813999 0.080944024 -0.422387004
v 0.13109301 0.0888560191 -0.433533013
v 0.13025701 0.0800190195 -0.422921002
v 0.132064998 0.0868230239 -0.434706032
v 0.129813999 0.0790930167 -0.423455
v 0.13109301 0.0847900286 -0.435880005
v 0.128746003 0.0787100121 -0.423677027
v 0.128746003 0.0839480236 -0.436366022
v 0.127678007 0.0790930167 -0.423455
v 0.12639901 0.0847900286 -0.435880005
v 0.12639901 0.0901030228 -0.435694039
v 0.127572 0.0908100232 -0.439265013
v 0.126713008 0.0908260271 -0.437574029
v 0.125427008 0.0880710259 -0.436866999
v 0.125871003 0.0890650228 -0.43858999
v 0.127085999 0.089793019 -0.439851999
v 0.128746003 0.0909450278 -0.435208023
v 0.128746003 0.0912310258 -0.439022005
v 0.128746003 0.0915550217 -0.437153041
v 0.13109301 0.0901030228 -0.435694039
v 0.129919007 0.0908100232 -0.439265013
v 0.130778 0.0908260271 -0.437574029
v 0.128746003 0.090060018 -0.440313041
v 0.132064998 0.0880710259 -0.436866999
v 0.130405009 0.089793019 -0.439851999
v 0.131620005 0.0890650228 -0.43858999
v 0.13109301 0.0860380158 -0.438041031
v 0.129919007 0.088777028 -0.440438032
v 0.130778 0.0873050168 -0.439607024
v 0.128746003 0.0851960257 -0.438527048
v 0.128746003 0.0883560255 -0.44068104
v 0.128746003 0.0865760222 -0.440028012
v 0.12639901 0.0860380158 -0.438041031
v 0.127572 0.088777028 -0.440438032
v 0.126713008 0.0873050168 -0.439607024
v 0.138933003 0.0805770233 -0.421809018
v 0.138933003 0.0811040178 -0.424800992
v 0.142310008 0.0863360241 -0.420792997
v 0.142310008 0.086864017 -0.423786044
v 0.149063006 0.0863360241 -0.420792997
v 0.149063006 0.086864017 -0.423786044
v 0.152438998 0.0805770233 -0.421809018
v 0.152438998 0.0811040178 -0.424800992
v 0.149063006 0.0748170167 -0.422824025
v 0.149063006 0.075345017 -0.425817013
v 0.142310008 0.0748170167 -0.422824025
v 0.142310008 0.075345017 -0.425817013
v 0.144175008 0.0814810172 -0.422663033
v 0.142367005 0.0791180134 -0.436065018
v 0.144618005 0.0825330243 -0.422849
v 0.143339008 0.0814300254 -0.436473012
v 0.145686001 0.0829690173 -0.422926009
v 0.145686001 0.0823870227 -0.436641037
v 0.146753997 0.0825330243 -0.422849
v 0.148033008 0.0814300254 -0.436473012
v 0.147197008 0.0814810172 -0.422663033
v 0.149004996 0.0791180134 -0.436065018
v 0.146753997 0.080429025 -0.42247802
v 0.148033008 0.0768070146 -0.435657024
v 0.145686001 0.079993017 -0.422401011
v 0.145686001 0.0758490115 -0.435488999
v 0.144618005 0.080429025 -0.42247802
v 0.143339008 0.0768070146 -0.435657024
v 0.143339008 0.0809960142 -0.438930035
v 0.144512996 0.0792420134 -0.442120016
v 0.143654004 0.0803410187 -0.440834045
v 0.142367005 0.0786850154 -0.438522041
v 0.142811999 0.0783390105 -0.44048202
v 0.144026995 0.0780870169 -0.441915989
v 0.145686001 0.0819540247 -0.439099014
v 0.145686001 0.0797210112 -0.442203999
v 0.145686001 0.081170015 -0.44098103
v 0.148033008 0.0809960142 -0.438930035
v 0.146860003 0.0792420134 -0.442120016
v 0.147718996 0.0803410187 -0.440834045
v 0.145686001 0.0779940113 -0.442441046
v 0.149004996 0.0786850154 -0.438522041
v 0.147346005 0.0780870169 -0.441915989
v 0.148561001 0.0783390105 -0.44048202
v 0.148033008 0.0763740167 -0.438115001
v 0.146860003 0.0769310147 -0.441712022
v 0.147718996 0.0763380155 -0.440129042
v 0.145686001 0.0754160136 -0.437946022
v 0.145686001 0.0764520168 -0.441628039
v 0.145686001 0.0755090117 -0.439981997
v 0.143339008 0.0763740167 -0.438115001
v 0.144512996 0.0769310147 -0.441712022
v 0.143654004 0.0763380155 -0.440129042
v 0.0885690004 0.142332017 -0.475381017
v 0.0659969971 0.142332017 -0.475381017
v 0.0471349955 0.201806992 -0.464893997
v 0.0885690004 0.138484001 -0.453558028
v 0.0659969971 0.138484001 -0.453558028
v 0.0471349955 0.197959006 -0.443071008
v 0.0885690004 0.191031009 -0.466794014
v 0.0776269883 0.201806992 -0.464893997
v 0.0776270032 0.197959006 -0.443071008
v 0.0885690004 0.187182993 -0.444971025
v 0.114489004 0.146083027 -0.468632042
v 0.0900249928 0.146082997 -0.468632042
v 0.114489004 0.143276036 -0.452713013
v 0.0900249928 0.143276006 -0.452713013
v 0.0900249928 0.202444017 -0.458694041
v 0.114488989 0.202444017 -0.458694041
v 0.0900249928 0.199636996 -0.442775011
v 0.114489004 0.199637026 -0.442775011
v 0.120785013 0.0827020183 -0.474730015
v 0.120785013 0.0807630196 -0.463735044
v 0.0416069999 0.139281005 -0.464754045
v 0.120784998 0.139281034 -0.464754045
v 0.0416069999 0.137342006 -0.453759015
v 0.120784998 0.137342036 -0.453759015
v 0.0416070037 0.0851060078 -0.462970018
v 0.0416070037 0.0870450065 -0.473964989
v 0.00981400907 0.000564005226 -0.477877021
v 0.00981400907 0.00250300765 -0.488871992
v 0.105785012 0.000564012676 -0.477877021
v 0.105785012 0.0025030151 -0.488871992
v 0.126416996 0.150969028 -0.46777004
v 0.126416996 0.148162007 -0.45185101
v 0.126416996 0.197557032 -0.459556043
v 0.126416996 0.194750011 -0.443636
v 0.105785012 0.0827020034 -0.474730015
v 0.105785012 0.0807630047 -0.463735044
v -0.0265170075 0.186022013 -0.470561028
v -0.0268220045 0.18771401 -0.460108042
v -0.0292500071 0.18523702 -0.470699012
v -0.030864004 0.186553001 -0.460313022
v -0.0314700045 0.183482021 -0.471009016
v -0.0341470055 0.183957994 -0.460771024
v -0.0324970074 0.181639016 -0.47133404
v -0.0356660075 0.181232005 -0.46125102
v -0.0319080018 0.175000012 -0.472505033
v -0.0347940028 0.171412021 -0.462983012
v -0.0305710025 0.17336002 -0.472793996
v -0.0328170024 0.168987006 -0.46341002
v -0.0280750021 0.172011018 -0.473031044
v -0.0291260034 0.166992992 -0.463762045
v -0.0252460018 0.171706021 -0.473085046
v -0.0249410011 0.16654101 -0.463842034
v -0.0225130022 0.172491014 -0.472947001
v -0.0208990015 0.167702019 -0.463636994
v -0.0202920027 0.174245 -0.472638011
v -0.0176150035 0.170296997 -0.463180006
v -0.0189230032 0.176703006 -0.47220403
v -0.0155900046 0.173932016 -0.462539017
v -0.0424330048 0.179784 -0.461507022
v -0.0391000062 0.18048501 -0.471536994
v -0.0194100067 0.182182014 -0.471238017
v -0.0163100045 0.182034016 -0.461109996
v -0.0211920068 0.184368014 -0.470853031
v -0.0189450029 0.185268015 -0.460539997
v -0.023687005 0.185717016 -0.470615029
v -0.0226370059 0.187261999 -0.460188031
v -0.00918900408 0.177459002 -0.461917043
v -0.0124370046 0.179273993 -0.471751034
v -0.0125690047 0.180759996 -0.471489012
v -0.0093840044 0.179655999 -0.461529016
v -0.0386130027 0.175007015 -0.472503006
v -0.0417130031 0.171681017 -0.46293503
v -0.0487560071 0.177127004 -0.461975038
v -0.0508810021 0.174522996 -0.44720304
v -0.0470150001 0.16850701 -0.463495016
v -0.0489780009 0.165100992 -0.448864043
v -0.0420570038 0.16119802 -0.464784026
v -0.0435590036 0.157113999 -0.450273037
v -0.0346350037 0.156314999 -0.465645015
v -0.0354480036 0.151776999 -0.451214015
v -0.0258810036 0.154599994 -0.465947032
v -0.0258810036 0.149902999 -0.451544046
v -0.0171270017 0.156314999 -0.465645015
v -0.0163140018 0.151776999 -0.451214015
v -0.00970600173 0.16119802 -0.464784026
v -0.00820400193 0.157113999 -0.450273037
v -0.00474800356 0.16850701 -0.463495016
v -0.00278400257 0.165100992 -0.448864043
v -0.0030060038 0.177127004 -0.461975038
v -0.000881004147 0.174522996 -0.44720304
v -0.00474800356 0.185748011 -0.460455
v -0.00278400443 0.183945 -0.445542037
v -0.00970600545 0.193057001 -0.45916599
v -0.00820400566 0.191931993 -0.444133043
v -0.0171270054 0.197939992 -0.458305001
v -0.0163140055 0.197268993 -0.443192005
v -0.0258810073 0.199654996 -0.458003044
v -0.0258810073 0.199142992 -0.442862034
v -0.0346350074 0.197939992 -0.458305001
v -0.0354480073 0.197268993 -0.443192005
v -0.0420570076 0.193057001 -0.45916599
v -0.0435590073 0.191931993 -0.444133043
v -0.0470150039 0.185748011 -0.460455
v -0.0489780046 0.183945 -0.445542037
v 0.00436699577 0.177127004 -0.461975038
v 0.00224199612 0.174522996 -0.44720304
v 0.00610799668 0.16850701 -0.463495016
v 0.00414499734 0.165100992 -0.448864043
v 0.0110669974 0.16119802 -0.464784026
v 0.00956399739 0.157113999 -0.450273037
v 0.0184879974 0.156314999 -0.465645015
v 0.0176749974 0.151776999 -0.451214015
v 0.0272419974 0.154599994 -0.465947032
v 0.0272419974 0.149902999 -0.451544046
v 0.0359959975 0.156314999 -0.465645015
v 0.0368089974 0.151776999 -0.451214015
v 0.0434169993 0.16119802 -0.464784026
v 0.0449199975 0.157113999 -0.450273037
v 0.0483759977 0.16850701 -0.463495016
v 0.0503389984 0.165100992 -0.448864043
v 0.0501169935 0.177127004 -0.461975038
v 0.0522419997 0.174522996 -0.44720304
v 0.048375994 0.185748011 -0.460455
v 0.0503389947 0.183945 -0.445542037
v 0.0434169918 0.193057001 -0.45916599
v 0.0449199937 0.191931993 -0.444133043
v 0.0359959938 0.197939992 -0.458305001
v 0.0368089937 0.197268993 -0.443192005
v 0.0272419937 0.199654996 -0.458003044
v 0.0272419937 0.199142992 -0.442862034
v 0.0184879936 0.197939992 -0.458305001
v 0.0176749937 0.197268993 -0.443192005
v 0.0110669946 0.193057001 -0.45916599
v 0.00956399553 0.191931993 -0.444133043
v 0.00610799575 0.185748011 -0.460455
v 0.00414499547 0.183945 -0.445542037
v -0.0717010051 0.161233008 -0.459701002
v -0.0717010051 0.159496993 -0.44985199
v -0.0709400028 0.157463998 -0.460364997
v -0.0709400028 0.155728012 -0.450516999
v -0.0687720031 0.15426901 -0.460928023
v -0.0687720031 0.152532995 -0.451080024
v -0.0655280054 0.152135015 -0.461305022
v -0.0655280054 0.150398016 -0.451457024
v -0.0617010035 0.151385009 -0.461437047
v -0.0617010035 0.149648994 -0.451589048
v -0.0578740053 0.152135015 -0.461305022
v -0.0578740053 0.150398016 -0.451457024
v -0.0546300001 0.15426901 -0.460928023
v -0.0546300001 0.152532995 -0.451080024
v -0.0524620004 0.157463998 -0.460364997
v -0.0524620004 0.155728012 -0.450516999
v -0.0517010055 0.161233008 -0.459701002
v -0.0517010055 0.159496993 -0.44985199
v -0.0524620004 0.165002018 -0.459035993
v -0.0524620004 0.16326502 -0.449187994
v -0.0546300001 0.168197006 -0.458473027
v -0.0546300001 0.166460007 -0.448625028
v -0.0578740053 0.170332015 -0.458096027
v -0.0578740053 0.168595016 -0.448248029
v -0.0617010035 0.171081007 -0.457964003
v -0.0617010035 0.169345021 -0.448116004
v -0.0655280054 0.170332015 -0.458096027
v -0.0655280054 0.168595016 -0.448248029
v -0.0687720031 0.168197006 -0.458473027
v -0.0687720031 0.166460007 -0.448625028
v -0.0709400028 0.165002018 -0.459035993
v -0.0709400028 0.16326502 -0.449187994
v -0.0897009969 0.176005006 -0.45709604
v -0.0897009969 0.174268991 -0.447248042
v -0.0889399946 0.172236979 -0.457760036
v -0.0889399946 0.17049998 -0.447912037
v -0.0867719948 0.169041991 -0.458324015
v -0.0867719948 0.167304993 -0.448476017
v -0.0835279971 0.166907012 -0.458700001
v -0.0835279971 0.165170014 -0.448852003
v -0.0797010064 0.166157007 -0.458832026
v -0.0797010064 0.164420992 -0.448984027
v -0.0758740008 0.166907012 -0.458700001
v -0.0758740008 0.165170014 -0.448852003
v -0.0726300031 0.169042021 -0.458324015
v -0.0726300031 0.167304993 -0.448476017
v -0.0704620034 0.172237009 -0.457760036
v -0.0704620034 0.17050001 -0.447912037
v -0.069701001 0.176005006 -0.45709604
v -0.069701001 0.174269021 -0.447248042
v -0.0704620034 0.179774016 -0.456431031
v -0.0704620034 0.178037018 -0.446583033
v -0.0726300031 0.182969004 -0.455868006
v -0.0726300031 0.181232005 -0.446020007
v -0.0758740008 0.185104012 -0.45549202
v -0.0758740008 0.183367014 -0.445643008
v -0.0797010064 0.185853004 -0.455359042
v -0.0797010064 0.184117019 -0.445511043
v -0.0835279971 0.185104012 -0.45549202
v -0.0835279971 0.183367014 -0.445643008
v -0.0867719948 0.182969004 -0.455868006
v -0.0867719948 0.181232005 -0.446020007
v -0.0889399946 0.179773986 -0.456431031
v -0.0889399946 0.178036988 -0.446583033
v -0.0717010051 0.190777004 -0.454491019
v -0.0717010051 0.189041018 -0.444643021
v -0.0709400028 0.187009007 -0.455156028
v -0.0709400028 0.185272008 -0.44530803
v -0.0687720031 0.183814019 -0.455718994
v -0.0687720031 0.18207702 -0.445870996
v -0.0655280054 0.18167901 -0.45609504
v -0.0655280054 0.179942012 -0.446247041
v -0.0617010035 0.180929005 -0.456228018
v -0.0617010035 0.17919302 -0.446380019
v -0.0578740053 0.18167901 -0.45609504
v -0.0578740053 0.179942012 -0.446247041
v -0.0546300001 0.183814019 -0.455718994
v -0.0546300001 0.18207702 -0.445870996
v -0.0524620004 0.187009007 -0.455156028
v -0.0524620004 0.185272008 -0.44530803
v -0.0517010055 0.190777004 -0.454491019
v -0.0517010055 0.189041018 -0.444643021
v -0.0524620004 0.194546014 -0.453827024
v -0.0524620004 0.192809999 -0.443979025
v -0.0546300001 0.197741002 -0.453263044
v -0.0546300001 0.196004003 -0.443415046
v -0.0578740053 0.19987601 -0.452886999
v -0.0578740053 0.198139012 -0.443039
v -0.0617010035 0.200625002 -0.452755034
v -0.0617010035 0.198889017 -0.442907035
v -0.0655280054 0.19987601 -0.452886999
v -0.0655280054 0.198139012 -0.443039
v -0.0687720031 0.197741002 -0.453263044
v -0.0687720031 0.196004003 -0.443415046
v -0.0709400028 0.194546014 -0.453827024
v -0.0709400028 0.192809999 -0.443979025
v 0.0546670035 0.109549008 -0.469996989
v 0.0566860028 0.0995530114 -0.471759021
v 0.0624360032 0.0910790041 -0.473253012
v 0.0710400045 0.0854170099 -0.474252045
v 0.0811900049 0.0834290013 -0.474602044
v 0.091339007 0.0854170099 -0.474252045
v 0.0999440104 0.0910790041 -0.473253012
v 0.105693012 0.0995530114 -0.471759021
v 0.107712001 0.109549008 -0.469996989
v 0.105692998 0.119544007 -0.468234003
v 0.0999439955 0.128017992 -0.466740012
v 0.0913389921 0.133680016 -0.465741992
v 0.0811900049 0.13566801 -0.46539104
v 0.071039997 0.133680016 -0.465741992
v 0.0624359995 0.128017992 -0.466740012
v 0.0566860028 0.119544007 -0.468234003
v 0.064903006 0.111984007 -0.483808041
v 0.0661430061 0.10584601 -0.484890044
v 0.0696740001 0.100643001 -0.485808015
v 0.0749569982 0.0971660092 -0.486420989
v 0.0811900049 0.0959450081 -0.486636043
v 0.0874219984 0.0971660092 -0.486420989
v 0.0927060097 0.100643001 -0.485808015
v 0.0962360054 0.10584601 -0.484890044
v 0.0974759907 0.111984007 -0.483808041
v 0.0962360054 0.118122004 -0.482726038
v 0.0927059948 0.123325013 -0.481808007
v 0.0874219984 0.126801997 -0.481195033
v 0.0811900049 0.128022999 -0.480980039
v 0.0749569982 0.126801997 -0.481195033
v 0.0696740001 0.123325013 -0.481808007
v 0.0661430061 0.118122004 -0.482726038
v -0.0739459991 0.0439020023 -0.47023499
v -0.0710909963 0.0297689959 -0.472727001
v -0.0629619956 0.0177880004 -0.474840045
v -0.050795991 0.00978300348 -0.476251006
v -0.0364459902 0.00697200373 -0.476747036
v -0.0220949911 0.00978300348 -0.476251006
v -0.00992899202 0.0177880079 -0.474840045
v -0.00179999229 0.0297690034 -0.472727001
v 0.00105400663 0.0439020097 -0.47023499
v -0.00179999415 0.0580340028 -0.467743039
v -0.00992899574 0.0700160041 -0.465629995
v -0.0220949948 0.0780210048 -0.464219034
v -0.0364459977 0.080832012 -0.463723004
v -0.050795991 0.0780209973 -0.464219034
v -0.0629619956 0.0700159967 -0.465629995
v -0.0710909963 0.0580339953 -0.467743039
v -0.0739459991 0.0532580018 -0.523295045
v -0.0710909963 0.0391249955 -0.525786996
v -0.0629619956 0.0271439999 -0.527899027
v -0.050795991 0.0191389993 -0.529311001
v -0.0364459902 0.0163270012 -0.529806018
v -0.0220949911 0.0191390067 -0.529311001
v -0.00992899202 0.0271440074 -0.527899027
v -0.00179999322 0.0391250029 -0.525786996
v 0.0010540057 0.0532580093 -0.523295045
v -0.00179999508 0.0673900098 -0.520803034
v -0.00992899574 0.0793710053 -0.51868999
v -0.0220949985 0.0873770043 -0.517278016
v -0.0364459977 0.0901880041 -0.516782999
v -0.050795991 0.0873770043 -0.517278016
v -0.0629619956 0.0793709978 -0.51868999
v -0.0710909963 0.0673900023 -0.520803034
v -0.0670560002 0.0545959994 -0.530887008
v -0.0647249967 0.0430599973 -0.532921016
v -0.0580899976 0.0332809985 -0.534646034
v -0.0481589921 0.0267459974 -0.535798013
v -0.0364459902 0.0244510099 -0.536202013
v -0.0247319899 0.0267460048 -0.535798013
v -0.0148009919 0.0332810059 -0.534646034
v -0.00816599466 0.0430600047 -0.532921016
v -0.00583599508 0.0545960069 -0.530887008
v -0.00816599652 0.066132009 -0.528852999
v -0.0148009956 0.0759120062 -0.527128041
v -0.0247319974 0.0824469998 -0.525976002
v -0.0364459977 0.0847410038 -0.525572002
v -0.0481589995 0.0824469998 -0.525976002
v -0.0580899976 0.0759119987 -0.527128041
v -0.0647249967 0.0661320016 -0.528852999
v -0.0807379931 0.0555899963 -0.536522031
v -0.0773659945 0.0388979986 -0.53946501
v -0.0677649975 0.0247469991 -0.541961014
v -0.0533949919 0.0152910016 -0.543628037
v -0.0364459902 0.0119710043 -0.544212997
v -0.0194959901 0.0152910016 -0.543628037
v -0.005125992 0.0247470066 -0.541961014
v 0.00447500637 0.0388980061 -0.53946501
v 0.0078470055 0.0555900037 -0.536522031
v 0.00447500404 0.0722820088 -0.533578992
v -0.00512599573 0.0864330009 -0.531084001
v -0.0194959976 0.0958890095 -0.529416025
v -0.0364459977 0.0992090032 -0.528831005
v -0.0533949919 0.0958890095 -0.529416025
v -0.0677649975 0.0864330009 -0.531084001
v -0.0773659945 0.0722820014 -0.533578992
v -0.0706369877 0.0618200004 -0.571856022
v -0.0680349916 0.0489349961 -0.574128032
v -0.0606229939 0.0380109996 -0.576054037
v -0.0495299958 0.0307110026 -0.577342033
v -0.0364459902 0.0281480029 -0.577793002
v -0.0233609937 0.0307110101 -0.577342033
v -0.0122679919 0.038011007 -0.576054037
v -0.00485699438 0.0489350036 -0.574128032
v -0.00225399528 0.0618200079 -0.571856022
v -0.00485699624 0.0747060031 -0.569584012
v -0.0122679956 0.0856300071 -0.567658007
v -0.0233609974 0.0929300115 -0.566371024
v -0.0364459977 0.0954930112 -0.565919042
v -0.0495299995 0.0929300115 -0.566371024
v -0.0606229939 0.0856300071 -0.567658007
v -0.0680349916 0.0747059956 -0.569584012
v -0.0769329965 0.0622959957 -0.574554026
v -0.0738509893 0.0470379964 -0.577244997
v -0.0650749952 0.0341020003 -0.579526007
v -0.0519399978 0.025458999 -0.581050038
v -0.0364459902 0.022424005 -0.58158499
v -0.02095199 0.0254590064 -0.581050038
v -0.00781599246 0.0341020077 -0.579526007
v 0.000960006379 0.0470380038 -0.577244997
v 0.00404200424 0.0622960031 -0.574554026
v 0.000960003585 0.0775550082 -0.571864009
v -0.00781599618 0.0904900059 -0.569582999
v -0.0209519975 0.0991340056 -0.568059027
v -0.0364459977 0.102169 -0.567524016
v -0.0519399978 0.0991340056 -0.568059027
v -0.0650749952 0.0904900059 -0.569582999
v -0.0738509893 0.0775550008 -0.571864009
v -0.0703810006 0.0632570013 -0.58000499
v -0.0677979887 0.0504679978 -0.582260013
v -0.0604409911 0.0396260023 -0.58417201
v -0.0494319946 0.0323819965 -0.58544904
v -0.0364459939 0.0298380032 -0.585898042
v -0.0234589949 0.032382004 -0.58544904
v -0.0124499928 0.0396260098 -0.58417201
v -0.00509399362 0.0504680052 -0.582260013
v -0.00250999536 0.0632570088 -0.58000499
v -0.00509399548 0.0760460049 -0.577750027
v -0.0124499965 0.0868890062 -0.575838029
v -0.0234589987 0.094133012 -0.574561
v -0.0364459977 0.0966770127 -0.574111998
v -0.0494319983 0.094133012 -0.574561
v -0.0604409911 0.0868890062 -0.575838029
v -0.0677979887 0.0760459974 -0.577750027
v -0.0590739958 0.0632570013 -0.58000499
v -0.0573509969 0.0547289997 -0.581508994
v -0.0524459966 0.0474999994 -0.582783997
v -0.0451049954 0.0426689982 -0.583635032
v -0.0364459939 0.0409730077 -0.583935022
v -0.0277859941 0.0426690057 -0.583635032
v -0.0204449929 0.0475000069 -0.582783997
v -0.0155399945 0.0547290072 -0.581508994
v -0.0138169937 0.0632570088 -0.58000499
v -0.0155399963 0.0717850029 -0.578501999
v -0.0204449967 0.0790150091 -0.577226996
v -0.0277859978 0.0838460103 -0.576375008
v -0.0364459977 0.0855420008 -0.576076031
v -0.0451049991 0.0838460103 -0.576375008
v -0.0524459966 0.0790150017 -0.577226996
v -0.0573509969 0.0717849955 -0.578501999
v -0.0736089945 0.0555899963 -0.536522031
v -0.0707809925 0.041584 -0.538992047
v -0.0627239943 0.0297100022 -0.541085005
v -0.0506679974 0.0217769966 -0.542484045
v -0.0364459902 0.0189910084 -0.542975008
v -0.0222239904 0.021777004 -0.542484045
v -0.0101669934 0.0297100097 -0.541085005
v -0.00211099349 0.0415840074 -0.538992047
v 0.000718005933 0.0555900037 -0.536522031
v -0.00211099535 0.0695960075 -0.534052014
v -0.0101669971 0.0814700052 -0.531958997
v -0.0222239979 0.0894030109 -0.530560017
v -0.0364459977 0.0921890065 -0.530068994
v -0.0506679974 0.0894030109 -0.530560017
v -0.0627239943 0.0814700052 -0.531958997
v -0.0707809925 0.069596 -0.534052014
v -0.0364459939 0.0577120036 -0.548555017
v -0.0343819968 0.113870002 -0.463658035
v -0.0330489986 0.107275002 -0.464821041
v -0.0292559974 0.101684012 -0.465807021
v -0.0235779993 0.0979480073 -0.46646601
v -0.0168819986 0.0966360047 -0.466697037
v -0.0101849977 0.0979480073 -0.46646601
v -0.00450699776 0.101684012 -0.465807021
v -0.000713998452 0.107275002 -0.464821041
v 0.000618000515 0.113870002 -0.463658035
v -0.000713999383 0.120465003 -0.462495029
v -0.00450699963 0.126056999 -0.461508989
v -0.0101849996 0.129793018 -0.460851014
v -0.0168820005 0.131103992 -0.460619032
v -0.023578003 0.129793018 -0.460851014
v -0.0292559974 0.126056999 -0.461508989
v -0.0330489986 0.120465003 -0.462495029
v -0.0343819968 0.118363 -0.48913902
v -0.0330489986 0.111768 -0.490302026
v -0.0292559974 0.10617701 -0.491288006
v -0.0235779993 0.102441005 -0.491946042
v -0.0168819986 0.101129003 -0.492178023
v -0.0101849977 0.102441005 -0.491946042
v -0.00450699776 0.10617701 -0.491288006
v -0.000713999383 0.111768 -0.490302026
v 0.000618000515 0.118363 -0.48913902
v -0.000714000314 0.124958001 -0.487976015
v -0.00450699963 0.130549997 -0.486990035
v -0.0101849996 0.134285003 -0.486331046
v -0.0168820005 0.13559702 -0.486100018
v -0.023578003 0.134285003 -0.486331046
v -0.0292560011 0.130549997 -0.486990035
v -0.0330489986 0.124958001 -0.487976015
v 0.0546670035 0.111984007 -0.483808041
v 0.0566860028 0.10198801 -0.485571027
v 0.0624360032 0.0935150012 -0.487065017
v 0.0710400045 0.087853007 -0.488063037
v 0.0811900049 0.085864 -0.48841399
v 0.091339007 0.087853007 -0.488063037
v 0.0999440104 0.0935150012 -0.487065017
v 0.105693012 0.10198801 -0.485571027
v 0.107712001 0.111984007 -0.483808041
v 0.105692998 0.121979006 -0.482046008
v 0.0999439955 0.13045302 -0.480552018
v 0.0913389921 0.136115015 -0.479553044
v 0.0811900049 0.138103008 -0.479202032
v 0.071039997 0.136115015 -0.479553044
v 0.0624359995 0.13045302 -0.480552018
v 0.0566860028 0.121979006 -0.482046008
v 0.064903006 0.115457006 -0.503504038
v 0.0661430061 0.109319009 -0.504586041
v 0.0696740001 0.104116 -0.505504012
v 0.0749569982 0.100639008 -0.506117046
v 0.0811900049 0.0994180068 -0.50633204
v 0.0874219984 0.100639008 -0.506117046
v 0.0927059948 0.104116 -0.505504012
v 0.0962360054 0.109319009 -0.504586041
v 0.0974759907 0.115457006 -0.503504038
v 0.0962360054 0.121595003 -0.502422035
v 0.0927059948 0.126798004 -0.501505017
v 0.0874219984 0.130275011 -0.50089103
v 0.0811900049 0.131496012 -0.500676036
v 0.0749569982 0.130275011 -0.50089103
v 0.0696740001 0.126798004 -0.501505017
v 0.0661430061 0.121595003 -0.502422035
v 0.0629310012 0.0597330108 -0.478781044
v 0.0642630011 0.0531380102 -0.479943037
v 0.0680570006 0.0475470126 -0.480929017
v 0.0737340003 0.0438110158 -0.481588006
v 0.0804309994 0.0424990132 -0.481819034
v 0.0871279985 0.0438110158 -0.481588006
v 0.0928060114 0.0475470126 -0.480929017
v 0.0965990126 0.0531380102 -0.479943037
v 0.0979310125 0.0597330108 -0.478781044
v 0.0965990126 0.0663280115 -0.477618039
v 0.0928060114 0.0719190165 -0.476631999
v 0.0871279985 0.0756550133 -0.47597301
v 0.0804309994 0.0769670159 -0.475742042
v 0.0737340003 0.0756550133 -0.47597301
v 0.0680570006 0.0719190165 -0.476631999
v 0.0642630011 0.0663280115 -0.477618039
v 0.0629310012 0.0642260164 -0.504261017
v 0.0642630011 0.0576310158 -0.505424023
v 0.0680570006 0.0520390123 -0.506410003
v 0.0737340003 0.0483040139 -0.507068992
v 0.0804309994 0.0469920114 -0.507300019
v 0.0871279985 0.0483040139 -0.507068992
v 0.0928060114 0.0520390123 -0.506410003
v 0.0965990126 0.0576310158 -0.505424023
v 0.0979310125 0.0642260164 -0.504261017
v 0.0965990126 0.070821017 -0.503098011
v 0.0928060114 0.0764120147 -0.502112031
v 0.0871279985 0.080148004 -0.501453996
v 0.0804309994 0.0814600065 -0.501222014
v 0.0737340003 0.080148004 -0.501453996
v 0.0680570006 0.0764120147 -0.502112031
v 0.0642630011 0.070821017 -0.503098011
v 0.0601490103 0.0235720053 -0.485157013
v 0.0611370094 0.018682003 -0.486019015
v 0.0639500096 0.0145370103 -0.486750007
v 0.068159014 0.0117670111 -0.48723799
v 0.0731240064 0.01079401 -0.487410009
v 0.0780889988 0.0117670111 -0.48723799
v 0.082299009 0.0145370103 -0.486750007
v 0.0851110071 0.0186820105 -0.486019015
v 0.0860989988 0.0235720128 -0.485157013
v 0.0851110071 0.0284620151 -0.484293997
v 0.082299009 0.0326070115 -0.483563006
v 0.0780889988 0.0353770107 -0.483075023
v 0.0731240064 0.0363500118 -0.482904017
v 0.0681590065 0.0353770107 -0.483075023
v 0.0639500022 0.0326070115 -0.483563006
v 0.0611370094 0.0284620076 -0.484293997
v 0.0664680079 0.0269030109 -0.50404799
v 0.066974014 0.024394013 -0.504491031
v 0.0684170127 0.0222680122 -0.504866004
v 0.0705770105 0.0208470151 -0.505116045
v 0.0731240064 0.0203480124 -0.505204022
v 0.0756710023 0.0208470151 -0.505116045
v 0.0778310001 0.0222680122 -0.504866004
v 0.0792739987 0.024394013 -0.504491031
v 0.0797810107 0.0269030109 -0.50404799
v 0.0792739987 0.0294120163 -0.503606021
v 0.0778310001 0.0315380171 -0.503230989
v 0.0756710023 0.0329600126 -0.502979994
v 0.0731240064 0.0334590152 -0.502892017
v 0.0705770105 0.0329600126 -0.502979994
v 0.0684170052 0.0315380171 -0.503230989
v 0.0669740066 0.0294120163 -0.503606021
v 0.0199250057 0.056731008 -0.479193032
v 0.0208870061 0.0519660041 -0.48003304
v 0.0236270055 0.0479270071 -0.480745018
v 0.0277290065 0.0452280045 -0.48122102
v 0.0325670056 0.0442800075 -0.481388032
v 0.0374050066 0.0452280045 -0.48122102
v 0.0415070057 0.0479270071 -0.480745018
v 0.0442470051 0.0519660041 -0.48003304
v 0.0452090055 0.056731008 -0.479193032
v 0.0442470051 0.0614950061 -0.478353024
v 0.0415070057 0.0655340031 -0.477641046
v 0.0374050029 0.0682330057 -0.477165043
v 0.0325670019 0.0691810027 -0.476998031
v 0.0277290046 0.0682330057 -0.477165043
v 0.0236270055 0.0655340031 -0.477641046
v 0.0208870042 0.0614950061 -0.478353024
v 0.0199250057 0.0599760041 -0.497601032
v 0.0208870061 0.055212006 -0.498441041
v 0.0236270055 0.051173009 -0.499153018
v 0.0277290046 0.0484740064 -0.499629021
v 0.0325670056 0.0475260094 -0.499796033
v 0.0374050066 0.0484740064 -0.499629021
v 0.0415070057 0.051173009 -0.499153018
v 0.0442470051 0.055212006 -0.498441041
v 0.0452090055 0.0599760041 -0.497601032
v 0.0442470051 0.064741008 -0.496761024
v 0.0415070057 0.068780005 -0.496048033
v 0.0374050029 0.0714790076 -0.495573044
v 0.0325670019 0.0724270046 -0.495405018
v 0.0277290046 0.0714790076 -0.495573044
v 0.0236270055 0.068780005 -0.496048033
v 0.0208870042 0.064741008 -0.496761024
v 0.0187380072 0.0271440074 -0.484440029
v 0.019791007 0.0219330043 -0.485359013
v 0.0227890089 0.0175140053 -0.486138046
v 0.0272750072 0.014562007 -0.48665899
v 0.0325670093 0.0135260075 -0.486842036
v 0.0378590077 0.0145620108 -0.48665899
v 0.0423450097 0.0175140053 -0.486138046
v 0.0453430079 0.0219330043 -0.485359013
v 0.0463960096 0.0271440074 -0.484440029
v 0.0453430042 0.0323560089 -0.483521044
v 0.0423450097 0.0367740095 -0.482742012
v 0.0378590077 0.039726004 -0.482222021
v 0.0325670093 0.0407630056 -0.482039034
v 0.0272750072 0.039726004 -0.482222021
v 0.0227890052 0.0367740095 -0.482742012
v 0.019791007 0.0323560089 -0.483521044
v 0.0187380072 0.0308330059 -0.50535804
v 0.019791007 0.0256210044 -0.506277025
v 0.0227890089 0.0212030038 -0.507055998
v 0.0272750072 0.0182510093 -0.507577002
v 0.0325670093 0.0172140077 -0.507760048
v 0.0378590077 0.0182510093 -0.507577002
v 0.0423450097 0.0212030038 -0.507055998
v 0.0453430079 0.0256210044 -0.506277025
v 0.0463960059 0.0308330059 -0.50535804
v 0.0453430042 0.036044009 -0.504438996
v 0.0423450097 0.040463008 -0.503660023
v 0.0378590077 0.04341501 -0.503140032
v 0.0325670056 0.0444520041 -0.502957046
v 0.0272750072 0.04341501 -0.503140032
v 0.0227890052 0.040463008 -0.503660023
v 0.019791007 0.036044009 -0.504438996
v 0.0275370032 0.0851060078 -0.462970018
v 0.00981400441 0.0676520094 -0.466046989
v 0.00981400441 0.0695910081 -0.477042019
v 0.0275370032 0.0870450065 -0.473964989
v 0.0250720009 0.122028999 -0.465111017
v 0.0249510035 0.0885000005 -0.470248044
v 0.0250890013 0.119661011 -0.456624031
v 0.0249730013 0.0872950032 -0.46232301
v -0.0638870001 0.0884350017 -0.470037997
v -0.0637660027 0.121964 -0.46490103
v -0.0610759966 0.087229006 -0.462155998
v -0.0637490004 0.119593002 -0.456450999
v 0.01743 0.138371021 -0.462588012
v 0.017688999 0.13648802 -0.453669012
v -0.056003999 0.138317019 -0.462414026
v -0.0539229997 0.136433005 -0.453531027
v 0.0899999887 0.267731011 0.0779559985
v 0.067963995 0.180674016 0.010630995
v -0.0679630041 0.180674016 0.010630995
v 0.067963995 0.222779006 0.010630995
v -0.0679630041 0.222779006 0.010630995
v 0.0799999833 0.267731011 0.120548993
v 0.079979986 0.268584996 0.125476003
v -0.0519200079 0.262836009 0.126489997
v -0.0619200058 0.252988011 0.128225997
v -0.0550100096 0.262353987 0.126574993
v -0.0577980094 0.260955006 0.126820996
v -0.0600100122 0.258776009 0.127204999
v -0.0614310093 0.256031007 0.127689987
v 0.0719209909 0.252988011 0.128225997
v 0.0619209893 0.262836009 0.126489997
v 0.0714309961 0.256031007 0.127689987
v 0.0700109899 0.258776009 0.127204999
v 0.067798987 0.260955006 0.126820996
v 0.0650109947 0.262353987 0.126574993
v 0.0619209968 0.163301021 0.144039989
v 0.0719209984 0.173149019 0.142304003
v 0.0650109947 0.163783014 0.143954992
v 0.0677990019 0.165181994 0.143709004
v 0.0700109974 0.167360008 0.143325001
v 0.0714309961 0.170105994 0.142840996
v -0.0619199984 0.173149019 0.142304003
v -0.0519200005 0.163301021 0.144039989
v -0.0614310019 0.170105994 0.142840996
v -0.0600100048 0.167360008 0.143325001
v -0.0577980019 0.165181994 0.143709004
v -0.0550100021 0.163783014 0.143954992
v -0.0619200058 0.252640009 0.126257002
v -0.0519200079 0.262488991 0.124519996
v -0.0614310093 0.255683988 0.125719994
v -0.0600100122 0.258428991 0.125236005
v -0.0577980094 0.260607988 0.124852002
v -0.0550100096 0.262006998 0.124605
v 0.0619209893 0.262488991 0.124519996
v 0.0719209909 0.252640009 0.126257002
v 0.0650109947 0.262006998 0.124605
v 0.067798987 0.260607988 0.124852002
v 0.0700109899 0.258428991 0.125236005
v 0.0714309961 0.255683988 0.125719994
v 0.0719209984 0.172802001 0.140333995
v 0.0619209968 0.162954003 0.142070994
v 0.0714309961 0.169757992 0.140870988
v 0.0700109974 0.167013019 0.141354993
v 0.0677990019 0.164833993 0.141738996
v 0.0650109947 0.163435996 0.141985998
v -0.0519200005 0.162954003 0.142070994
v -0.0619199984 0.172802001 0.140333995
v -0.0550100021 0.163435996 0.141985998
v -0.0577980019 0.164833993 0.141738996
v -0.0600100048 0.167013019 0.141354993
v -0.0614310019 0.169757992 0.140870988
v 0.0899999887 0.26158601 0.0779559985
v -0.0900000036 0.26158601 0.0779559985
v 0.0899999887 0.26158601 0.021630995
v 0.0769999921 0.26158601 0.00863099843
v -0.077000007 0.26158601 0.00863099843
v -0.0900000036 0.26158601 0.021630995
v -0.0838550031 0.267731011 0.0779559985
v -0.086206004 0.267262995 0.0779559985
v -0.0882000029 0.26593101 0.0779559985
v -0.0895320028 0.26393801 0.0779559985
v -0.086206004 0.150669008 0.140716001
v -0.0900000036 0.26158601 0.115392998
v -0.0838550031 0.267731011 0.114404991
v -0.0838550031 0.261680007 0.121615991
v -0.0895320028 0.263924003 0.115002997
v -0.0882000029 0.265911996 0.114677995
v -0.0895320028 0.261608005 0.117762998
v -0.0889670104 0.264005005 0.117422
v -0.0878880024 0.26562199 0.117035002
v -0.0838550031 0.267284989 0.116848998
v -0.0838550031 0.265978009 0.119077995
v -0.086206004 0.267248988 0.114467993
v -0.0862650126 0.266707003 0.116987996
v -0.0861430168 0.265648007 0.118801996
v -0.086206004 0.261658013 0.121130995
v -0.0882000029 0.261633009 0.119776994
v -0.0838550031 0.264010012 0.120751992
v -0.0862650126 0.264046013 0.120159
v -0.0878880024 0.263904005 0.119081996
v -0.0699930042 0.261680007 0.121615991
v -0.0699930042 0.267731011 0.114404991
v -0.0699930042 0.268581003 0.125450999
v -0.0699930042 0.263994992 0.120739996
v -0.0699930042 0.265958995 0.119061992
v -0.0699930042 0.267271012 0.116836995
v -0.0699930042 0.267731011 0.120548993
v 0.0148749901 0.26158601 0.00863099843
v -0.0148750097 0.26158601 0.00863099843
v -0.0463750102 0.26158601 0.00863099843
v 0.0463749915 0.26158601 0.00863099843
v 0.0208749883 0.26158601 0.00363099575
v -0.0403750092 0.26158601 0.00363099575
v -0.0208750106 0.26158601 0.00363099575
v 0.0403749906 0.26158601 0.00363099575
v 0.067963995 0.180674016 0.00863099843
v 0.0463749953 0.180674016 0.00863099843
v 0.0463749953 0.222779006 0.00863099843
v 0.067963995 0.222779006 0.00863099843
v -0.0679630041 0.180674016 0.00863099843
v -0.0679630041 0.222779006 0.00863099843
v -0.0463750064 0.180674016 0.00863099843
v -0.0463750064 0.222779006 0.00863099843
v -0.0148750041 0.180674016 0.00863099843
v -0.0148750078 0.222779006 0.00863099843
v 0.0148749957 0.180674016 0.00863099843
v 0.0148749929 0.222779006 0.00863099843
v 0.0208749957 0.180674016 0.00363099575
v 0.020874992 0.222779006 0.00363099575
v -0.0208750069 0.180674016 0.00363099575
v -0.0208750069 0.222779006 0.00363099575
v -0.0403750055 0.180674016 0.00363099575
v -0.0403750055 0.222779006 0.00363099575
v 0.0403749943 0.180674016 0.00363099575
v 0.0403749943 0.222779006 0.00363099575
v 0.0799999982 0.150669008 0.141190991
v -0.0699930042 0.150669008 0.141190991
v 0.0799800009 0.151551992 0.146111995
v -0.0699930042 0.151551992 0.146111995
v 0.0900000036 0.150669008 0.021630995
v 0.0769999921 0.150669008 0.00863099843
v -0.077000007 0.150669008 0.00863099843
v -0.0900000036 0.150668979 0.021630995
v -0.0900000036 0.150668979 0.134950995
v -0.0838550031 0.150669008 0.141190991
v -0.0895320028 0.150668979 0.137338996
v -0.0882000029 0.150668979 0.139362991
v 0.0148749985 0.150669008 0.00863099843
v -0.0148750022 0.150669008 0.00863099843
v -0.0463750027 0.150669008 0.00863099843
v 0.046374999 0.150669008 0.00863099843
v 0.040374998 0.150669008 0.00363099575
v -0.0208750032 0.150669008 0.00363099575
v 0.0208749976 0.150669008 0.00363099575
v -0.0403750017 0.150669008 0.00363099575
v 0.0899999887 0.267731011 0.112933993
v 0.0824999958 0.267731011 0.120548993
v 0.0894289911 0.267731011 0.115847997
v 0.0878039896 0.267731011 0.118318997
v 0.0853699893 0.267731011 0.119969994
v 0.0824999958 0.150669008 0.141190991
v 0.0900000036 0.150669008 0.133574992
v 0.0853700042 0.150669008 0.140610993
v 0.0878040045 0.150669008 0.138960004
v 0.0894289911 0.150669008 0.136489004
v 0.0949999988 0.150669008 0.00299999863
v -0.0949999988 0.150668979 0.00299999863
v -0.0949999988 0.150668979 0.162999988
v 0.0949999988 0.150669008 0.162999988
v -0.0949999988 0.135668993 0.00299999863
v -0.0949999988 0.135668993 0.162999988
v 0.0949999988 0.135668993 0.00299999863
v 0.0949999988 0.135668993 0.162999988
v -0.0980000049 0.135668993 0
v -0.0980000049 0.135668993 0.165999994
v 0.0980000049 0.135668993 0
v 0.0980000049 0.135668993 0.165999994
v -0.0879999995 0.119999997 0.00999999791
v -0.0879999995 0.119999997 0.155999988
v 0.0879999995 0.120000012 0.00999999791
v 0.0879999995 0.120000012 0.155999988
v -0.0980000049 0.114999987 0
v -0.0980000049 0.114999987 0.165999994
v 0.0980000049 0.115000002 0
v 0.0980000049 0.115000002 0.165999994
v -0.0879999846 0 0.00999999791
v -0.0879999846 0 0.155999988
v 0.0880000144 1.49011612e-08 0.00999999791
v 0.0880000144 1.49011612e-08 0.155999988
v 0.067798987 0.260607988 0.124852002
v 0.0650109947 0.262006998 0.124605
v 0.0619209893 0.262488991 0.124519996
v 0.0619209893 0.262488991 0.124519996
v -6.9388939e-18 0.262488991 0.124519996
v 0 0.262233751 0.12456501
v -6.9388939e-18 0.262488991 0.124519996
v -0.0519200079 0.262488991 0.124519996
v -0.0550100096 0.262006998 0.124605
v -6.9388939e-18 0.262488991 0.124519996
v -0.0550100096 0.262006998 0.124605
v 0 0.262233751 0.12456501
v -0.0550100096 0.262006998 0.124605
v -0.0577980094 0.260607988 0.124852002
v -0.0600100122 0.258428991 0.125236005
v -0.0600100122 0.258428991 0.125236005
v -0.0614310093 0.255683988 0.125719994
v -0.0619200058 0.252640009 0.126257002
v -0.0619200058 0.252640009 0.126257002
v -0.0619199984 0.172802001 0.140333995
v -0.0614310019 0.169757992 0.140870988
v -0.0614310019 0.169757992 0.140870988
v -0.0600100048 0.167013019 0.141354993
v -0.0577980019 0.164833993 0.141738996
v -0.0577980019 0.164833993 0.141738996
v -0.0550100021 0.163435996 0.141985998
v -0.0519200005 0.162954003 0.142070994
v 0 0.162954003 0.142070994
v 0.0619209968 0.162954003 0.142070994
v 0.0650109947 0.163435996 0.141985998
v 0 0.162954003 0.142070994
v 0.0650109947 0.163435996 0.141985998
v 0 0.163168019 0.142033254
v -0.0519200005 0.162954003 0.142070994
v 0 0.162954003 0.142070994
v 0 0.163168019 0.142033254
v 0.0650109947 0.163435996 0.141985998
v 0.0677990019 0.164833993 0.141738996
v 0.0700109974 0.167013019 0.141354993
v 0.0700109974 0.167013019 0.141354993
v 0.0714309961 0.169757992 0.140870988
v 0.0719209984 0.172802001 0.140333995
v 0.0719209984 0.172802001 0.140333995
v 0.0719209909 0.252640009 0.126257002
v 0.0714309961 0.255683988 0.125719994
v 0.0714309961 0.255683988 0.125719994
v 0.0700109899 0.258428991 0.125236005
v 0.067798987 0.260607988 0.124852002
v 0.067798987 0.260607988 0.124852002
v 0.0619209893 0.262488991 0.124519996
v 0 0.262233751 0.12456501
v 0.067798987 0.260607988 0.124852002
v 0 0.262233751 0.12456501
v 0 0.261380337 0.12471564
v 0 0.262233751 0.12456501
v -0.0550100096 0.262006998 0.124605
v 0 0.261380337 0.12471564
v -0.0550100096 0.262006998 0.124605
v -0.0600100122 0.258428991 0.125236005
v -0.0619200058 0.252640009 0.126257002
v -0.0619200058 0.252640009 0.126257002
v -0.0614310019 0.169757992 0.140870988
v -0.0577980019 0.164833993 0.141738996
v 0 0.163168019 0.142033254
v 0.0650109947 0.163435996 0.141985998
v 0 0.164176049 0.141855243
v -0.0577980019 0.164833993 0.141738996
v -0.0519200005 0.162954003 0.142070994
v 0 0.163168019 0.142033254
v -0.0577980019 0.164833993 0.141738996
v 0 0.163168019 0.142033254
v 0 0.164176049 0.141855243
v 0.0650109947 0.163435996 0.141985998
v 0.0700109974 0.167013019 0.141354993
v 0.0719209984 0.172802001 0.140333995
v 0.0719209984 0.172802001 0.140333995
v 0.0714309961 0.255683988 0.125719994
v 0.067798987 0.260607988 0.124852002
v 0.067798987 0.260607988 0.124852002
v 0 0.261380337 0.12471564
v 0 0.256443441 0.12558634
v 0 0.261380337 0.12471564
v -0.0550100096 0.262006998 0.124605
v -0.0619200058 0.252640009 0.126257002
v 0 0.261380337 0.12471564
v -0.0619200058 0.252640009 0.126257002
v 0 0.256443441 0.12558634
v 0 0.164176049 0.141855243
v 0.0650109947 0.163435996 0.141985998
v 0 0.209124138 0.133929986
v -0.0619200058 0.252640009 0.126257002
v -0.0577980019 0.164833993 0.141738996
v 0 0.164176049 0.141855243
v -0.0619200058 0.252640009 0.126257002
v 0 0.164176049 0.141855243
v 0 0.209124138 0.133929986
v 0.0650109947 0.163435996 0.141985998
v 0.0719209984 0.172802001 0.140333995
v 0.067798987 0.260607988 0.124852002
v 0 0.209124138 0.133929986
v 0.0650109947 0.163435996 0.141985998
v 0.067798987 0.260607988 0.124852002
v 0 0.209124138 0.133929986
v 0.067798987 0.260607988 0.124852002
v 0 0.256443441 0.12558634
v -0.0619200058 0.252640009 0.126257002
v 0 0.209124138 0.133929986
v 0 0.256443441 0.12558634
vt 0.699999988 0.5
vt 0.699999988 0.541666985
vt 0.715388 0.541666985
vt 0.349999994 1
vt 0.363539994 0.958333015
vt 0.349999994 0.958333015
vt 0.349999994 0.5
vt 0.322425991 0.541666985
vt 0.349999994 0.541666985
vt 0.25 0.958333015
vt 0.25 1
vt 0.254166007 0.958333015
vt 0 0
vt 0.625 0.5
vt 0 0
vt 0.625 0.5
vt 0.625 0.5
vt 0 0
vt 0 0
vt 0.625 0.5
vt 0.0220759995 0.0176609997
vt 0 0
vt 0.625 0.5
vt 0 0
vt 0.625 0.746873021
vt 0.625 0.5
vt 0.625 0.503126979
vt 0.9375 0.5
vt 0.9375 1
vt 1 1
vt 0.591268003 0.74495697
vt 0.619750023 0.491688013
vt 0.591809988 0.497514993
vt 0.0625 0.5
vt 0 1
vt 0.0625 1
vt 0.400000006 0.50999999
vt 0.600000024 0.50999999
vt 0.600000024 0.5
vt 0.624049008 0.737138987
vt 0.667506993 0.737138987
vt 0.668272972 0.729166985
vt 0.971731007 0.158155993
vt 0.891524017 0.130584002
vt 0.919705987 0.0802939981
vt 0.75 0.00999999978
vt 0.835264027 0.0933649987
vt 0.770605028 0.0830319971
vt 0.625 0.502837002
vt 0.625 0.502837002
vt 0.625 0.50296098
vt 0.375 1
vt 0.3125 0.5
vt 0.3125 1
vt 0.380533993 0.469931006
vt 0.380207986 0.501717985
vt 0.40625 0.5
vt 0.75 0.5
vt 0.6875 1
vt 0.75 1
vt 0.25 1
vt 0.1875 0.5
vt 0.1875 1
vt 0.658155978 0.471731007
vt 0.919705987 0.419705987
vt 0.75 0.49000001
vt 0.4375 0.5
vt 0.5 0.5
vt 0.4375 0.5
vt 0.300000012 0.5
vt 0.25 0.5
vt 0.25 0.541666985
vt 0.25 0.541666985
vt 0.25 0.5
vt 0.200000003 0.5
vt 0.125 0.5
vt 0.125 0.5
vt 0.125 0.578436017
vt 0.886156023 0.193601996
vt 0.613843977 0.306398004
vt 0.693602026 0.113844
vt 0.625 0.50296098
vt 0.625 0.50296098
vt 0.625 0.502837002
vt 0.655028999 0.744391024
vt 0.65625 0.711538017
vt 0.625 0.711538017
vt 0.232464999 0.75
vt 0.232465997 0.75
vt 0.365969986 0.75
vt 0.59375 0.46875
vt 0.59375 0.5
vt 0.609375 0.501717985
vt 0.625 0.736965001
vt 0.625 0.743059993
vt 0.625 0.743053973
vt 0.5 0.5
vt 0.4375 1
vt 0.5 1
vt 0.4375 0.5
vt 0.375 1
vt 0.4375 1
vt 0.625 0.726616025
vt 0.625 0.75
vt 0.625 0.732051015
vt 0.408650994 0.00683100009
vt 0.382874995 0.26246801
vt 0.408190012 0.252485007
vt 0.3125 0.5
vt 0.25 1
vt 0.3125 1
vt 0.625 0.744152009
vt 0.625 0.74387002
vt 0.625 0.743871987
vt 0.601850986 0.749471009
vt 0.587499976 0.75
vt 0.587499976 0.793272972
vt 0.625 0.5
vt 0.5625 1
vt 0.625 1
vt 0.625 0.0119049996
vt 0.625 0.0119049996
vt 0.624997973 0.25088799
vt 0.806397974 0.386155993
vt 0.75 0.397374004
vt 0.75 0.397374004
vt 0.75 0.5
vt 0.699999988 0.5
vt 0.715388 0.541666985
vt 0.400000006 0.958333015
vt 0.400000006 1
vt 0.449999988 1
vt 0.9375 1
vt 0.875 0.5
vt 0.875 1
vt 0.625 0.75
vt 0.625 0.75
vt 0.625 0.75
vt 0.625 0.0062119998
vt 0.625 0
vt 0.625 0.0062119998
vt 0.625 0.741070986
vt 0.625 0.75
vt 0.624755979 0.750213981
vt 0.624755979 0.750213981
vt 0.625 0.75
vt 0.624089003 0.750796974
vt 0.59375 0.46875
vt 0.40625 0.46875
vt 0.40625 0.5
vt 0.625 0.736965001
vt 0.625 0.732051015
vt 0.625 0.732041001
vt 0.375 0.75
vt 0.375 0.5
vt 0.125 0.5
vt 0.5 1
vt 0.4375 0.5
vt 0.4375 1
vt 0.3125 1
vt 0.375 1
vt 0.375 0.5
vt 0.300000012 0.958333015
vt 0.300000012 1
vt 0.349999994 1
vt 0.400000006 0.5
vt 0.349999994 0.5
vt 0.349999994 0.541666985
vt 0.75 0.958333015
vt 0.75 1
vt 0.800000012 1
vt 0.800000012 0.958333015
vt 0.800000012 1
vt 0.850000024 1
vt 0.850000024 0.958333015
vt 0.850000024 1
vt 0.899999976 1
vt 0.177146003 0.743400991
vt 0.177549005 0.499572009
vt 0.176609993 0.74337101
vt 0.625 0.5
vt 0.625 0.5
vt 0.625 0.5
vt 0.125 0.516667008
vt 0.375 0.533333004
vt 0.375892997 0.516667008
vt 0.200435996 0.743723989
vt 0.210135996 0.5
vt 0.177549005 0.499572009
vt 0.9375 0.5
vt 0.9375 1
vt 1 1
vt 0.919705987 0.0802939981
vt 0.75 0.00999999978
vt 0.841844022 0.0282690004
vt 0.666666985 1
vt 0.5 0.774999976
vt 0.5 1
vt 0.658357024 0.759814978
vt 0.658667982 0.482196003
vt 0.619750023 0.491688013
vt 0.625 0.75
vt 0.625 0.75
vt 0.625 0.75
vt 0.658737004 0.759956002
vt 0.658667982 0.482196003
vt 0.658357024 0.759814978
vt 0.625 0.5
vt 0.625 0.5
vt 0.625 0.5
vt 0.375 0
vt 0.421896011 0.225710005
vt 0.593093991 -0.010241
vt 0.550000012 0.958333015
vt 0.5 0.958333015
vt 0.5 1
vt -0 1
vt 0.0500000007 1
vt 0.0500000007 0.958333015
vt 0.899999976 0.958333015
vt 0.899999976 1
vt 0.949999988 1
vt 0.375 0.75
vt 0.125 0.75
vt 0.125 0.5
vt 0.125 0.75
vt 0.125 0.75
vt 0.125 0.75
vt 0.75 0.00999999978
vt 0.971731007 0.158155993
vt 0.658155978 0.0282690004
vt 0.899999976 0.5
vt 0.850000024 0.5
vt 0.850000024 0.541666985
vt 0.150000006 1
vt 0.200000003 1
vt 0.200000003 0.958333015
vt 0.699999988 0.541666985
vt 0.699999988 0.5
vt 0.649999976 0.5
vt 0.649999976 0.958333015
vt 0.600000024 0.958333015
vt 0.600000024 1
vt 0.200000003 1
vt 0.25 1
vt 0.25 0.958333015
vt 0.100000001 0.541666985
vt 0.100000001 0.5
vt 0.0500000007 0.5
vt 0.600000024 0.958333015
vt 0.550000012 0.958333015
vt 0.550000012 1
vt 0.949999988 0.958333015
vt 0.949999988 1
vt 1 1
vt 1 0.5
vt 0.949999988 0.5
vt 0.949999988 0.541666985
vt 0.0500000007 0.541666985
vt 0.0500000007 0.5
vt -0 0.5
vt 0.449999988 0.5
vt 0.400000006 0.5
vt 0.400000006 0.541666985
vt 0.0500000007 1
vt 0.100000001 1
vt 0.100000001 0.958333015
vt 0.800000012 0.5
vt 0.75 0.5
vt 0.75 0.541666985
vt 0.699999988 0.958333015
vt 0.649999976 0.958333015
vt 0.649999976 1
vt 0.75 0.958333015
vt 0.699999988 0.958333015
vt 0.699999988 1
vt 0.850000024 0.5
vt 0.800000012 0.5
vt 0.800000012 0.541666985
vt 0.200000003 0.541666985
vt 0.200000003 0.5
vt 0.150000006 0.5
vt 0.150000006 0.541666985
vt 0.150000006 0.5
vt 0.100000001 0.5
vt 0.649999976 0.541666985
vt 0.649999976 0.5
vt 0.600000024 0.5
vt 0.949999988 0.5
vt 0.899999976 0.5
vt 0.899999976 0.541666985
vt 0.150000006 0.958333015
vt 0.100000001 0.958333015
vt 0.100000001 1
vt 0.0625 0.5
vt 0 0.5
vt 0 1
vt 0.550000012 0.541666985
vt 0.550000012 0.5
vt 0.5 0.5
vt 0.75 1
vt 0.875 1
vt 0.875 1
vt 0 0.5
vt 0.0625 0.5
vt 0.0625 0.5
vt 0.875 0.5
vt 0.8125 0.5
vt 0.8125 0.5
vt 0.623646021 0.878117025
vt 0.565604985 0.807045996
vt 0.625 0.807045996
vt 0.897373974 0.25
vt 0.886156023 0.306398004
vt 0.886156023 0.306398004
vt 0.625 0.75
vt 0.442544013 0.75
vt 0.625 1
vt 0.580294013 0.0802939981
vt 0.75 0.00999999978
vt 0.528268993 0.158155993
vt 0.625 0.5
vt 0.5625 1
vt 0.625 1
vt 0.1875 0.5
vt 0.1875 1
vt 0.25 1
vt 0.528268993 0.158155993
vt 0.75 0.00999999978
vt 0.50999999 0.25
vt 0.680549979 1.00319195
vt 0.625 0.5
vt 0.625 1
vt 0 0
vt 0.0220759995 0.0176609997
vt 0.625 0.5
vt 0.625 0.75
vt 0.625 0.746873021
vt 0.625 0.715029001
vt 0.449999988 0.958333015
vt 0.449999988 1
vt 0.5 1
vt 0.232465997 0.5
vt 0.232464999 0.75
vt 0.366174012 0.746133983
vt 0.0625 0.5
vt 0.75 1
vt 0.0625 1
vt 0.375 0.5
vt 0.375 1
vt 0.4375 1
vt 0.75 0.5
vt 0.8125 0.979442
vt 0.8125 0.5
vt 0.625 0.520304978
vt 0.625 0.520416975
vt 0.625 0.520304978
vt 0.125 0.5
vt 0.75 0.5
vt 0.0625 0.5
vt 0.625 0.743061006
vt 0.625 0.736965001
vt 0.625 0.736941993
vt 0.620323002 0.617128015
vt 0.625 0.625
vt 0.625 0.625
vt 0.601850986 0.500528991
vt 0.621339023 0.502034009
vt 0.620981991 0.457704008
vt 0.300000012 1
vt 0.300000012 0.958333015
vt 0.254166007 0.958333015
vt 0.625 0.75
vt 0.625 0.75
vt 0.625 0.5
vt 0.6875 1
vt 0.625 0.5
vt 0.625 1
vt 0.3125 1
vt 0.25 0.5
vt 0.25 1
vt 0.625 0.502867997
vt 0.625 0.502867997
vt 0.625 0.502837002
vt 0.75 0.00999999978
vt 0.580294013 0.0802939981
vt 0.658155978 0.0282690004
vt 0.75 0.49000001
vt 0.919705987 0.419705987
vt 0.841844022 0.471731007
vt 0.625 0.726616025
vt 0.625 0.726616025
vt 0.625 0.732051015
vt 0.150000006 0.50999999
vt 0.349999994 0.50999999
vt 0.358332992 0.491667002
vt 0.528268993 0.341843992
vt 0.841844022 0.471731007
vt 0.580294013 0.419705987
vt 0.5625 0.5
vt 0.5625 0.5
vt 0.5 0.5
vt 0.855628014 0.5
vt 0.855628014 0.738094985
vt 0.875 0.738094985
vt 1 0.5
vt 0.9375 1
vt 1 1
vt 0.625 0.75
vt 0.625 0.75
vt 0.625 0.5
vt 0.625 0.6875
vt 0.625 0.6875
vt 0.625 0.6875
vt 0.919705987 0.419705987
vt 0.894369006 0.382292986
vt 0.971731007 0.341843992
vt 0.5625 1
vt 0.625 0.5
vt 0.5625 0.5
vt 0.348307014 0.501502991
vt 0.344971001 0.519231021
vt 0.376396 0.519231021
vt 0.680549979 1.00319195
vt 0.625 0.5
vt 0.625 1
vt 0.625 0.75
vt 0.625 0.75
vt 0.625 0.75
vt 0.375 0
vt 0.375 0.25
vt 0.625 0.25
vt 0.378331006 0.748511016
vt 0.375892997 0.733332992
vt 0.125 0.733332992
vt 0.625 1
vt 0.442544013 0.75
vt 0.375 0.979731977
vt 0.625 0.5
vt 0.625 0.5
vt 0.625 0.5
vt 0.600000024 0.541666985
vt 0.600000024 0.5
vt 0.550000012 0.5
vt 0.322425991 0.541666985
vt 0.349999994 0.5
vt 0.300000012 0.5
vt 0.625 0
vt 0.500093997 0.198933005
vt 0.547999978 0.204060003
vt 0.625 0.5
vt 0.625 0.5
vt 0.625 0.5
vt 0.625 0.5
vt 0.625 0.5
vt 0.5625 0.5
vt 1 0.5
vt 0.9375 1
vt 1 1
vt 0.625 0.746873021
vt 0.625 0.75
vt 0.625 0.75
vt 0.625 0.5
vt 0.625 0.5
vt 0.625 0.5
vt 0.625 0.238636002
vt 0.590726972 0.247675002
vt 0.603331983 0.25
vt 0.394715011 0.246637002
vt 0.375 0.25
vt 0.41474399 0.243852004
vt 0.41474399 0.243852004
vt 0.375 0.25
vt 0.423317999 0.244351998
vt 0.682045996 0.75
vt 0.682045996 0.5
vt 0.753117979 0.5
vt 0.658155978 0.0282690004
vt 0.919705987 0.0802939981
vt 0.580294013 0.0802939981
vt 0.625 0.0119049996
vt 0.625 0.25
vt 0.625 0.25
vt 0.875 0.522727013
vt 0.625 0.515151978
vt 0.625 0.75
vt 0.375 0
vt 0.580624998 -0.00322200009
vt 0.575592995 0
vt 0.971731007 0.158155993
vt 0.528268993 0.341843992
vt 0.658155978 0.0282690004
vt 0.363539994 0.958333015
vt 0.349999994 1
vt 0.400000006 1
vt 0.40625 0.78125
vt 0.40625 0.75
vt 0.380207986 0.748282015
vt 0.375 0.75
vt 0.375 0.75
vt 0.125 0.75
vt 0.344971001 0.730768979
vt 0.376396 0.730768979
vt 0.375 0.711538017
vt 0.624049008 0.512861013
vt 0.625 0.520833015
vt 0.668272972 0.520833015
vt 0.425188005 0.743723989
vt 0.428773999 0.5
vt 0.408190012 0.497514993
vt 0.625 1
vt 0.625 1
vt 0.625 0.980628014
vt 0.855628014 0.744040012
vt 0.875 0.743788004
vt 0.875 0.738094985
vt 0.625 0.520416975
vt 0.625 0.729583025
vt 0.625 0.729583025
vt 0.375 0.5
vt 0.375 0.5
vt 0.3125 0.5
vt 0.623778999 0.775641024
vt 0.609375 0.748282015
vt 0.609375 0.779747009
vt 0.75 1
vt 0.6875 0.5
vt 0.6875 1
vt 0.625 0.5
vt 0.625 0.5
vt 0.625 0.5
vt 0.623778999 0.775641024
vt 0.623604 0.743589997
vt 0.609375 0.748282015
vt 0.625 0.75
vt 0.625 0.75
vt 0.625 0.5
vt 0.375 0.75
vt 0.125 0.75
vt 0.125 0.5
vt 0.575592995 1
vt 0.581426978 0.753413975
vt 0.577269971 0.751074016
vt 0.625 0.5
vt 0.625 0.5
vt 0.625 0.5
vt 0.625 0.726616025
vt 0.625 0.726616025
vt 0.625 0.504947007
vt 0.59375 0.78125
vt 0.609375 0.779747009
vt 0.609375 0.748282015
vt 0.625 0.5
vt 0.625 0.5
vt 0.625 0.5
vt 0.625 0.5
vt 0.0418439992 0.0334759988
vt 0.625 0.5
vt 0.200435996 0.743723989
vt 0.324708998 0.767444015
vt 0.318242013 0.471621007
vt 0.649999976 0.50999999
vt 0.850000024 0.50999999
vt 0.850000024 0.5
vt 0.625 0.732051015
vt 0.625 0.726616025
vt 0.625 0.726616025
vt 0.5 0.5
vt 0.449999988 0.5
vt 0.449999988 0.541666985
vt 0.375 0.25
vt 0.625 0.5
vt 0.625 0.25
vt 0.5 1
vt 0.625 1
vt 0.625 1
vt 0.75 0.00999999978
vt 0.971731007 0.158155993
vt 0.658155978 0.0282690004
vt 0.9375 0.5
vt 1 1
vt 1 0.5
vt 0.125 0.75
vt 0.375 0.75
vt 0.375 0.5
vt 0.4375 1
vt 0.5 0.5
vt 0.4375 0.5
vt 0.125 0.75
vt 0.125 0.5
vt 0.125 0.75
vt 0.0625 1
vt 0.125 1
vt 0.125 0.5
vt 0.0625 1
vt 0.125 0.5
vt 0.0625 0.5
vt 0.625 0.0119049996
vt 0.625 0.0062119998
vt 0.625 0.00596000021
vt 0.424816996 0.00631400011
vt 0.408190012 0.252485007
vt 0.428773999 0.25
vt 0.65625 0.538461983
vt 0.623604 0.506410003
vt 0.625 0.538461983
vt 0.841844022 0.0282690004
vt 0.971731007 0.158155993
vt 0.75 0.00999999978
vt 0.485291004 0.25
vt 0.334852993 0.165147007
vt 0.370000005 0.25
vt 0.665325999 0.501637995
vt 0.624049008 0.512861013
vt 0.667506993 0.512861013
vt 0.587554991 0.780360997
vt 0.625 0.75
vt 0.599696994 0.768453002
vt 0.457845986 0.370000005
vt 0.0421539992 0.370000005
vt 0.25 0.49000001
vt 0.675291002 0.767444015
vt 0.681756973 0.471621007
vt 0.658667982 0.482196003
vt 0.126100004 0.740391016
vt 0.125 0.5
vt 0.125 0.740310013
vt 0.625 0.502867997
vt 0.625 0.502867997
vt 0.625 0.503203988
vt 0.375 1
vt 0.477981001 0.868691027
vt 0.445055008 0.880806029
vt 0.59029001 0.00669000018
vt 0.591809988 0.252485007
vt 0.590659976 0.00672800001
vt 0.800100982 0.743694007
vt 0.822450995 0.499572009
vt 0.789864004 0.5
vt 0.623646021 0.371883005
vt 0.625 0.371881992
vt 0.625 0.442954004
vt 0.666666985 1
vt 0.833333015 0.774999976
vt 0.666666985 0.774999976
vt 0.375 0.5
vt 0.125 0.5
vt 0.125 0.75
vt 0.409713 0.744931996
vt 0.408190012 0.497514993
vt 0.409341991 0.744926989
vt 0.574811995 0.00627599983
vt 0.571226001 0.25
vt 0.591809988 0.252485007
vt 0.125 0.5
vt 0.375 0.5
vt 0.375 0.5
vt 0.620914996 0.74861002
vt 0.619750023 0.491688013
vt 0.620100021 0.748395026
vt 0.176609993 0.74337101
vt 0.177549005 0.499572009
vt 0.125 0.5
vt 0.75 1
vt 0.875 1
vt 0.875 1
vt 0.625 0.5
vt 0.625 0.5
vt 0.625 0.5
vt 0.510101974 0.850121975
vt 0.575156987 0.93256402
vt 0.512917995 0.848357975
vt 0.375 0.75
vt 0.425200999 0.824759007
vt 0.448720992 0.807425976
vt 0.375 0.25
vt 0.390778005 0.0365229994
vt 0.375 0
vt 0.625 0.75
vt 0.625 0.75
vt 0.625 0.715029001
vt 0.824490011 0.74329102
vt 0.822450995 0.499572009
vt 0.823390007 0.74337101
vt 0.25 0.00999999978
vt 0.458725005 0.138690993
vt 0.341843992 0.0282690004
vt 0.625 0.715029001
vt 0.625 0.75
vt 0.625 0.75
vt 0.625 0.5
vt 0.616819978 0.493456006
vt 0.618308008 0.494646013
vt 0.0625 0.5
vt 0 1
vt 0.0625 1
vt 0.375 0.75
vt 0.433005989 0.713227987
vt 0.375 0.705357015
vt 0.625 0.5
vt 0.625 0.5
vt 0.625 0.5
vt 0.625922978 0.750922978
vt 0.855628014 0.744040012
vt 0.625495017 0.744047999
vt 0.55054301 0.406067014
vt 0.600000024 0.5
vt 0.550903976 0.405995011
vt 0.375 0.75
vt 0.375 0.705357015
vt 0.125 0.705357015
vt 0.394988 0.75
vt 0.394988 0.5
vt 0.375 0.533333004
vt 0.0625 1
vt 0.125 0.5
vt 0.0625 0.5
vt 0.658155978 0.0282690004
vt 0.69275701 0.190900996
vt 0.580294013 0.0802939981
vt 0.5 0.25
vt 0.5 0.25
vt 0.5 0
vt 0.601850986 0.749471009
vt 0.601850986 0.792847991
vt 0.622052014 0.79163599
vt 0.875 0.5
vt 0.625 0.5
vt 0.625 0.75
vt 0.375892997 0.733332992
vt 0.375 0.716666996
vt 0.125 0.716666996
vt 0.9375 1
vt 0.875 0.5
vt 0.875 1
vt 0.451941997 0.75
vt 0.477266014 0.794439018
vt 0.508130014 0.785660028
vt 0.5 1
vt 0.625 1
vt 0.625 1
vt 0.125 0.533333004
vt 0.125 0.716666996
vt 0.375 0.716666996
vt 0.406410992 0.325857013
vt 0.150000006 0.5
vt 0.406410992 0.361642987
vt 0.378331006 0.501488984
vt 0.125 0.5
vt 0.125 0.516667008
vt 0.25 1
vt 0.25 0.5
vt 0.1875 0.5
vt 0.919705987 0.419705987
vt 0.82752502 0.405295998
vt 0.875873983 0.389842987
vt 0.5 1
vt 0.393182009 1
vt 0.5 1
vt 1 0.774999976
vt 0.833333015 1
vt 1 1
vt 0.433474004 0.403779
vt 0.400000006 0.5
vt 0.44945699 0.406067014
vt 0.625 1
vt 0.625 0.75
vt 0.375 0.75
vt 0.75 1
vt 0.8125 1
vt 0.8125 0.5
vt 0.375 0.5
vt 0.625 0.5
vt 0.625 0.25
vt 0.875 0.5
vt 0.75 1
vt 0.875 1
vt 0.9375 1
vt 1 0.821175992
vt 0.9375 0.821177006
vt 1 0.5
vt 0.9375 0.5
vt 0.9375 1
vt 0.400000006 0.5
vt 0.358332992 0.491667002
vt 0.349999994 0.50999999
vt 0.364021003 0.75
vt 0.364021003 0.5
vt 0.125 0.5
vt 0.635978997 0.5
vt 0.635978997 0.75
vt 0.875 0.75
vt 0.375 1
vt 0.5 1
vt 0.5 1
vt 0.625 0.5
vt 0.625 0.5
vt 0.625 0.5
vt 0.624350011 0.979906023
vt 0.625 0.980628014
vt 0.625922978 0.750922978
vt 0.606092989 1
vt 0.606406987 0.751408994
vt 0.581426978 0.753413975
vt 0.4375 0.5
vt 0.375 0.5
vt 0.375 1
vt 0.603165984 0.253125012
vt 0.58228898 0.293273985
vt 0.625 0.266667008
vt 0.375 0.25
vt 0.375 0.489021003
vt 0.625 0.489021003
vt 0.625 0.5
vt 0.625 0.5
vt 0.625 0.5
vt 0.575592995 1
vt 0.575592995 0.75
vt 0.375 0.75
vt 0.625 0.515151978
vt 0.625 0.238636002
vt 0.603331983 0.25
vt 0.593589008 0.325857013
vt 0.625 0.266667008
vt 0.593517005 0.325495988
vt 0.375 0.5
vt 0.375 0.5
vt 0.125 0.5
vt 0.625 0.625
vt 0.625 0.6875
vt 0.625 0.6875
vt 0.625 0.489021003
vt 0.625 0.25
vt 0.375 0.25
vt 0.375 0.75
vt 0.448720992 0.807425976
vt 0.451941997 0.75
vt 0.6875 0.5
vt 0.625 0.5
vt 0.625 0.709481001
vt 0.575592995 1
vt 0.577269971 0.751074016
vt 0.575592995 0.75
vt 0.625 0.504947007
vt 0.625 0.503203988
vt 0.625 0.503203988
vt 0.6875 0.5
vt 0.6875 0.709481001
vt 0.75 0.709481001
vt 0.625 0.6875
vt 0.625 0.6875
vt 0.625 0.6875
vt 0.971731007 0.341843992
vt 0.99000001 0.25
vt 0.99000001 0.25
vt 0.617124975 0.26246801
vt 0.571226001 0.25
vt 0.620907009 0.302556008
vt 1 1
vt 1 0.5
vt 0.9375 0.5
vt 0.625 0.75
vt 0.625 0.75
vt 0.625 0.75
vt 0.5625 0.709481001
vt 0.625 0.709481001
vt 0.625 0.5
vt 0.4375 0.5
vt 0.4375 0.709481001
vt 0.5 0.709481001
vt 0.348307014 0.501502991
vt 0.376396 0.519231021
vt 0.380207986 0.501717985
vt 0.375 0
vt 0.625 0.25
vt 0.625 0
vt 0.125 1
vt 0.125 0.5
vt 0.0625 0.5
vt 0.758406997 0.354842991
vt 0.580294013 0.0802939981
vt 0.69275701 0.190900996
vt 0.855628014 0.5
vt 0.875 0.738094985
vt 0.875 0.5
vt 0.5625 0.5
vt 0.5 0.5
vt 0.5 1
vt 0.375 0.335135996
vt 0.428773999 0.25
vt 0.379092991 0.302556008
vt 0.1875 1
vt 0.1875 0.5
vt 0.125 0.5
vt 0.591072023 0.354234993
vt 0.603331983 0.5
vt 0.603331983 0.25
vt 0.400200993 0.487500012
vt 0.587499976 0.456726998
vt 0.400725991 0.456726998
vt 0.971731007 0.341843992
vt 0.971731007 0.341843992
vt 0.919705987 0.419705987
vt 0.666666985 1
vt 0.5 0.774999976
vt 0.5 1
vt 0.897373974 0.25
vt 0.897373974 0.25
vt 0.886156023 0.193601996
vt 0.508130014 0.464340001
vt 0.486764997 0.45826301
vt 0.451941997 0.5
vt 0.125 0.5
vt 0.125 0.5
vt 0.375 0.5
vt 0.875 0.5
vt 0.8125 0.5
vt 0.8125 1
vt 0.4375 0.5
vt 0.5 1
vt 0.5 0.5
vt 0.4375 0.5
vt 0.5 0.5
vt 0.5 0.5
vt 0.4375 0.5
vt 0.4375 0.979442
vt 0.5 0.979442
vt 0.8125 0.979442
vt 0.875 0.979442
vt 0.875 0.5
vt 0.75 0.5
vt 0.75 0.979442
vt 0.8125 0.979442
vt 0.9375 0.5
vt 1 0.5
vt 0.9375 0.5
vt 0.9375 0.5
vt 0.875 0.5
vt 0.875 0.979442
vt 0.375 0.5
vt 0.3125 0.5
vt 0.3125 0.979442
vt 0.625 0.5
vt 0.625 0.979442
vt 0.6875 0.979442
vt 0.6875 0.979442
vt 0.75 0.979442
vt 0.75 0.5
vt 0.25 0.5
vt 0.3125 0.979442
vt 0.3125 0.5
vt 0.5625 0.979442
vt 0.625 0.979442
vt 0.625 0.5
vt 0.125 0.5
vt 0.125 0.979442
vt 0.1875 0.979442
vt 0 0.979442
vt 0.0625 0.979442
vt 0.0625 0.5
vt 0.1875 0.979442
vt 0.25 0.979442
vt 0.25 0.5
vt 0.6875 1
vt 0.6875 0.5
vt 0.625 0.5
vt 0.919705987 0.419705987
vt 0.99000001 0.25
vt 0.971731007 0.341843992
vt 0.375 1
vt 0.375 0.5
vt 0.3125 0.5
vt 0.4375 0.5
vt 0.375 0.5
vt 0.375 1
vt 0.25 0.5
vt 0.25 0.979442
vt 0.3125 0.979442
vt 0.5 0.5
vt 0.4375 0.5
vt 0.4375 1
vt 0.9375 0.5
vt 0.875 0.5
vt 0.875 1
vt 0.75 0.5
vt 0.6875 0.5
vt 0.6875 1
vt 0.3125 1
vt 0.3125 0.5
vt 0.25 0.5
vt 0.477266014 0.455561012
vt 0.451941997 0.5
vt 0.486764997 0.45826301
vt 0.150000006 0.50999999
vt 0.358332992 0.491667002
vt 0.150000006 0.5
vt 0.5625 1
vt 0.625 1
vt 0.625 0.5
vt 0.1875 0.5
vt 0.125 0.5
vt 0.125 1
vt 0.625 0.743053973
vt 0.625 0.74387002
vt 0.625 0.743871987
vt 0.5 0.5
vt 0.375 1
vt 0.5 1
vt 0.625 0.5
vt 0.5625 0.5
vt 0.5625 1
vt 0.0625 1
vt 0.125 1
vt 0.125 0.5
vt 0.8125 0.5
vt 0.8125 1
vt 0.875 1
vt 0.625 0.5625
vt 0.625 0.6875
vt 0.625 0.75
vt 0.0625 1
vt 0.125 1
vt 0.125 0.5
vt 0.625 0.5
vt 0.5625 1
vt 0.625 1
vt 0.6875 0.5
vt 0.625 0.5
vt 0.625 1
vt 0.25 1
vt 0.5625 1
vt 0.5625 0.5
vt 0.658155978 0.471731007
vt 0.645790994 0.354209006
vt 0.693602026 0.386155993
vt 0.125 0.5
vt 0.0625 0.5
vt 0.0625 1
vt 0.5 1
vt 0.4375 0.5
vt 0.4375 1
vt 0.624269009 0.498255014
vt 0.625 0.499527991
vt 0.625 0.75
vt 0.0625 0.5
vt 0.75 0.5
vt 0.75 1
vt 0.6875 0.5
vt 0.625 0.5
vt 0.625 1
vt 0.3125 0.5
vt 0.25 1
vt 0.3125 1
vt 0.625 1
vt 0.625 0.5
vt 0.5625 0.5
vt 0.375 0.5
vt 0.4375 1
vt 0.4375 0.5
vt 0.125 0.5
vt 0.0625 0.5
vt 0.0625 1
vt 1 0.5
vt 0.9375 0.5
vt 0.9375 1
vt 0.125 1
vt 0.1875 1
vt 0.1875 0.5
vt 0.25 0.5
vt 0.1875 0.5
vt 0.1875 1
vt 0.625 0.5
vt 0.625 0.53282702
vt 0.625 0.5
vt 0.5 0.5
vt 0.4375 0.5
vt 0.4375 1
vt 0.375 0.5
vt 0.375 1
vt 0.4375 1
vt 0.5625 1
vt 0.5625 0.5
vt 0.25 0.5
vt 0.0625 0.5
vt 0.25 0.5
vt 0.75 0.5
vt 0.625 1
vt 0.625 0.5
vt 0.5625 0.5
vt 0 0.979442
vt 0.0625 0.5
vt 0 0.5
vt 0.1875 0.5
vt 0.25 1
vt 0.25 0.5
vt 0.9375 0.5
vt 0.875 0.979442
vt 0.9375 0.979442
vt 0.875 0.5
vt 0.821322024 0.50169301
vt 0.819450021 1.00319195
vt 0.875 0.5
vt 0.821322024 0.50169301
vt 0.819450021 1.00319195
vt 0.442544013 0.5
vt 0.442544013 0.5
vt 0.442544013 0.75
vt 0.1875 0.5
vt 0.125 0.5
vt 0.125 1
vt 0.25 0.5
vt 0.1875 0.5
vt 0.1875 1
vt 0.25 0.5
vt 0.1875 0.5
vt 0.1875 1
vt 0.680549979 1.00319195
vt 0.6875 1
vt 0.6875 0.5
vt 0.375 0.75
vt 0.125 0.75
vt 0.375 0.75
vt 0.1875 1
vt 0.1875 1
vt 0.1875 0.5
vt 0.3125 1
vt 0.3125 0.5
vt 0.3125 0.5
vt 0.819450021 1.00319195
vt 0.821322024 0.50169301
vt 0.8125 0.5
vt 0.625 0.503327012
vt 0.625 0.504947007
vt 0.625 0.50296098
vt 0.625 0.729695022
vt 0.625 0.729695022
vt 0.625 0.729583025
vt 0.125 1
vt 0.125 0.5
vt 0 0.5
vt 0.375 0.75
vt 0.375 0.5
vt 0.145267993 0.5
vt 0.0625 0.5
vt 0 0.5
vt 0 1
vt 0.625 0.504947007
vt 0.625 0.50296098
vt 0.625 0.503203988
vt 0.625 0.744152009
vt 0.625 0.726616025
vt 0.625 0.726616025
vt 0.390778005 0.213477001
vt 0.609221995 0.213477001
vt 0.609221995 0.213477001
vt 0.6875 1
vt 0.471731007 0.341843992
vt 0.971731007 0.341843992
vt 0.390778005 0.0365229994
vt 0.390778005 0.0365229994
vt 0.609221995 0.0365229994
vt 0.9375 0.5
vt 0.9375 0.5
vt 0.875 0.5
vt 0.625 0.744152009
vt 0.625 0.726616025
vt 0.625 0.744152009
vt 0.3125 1
vt 0.375 0.5
vt 0.3125 0.5
vt 0.1875 0.5
vt 0.125 0.5
vt 0.125 1
vt 0.390778005 0.0365229994
vt 0.390778005 0.0365229994
vt 0.390778005 0.213477001
vt 0.609221995 0.213477001
vt 0.609221995 0.0365229994
vt 0.390778005 0.0365229994
vt 0.625 0.5
vt 0.5 0.25
vt 0.394988 0.5
vt 0.625 0.743871987
vt 0.625 0.726616025
vt 0.625 0.744152009
vt 0.625 0.729695022
vt 0.625 0.729695022
vt 0.625 0.520304978
vt 0.609221995 0.213477001
vt 0.625 0.25
vt 0.625 0
vt 0.125 0.75
vt 0.375 0.75
vt 0.375 0.75
vt 0.75 0.5
vt 0.25 0.5
vt 0.625 0.5
vt 0.9375 1
vt 0.9375 0.5
vt 0.875 0.5
vt 0.25 1
vt 0.25 0.5
vt 0.1875 0.5
vt 1 0.5
vt 0.9375 0.5
vt 0.9375 1
vt 0.875 0.5
vt 0.8125 0.5
vt 0.8125 1
vt 0.5 1
vt 0.5625 1
vt 0.5625 0.5
vt 0.3125 0.5
vt 0.25 0.5
vt 0.25 1
vt 0.6875 1
vt 0.6875 0.5
vt 0.625 0.5
vt 0.25 0.5
vt 0.1875 1
vt 0.25 1
vt 0.375 1
vt 0.375 0.5
vt 0.3125 0.5
vt 0.75 0.49000001
vt 0.919705987 0.419705987
vt 0.841844022 0.471731007
vt 0.4375 1
vt 0.4375 0.5
vt 0.375 0.5
vt 0.5 1
vt 0.5 0.5
vt 0.4375 0.5
vt 0.625 0.5
vt 0.5625 0.5
vt 0.5625 1
vt 0.8125 1
vt 0.8125 0.5
vt 0.75 0.5
vt 0.555836022 0.108932003
vt 0.608932018 0.0558359995
vt 0.608932018 0.444164008
vt 0.125 0.5
vt 0.0625 0.5
vt 0.0625 1
vt 0.75 0.49000001
vt 0.75 0.00999999978
vt 0.824163973 0.47825399
vt 0.9375 0.5
vt 1 0.5
vt 1 0.5
vt 0.580294013 0.419705987
vt 0.75 0.00999999978
vt 0.75 0.49000001
vt 0.1875 1
vt 0.25 1
vt 0.25 0.5
vt 0.5 0.5
vt 0.5 1
vt 0.5625 1
vt 0.625 0.5
vt 0.6875 0.979442
vt 0.6875 0.5
vt 0.5625 1
vt 0.625 1
vt 0.625 0.5
vt 0.625 0.75
vt 0.625 0.75
vt 0.625 0.75
vt 0.125 1
vt 0.1875 1
vt 0.1875 0.5
vt 0.166666999 1
vt 0.166666999 0.774999976
vt -0 0.774999976
vt 0.3125 0.5
vt 0.3125 1
vt 0.375 1
vt 0.875 0.5
vt 0.8125 0.5
vt 0.8125 1
vt 0.25 0.0147089995
vt 0.0836239979 0.0836239979
vt 0.165147007 0.165147007
vt 0.75 1
vt 0.8125 1
vt 0.8125 0.5
vt 0.125 1
vt 0 1
vt 0 1
vt 0.394988 0.5
vt 0.394988 0.75
vt 0.625 0.5
vt 0.4375 0.5
vt 0.4375 1
vt 0.5 1
vt 0.25 0.5
vt 0.125 0.5
vt 0.125 1
vt 0.108932003 0.0558359995
vt 0.0558359995 0.108932003
vt 0.0558359995 0.391068012
vt 1 0.774999976
vt 0.833333015 0.774999976
vt 0.833333015 1
vt 0.125 1
vt 0.1875 0.5
vt 0.125 0.5
vt 0.166666999 1
vt 0.333332986 1
vt 0.333332986 0.774999976
vt 0.5 0.774999976
vt 0.333332986 0.774999976
vt 0.333332986 1
vt 0.324164003 0.47825399
vt 0.324164003 0.0217460003
vt 0.25 0.49000001
vt 0.165147007 0.334852993
vt 0.0836239979 0.416375995
vt 0.25 0.485291004
vt 0.4375 0.5
vt 0.4375 1
vt 0.5 1
vt 0.391068012 0.0558359995
vt 0.324164003 0.0217460003
vt 0.324164003 0.47825399
vt 0.25 1
vt 0.125 1
vt 0.125 1
vt 0.25 0.485291004
vt 0.416375995 0.416375995
vt 0.334852993 0.334852993
vt 0.485291004 0.25
vt 0.416375995 0.0836239979
vt 0.334852993 0.165147007
vt 0.875 1
vt 0.875 1
vt 0.991626978 1
vt 0.5 0.5
vt 0.375 0.5
vt 0.375 1
vt 0.25 1
vt 0.25 1
vt 0.375 1
vt 0.125 1
vt 0.125 0.5
vt 0 0.5
vt 0.666666985 1
vt 0.666666985 0.774999976
vt 0.5 0.774999976
vt 0.334852993 0.334852993
vt 0.25 0.25
vt 0.25 0.370000005
vt 0.625 1
vt 0.625 0.5
vt 0.5 0.5
vt 0.875 1
vt 0.75 1
vt 0.75 1
vt 0.370000005 0.25
vt 0.25 0.25
vt 0.334852993 0.334852993
vt 0.485291004 0.25
vt 0.370000005 0.25
vt 0.334852993 0.334852993
vt 0.25 0.0147089995
vt 0.25 0.129999995
vt 0.334852993 0.165147007
vt 0.334852993 0.165147007
vt 0.25 0.25
vt 0.370000005 0.25
vt 0.75 1
vt 0.625 1
vt 0.625 1
vt 0.0836239979 0.416375995
vt 0.165147007 0.334852993
vt 0.129999995 0.25
vt 0.25 0.129999995
vt 0.25 0.25
vt 0.334852993 0.165147007
vt 0.125 1
vt 0 1
vt 0.00837299973 1
vt 1 1
vt 1 0.5
vt 0.875 0.5
vt 0.165147007 0.165147007
vt 0.25 0.25
vt 0.25 0.129999995
vt 0.666666985 1
vt 0.833333015 1
vt 0.833333015 0.774999976
vt 0.416375995 0.416375995
vt 0.334852993 0.334852993
vt 0.25 0.370000005
vt 0.129999995 0.25
vt 0.25 0.25
vt 0.165147007 0.165147007
vt 0.75 1
vt 0.75 0.5
vt 0.625 0.5
vt 0.0836239979 0.0836239979
vt 0.0147089995 0.25
vt 0.129999995 0.25
vt 0.165147007 0.334852993
vt 0.25 0.25
vt 0.129999995 0.25
vt 0.25 1
vt 0.25 1
vt 0.375 1
vt 0.0836239979 0.0836239979
vt 0.165147007 0.165147007
vt 0.25 0.129999995
vt 0.25 0.370000005
vt 0.25 0.25
vt 0.165147007 0.334852993
vt 0.375 1
vt 0.375 1
vt 0.5 1
vt 0.875 1
vt 0.875 1
vt 1 1
vt 0.625 1
vt 0.5 1
vt 0.5 1
vt 1 0.774999976
vt 0.833333015 0.774999976
vt 0.833333015 1
vt 0.625 1
vt 0.625 1
vt 0.75 1
vt 0.25 1
vt 0.125 1
vt 0.125 1
vt 0 1
vt 0 1
vt 0.125 1
vt 0.875 0.5
vt 0.75 0.5
vt 0.75 1
vt 0.5 1
vt 0.375 1
vt 0.375 1
vt 0.5 1
vt 0.5 1
vt 0.625 1
vt 0.375 1
vt 0.375 0.5
vt 0.25 0.5
vt 1 0.5
vt 0.875 0.5
vt 0.875 1
vt 0.5 0.774999976
vt 0.333332986 0.774999976
vt 0.333332986 1
vt 1 1
vt 0.875 1
vt 0.875 1
vt 0.166666999 1
vt 0.166666999 0.774999976
vt -0 0.774999976
vt 0.0421539992 0.370000005
vt 0.25 0.00999999978
vt 0.0421539992 0.129999995
vt 0.625 0.528881013
vt 0.625 0.5
vt 0.625 0.523087025
vt 0.625 1
vt 0.625 0.5
vt 0.5 0.5
vt 0.25 0.485291004
vt 0.25 0.370000005
vt 0.165147007 0.334852993
vt 0.0625 0.5
vt 0 0.5
vt 0 1
vt 0.375 1
vt 0.375 1
vt 0.5 1
vt 0.375 1
vt 0.375 0.5
vt 0.25 0.5
vt 0.625 0.743053973
vt 0.625 0.732041001
vt 0.625 0.736941993
vt 0.25 0.5
vt 0.125 0.5
vt 0.125 1
vt 0.5 1
vt 0.5 1
vt 0.625 1
vt 0.334852993 0.334852993
vt 0.25 0.25
vt 0.25 0.370000005
vt 0.875 1
vt 0.875 0.5
vt 0.75 0.5
vt 0.25 0.0147089995
vt 0.25 0.129999995
vt 0.334852993 0.165147007
vt 0.370000005 0.25
vt 0.25 0.25
vt 0.334852993 0.334852993
vt 0.334852993 0.334852993
vt 0.416375995 0.416375995
vt 0.485291004 0.25
vt 0.875 1
vt 0.75 1
vt 0.75 1
vt 0.334852993 0.165147007
vt 0.25 0.25
vt 0.370000005 0.25
vt 0.125 1
vt 0.125 1
vt 0.25 1
vt 0.485291004 0.25
vt 0.416375995 0.0836239979
vt 0.334852993 0.165147007
vt 0.25 0.129999995
vt 0.25 0.25
vt 0.334852993 0.165147007
vt 0.75 1
vt 0.625 1
vt 0.625 1
vt 0.75 0.5
vt 0.625 0.5
vt 0.625 1
vt 0.165147007 0.165147007
vt 0.25 0.25
vt 0.25 0.129999995
vt 1 1
vt 0.875 1
vt 0.875 1
vt 0.65625 0.538461983
vt 0.655028999 0.505608976
vt 0.623604 0.506410003
vt 0.129999995 0.25
vt 0.25 0.25
vt 0.165147007 0.165147007
vt 0.375 1
vt 0.25 1
vt 0.25 1
vt 0.625 1
vt 0.625 1
vt 0.75 1
vt 0.165147007 0.334852993
vt 0.25 0.25
vt 0.129999995 0.25
vt 0.375 1
vt 0.375 1
vt 0.5 1
vt 0.0625 1
vt 0.125 1
vt 0.125 0.5
vt 0.25 0.370000005
vt 0.25 0.25
vt 0.165147007 0.334852993
vt 0 1
vt 0.00837299973 1
vt 0.125 1
vt 0.0147089995 0.25
vt 0.0836239979 0.416375995
vt 0.165147007 0.334852993
vt 1 0.5
vt 0.9375 1
vt 1 1
vt 0.375 0.75
vt 0.375 0.5
vt 0.125 0.5
vt 0.375 1
vt 0.4375 1
vt 0.4375 0.5
vt 0.5 1
vt 0.5 1
vt 0.625 1
vt 0.1875 1
vt 0.25 1
vt 0.25 0.5
vt 0.25 1
vt 0.25 1
vt 0.375 1
vt 0.380510002 0.748365998
vt 0.380250007 0.491688013
vt 0.379900008 0.748395026
vt 0.375 0.25
vt 0.375 0.5
vt 0.625 0.5
vt 0.375 0.75
vt 0.125 0.5
vt 0.375 0.5
vt 0.625 1
vt 0.625 0.699527979
vt 0.579705 0.75
vt 0.375 0.25
vt 0.625 0.25
vt 0.579705 0
vt 0.625 0.75
vt 0.625 0.74387002
vt 0.625 0.744152009
vt 0.875 0.674292982
vt 0.875 0.5
vt 0.625 0.5
vt 0.625 0.5
vt 0.625 0.504947007
vt 0.625 0.726616025
vt 0.4375 0.5
vt 0.375 0.5
vt 0.375 1
vt 0.579705 0.75
vt 0.375 0.75
vt 0.375 1
vt 0.125 0.75
vt 0.375 0.75
vt 0.375 0.75
vt 0.625 0.75
vt 0.625 0.744152009
vt 0.625 0.74387002
vt 0.75 1
vt 0.75 0.5
vt 0.6875 0.5
vt 1 1
vt 1 0.5
vt 0.9375 0.5
vt 0.75 0.5
vt 0.6875 0.5
vt 0.6875 1
vt 0.375 0.75
vt 0.125 0.689383984
vt 0.125 0.75
vt 0.442544013 0.75
vt 0.442544013 0.5
vt 0.375 0.5
vt 0.625 0
vt 0.625 0.0062119998
vt 0.625 0
vt 0.897373974 0.25
vt 0.886156023 0.193601996
vt 0.886156023 0.193601996
vt 0.375 0.75
vt 0.125 0.75
vt 0.125 0.75
vt 0.375 0.5
vt 0.125 0.5
vt 0.375 0.5
vt 0.625 0.520416975
vt 0.625 0.520416975
vt 0.625 0.729583025
vt 0.5625 0.5
vt 0.5 0.5
vt 0.5 1
vt 0.855628014 0.744040012
vt 0.875 0.75
vt 0.875 0.743788004
vt 0.680549979 1.00319195
vt 0.678677976 0.50169301
vt 0.625 0.5
vt 0.625 0.502837002
vt 0.625 0.502867997
vt 0.625 0.5
vt 0.625 0.5
vt 0.625 0.503203988
vt 0.625 0.5
vt 0.606092989 1
vt 0.625 0.75
vt 0.606406987 0.751408994
vt 0.4375 1
vt 0.4375 0.5
vt 0.375 0.5
vt 0.625 0.5
vt 0.596307993 0.558631003
vt 0.625 0.625
vt 0.5 0.5
vt 0.4375 0.5
vt 0.4375 1
vt 0.458725005 0.138690993
vt 0.0282690004 0.158155993
vt 0.458725005 0.361308992
vt 0.6875 0.5
vt 0.625 0.5
vt 0.625 1
vt 0.875 1
vt 0.875 0.5
vt 0.8125 0.5
vt 0.680549979 1.00319195
vt 0.6875 1
vt 0.6875 0.5
vt 0.125 1
vt 0.125 1
vt 0.25 1
vt 0.1875 1
vt 0.1875 1
vt 0.1875 0.5
vt 0.3125 1
vt 0.3125 0.5
vt 0.3125 0.5
vt 0.819450021 1.00319195
vt 0.821322024 0.50169301
vt 0.8125 0.5
vt 0.125 0.5
vt 0.0625 0.5
vt 0.0625 0.979442
vt 0.54537499 0.558631003
vt 0.451941997 0.5
vt 0.625 0.625
vt 0.875 1
vt 0.9375 1
vt 0.9375 0.5
vt 0.65625 0.711538017
vt 0.65625 0.538461983
vt 0.625 0.538461983
vt 0.125 1
vt 0.125 0.5
vt 0.0625 0.5
vt 0.971731007 0.341843992
vt 0.971731007 0.158155993
vt 0.6875 1
vt 0.875 0.5
vt 0.8125 0.5
vt 0.8125 1
vt 0.0625 0.5
vt 0 0.5
vt 0 1
vt 0.232464999 0.75
vt 0.232465997 0.5
vt 0.232465997 0.75
vt 0.1875 0.5
vt 0.125 0.5
vt 0.125 1
vt 0.0625 1
vt 0.0625 0.5
vt 0 0.5
vt 0.375 1
vt 0.4375 1
vt 0.4375 0.821175992
vt 0.3125 1
vt 0.3125 0.5
vt 0.25 0.5
vt 0.375 0.979442
vt 0.4375 0.979442
vt 0.4375 0.5
vt 0.625 0.5
vt 0.625 0.503203988
vt 0.625 0.5
vt 0.125 0.5
vt 0.375 0.5
vt 0.375 0.5
vt 0.9375 0.5
vt 0.9375 0.979442
vt 1 0.979442
vt 0.1875 0.5
vt 0.125 0.5
vt 0.125 1
vt 1 0.5
vt 0.9375 0.5
vt 0.9375 1
vt 0.9375 1
vt 0.9375 0.5
vt 0.875 0.5
vt 0.875 0.5
vt 0.8125 0.5
vt 0.8125 1
vt 0.5625 0.5
vt 0.5 1
vt 0.5625 1
vt 0.25 0.5
vt 0.1875 0.5
vt 0.1875 1
vt 0.375 1
vt 0.375 0.5
vt 0.3125 0.5
vt 0.0625 1
vt 0.0625 0.5
vt 0 0.5
vt 0.75 1
vt 0.75 0.5
vt 0.6875 0.5
vt 0.232464999 0.75
vt 0.365969986 0.75
vt 0.365998 0.75
vt 0.9375 0.5
vt 0.875 0.5
vt 0.875 1
vt 0.1875 0.5
vt 0.125 0.5
vt 0.125 1
vt 0.625 0.5
vt 0.5625 0.5
vt 0.5625 1
vt 0.6875 1
vt 0.6875 0.5
vt 0.625 0.5
vt 0.8125 0.5
vt 0.75 0.5
vt 0.75 1
vt 0.758406997 0.354842991
vt 0.82752502 0.405295998
vt 0.841844022 0.471731007
vt 0.75 0.5
vt 0.6875 0.5
vt 0.6875 1
vt 0.5625 0.5
vt 0.625 1
vt 0.625 0.5
vt 0 0.5
vt 0.0625 1
vt 0.0625 0.5
vt 0.6875 1
vt 0.6875 0.5
vt 0.625 0.5
vt 0 1
vt 0.0625 1
vt 0.0625 0.5
vt 0.8125 1
vt 0.8125 0.5
vt 0.75 0.5
vt 0.875 0.5
vt 0.8125 0.5
vt 0.8125 1
vt 0.25 1
vt 0.25 0.5
vt 0.1875 0.5
vt 0.3125 0.5
vt 0.25 0.5
vt 0.25 1
vt 0.635978997 0.5
vt 0.635978997 0.75
vt 0.875 0.75
vt 0.3125 1
vt 0.3125 0.5
vt 0.25 0.5
vt 0.232465997 0.5
vt 0.366174012 0.746133983
vt 0.366052002 0.5
vt 0.8125 1
vt 0.8125 0.5
vt 0.75 0.5
vt 0.5625 1
vt 0.5625 0.5
vt 0.5 0.5
vt 0.6875 1
vt 0.6875 0.5
vt 0.625 0.5
vt 0.375 1
vt 0.375 0.5
vt 0.3125 0.5
vt 0.625 1
vt 0.625 0.5
vt 0.5625 0.5
vt 0.9375 1
vt 0.9375 0.5
vt 0.875 0.5
vt 0.404832006 0.0866670012
vt 0.375 0.25
vt 0.404832006 0.163332999
vt 0.1875 1
vt 0.125 0.5
vt 0.125 1
vt 0.875 0.5
vt 0.8125 0.5
vt 0.8125 1
vt 0.645790994 0.145790994
vt 0.613843977 0.193601996
vt 0.613843977 0.193601996
vt 0.841844022 0.471731007
vt 0.82752502 0.405295998
vt 0.919705987 0.419705987
vt 0.919705987 0.0802939981
vt 0.580294013 0.419705987
vt 0.580294013 0.0802939981
vt 0.5 1
vt 0.5 0.5
vt 0.4375 0.5
vt 0.125 0.516667008
vt 0.125 0.533333004
vt 0.375 0.533333004
vt 0.8125 1
vt 0.8125 0.5
vt 0.75 0.5
vt 0.625 0.5
vt 0.5625 0.5
vt 0.5625 1
vt 0.4375 0.5
vt 0.375 0.5
vt 0.375 1
vt 0.609375 0.470037997
vt 0.609375 0.501717985
vt 0.623604 0.506410003
vt 0.75 0.49000001
vt 0.758406997 0.354842991
vt 0.841844022 0.471731007
vt 0.25 1
vt 0.25 0.5
vt 0.1875 0.5
vt 0.3125 0.5
vt 0.3125 0.5
vt 0.25 0.5
vt 0.625 0.5
vt 0.5625 0.5
vt 0.5625 1
vt 0.8125 0.5
vt 0.875 1
vt 0.875 0.5
vt 0.5625 1
vt 0.5625 0.5
vt 0.5 0.5
vt 0.625 0.75
vt 0.625 0.75
vt 0.625 0.75
vt 0.619772971 0.615704
vt 0.625 0.625
vt 0.618001997 0.611810029
vt 1 0.5
vt 0.9375 0.5
vt 0.9375 1
vt 0.574811995 0.00627599983
vt 0.425188005 0.00627599983
vt 0.428773999 0.25
vt 0.125 1
vt 0.1875 1
vt 0.1875 0.821175992
vt 0.4375 0.5
vt 0.5 0.709481001
vt 0.5 0.5
vt 0.625 0.504947007
vt 0.625 0.503203988
vt 0.625 0.504947007
vt 0.3125 0.5
vt 0.25 0.5
vt 0.25 1
vt 0.625 0.625
vt 0.625 0.6875
vt 0.625 0.625
vt 0.125 1
vt 0.125 0.5
vt 0.0625 0.5
vt 0.4375 0.5
vt 0.375 0.5
vt 0.375 1
vt 0.5 1
vt 0.5 0.5
vt 0.4375 0.5
vt 0.125 1
vt 0.125 0.5
vt 0.0625 0.5
vt 0.25 1
vt 0.25 0.5
vt 0.1875 0.5
vt 0.625 0.625
vt 0.625 0.625
vt 0.625 0.625
vt 0.375 0.5
vt 0.375 1
vt 0.4375 1
vt 0.971731007 0.341843992
vt 0.894369006 0.382292986
vt 0.930806994 0.324146986
vt 0.4375 0.5
vt 0.375 0.5
vt 0.375 1
vt 0.625 0.821177006
vt 0.625 1
vt 0.6875 1
vt 0.875 0.5
vt 0.875 1
vt 0.9375 1
vt 0 0.821175992
vt 0 1
vt 0.0625 1
vt 0.3125 0.821175992
vt 0.3125 1
vt 0.375 1
vt 0.6875 0.821177006
vt 0.6875 1
vt 0.75 1
vt 0.25 0.821177006
vt 0.25 1
vt 0.3125 1
vt 0.875 1
vt 0.9375 1
vt 0.9375 0.821177006
vt 0.8125 0.5
vt 0.75 0.5
vt 0.75 1
vt 0.625495017 0.744047999
vt 0.855628014 0.744040012
vt 0.855628014 0.738094985
vt 0.5625 0.821175992
vt 0.5625 1
vt 0.625 1
vt 0.9375 0.5
vt 0.875 0.5
vt 0.875 1
vt 0.971731007 0.158155993
vt 0.528268993 0.341843992
vt 0.658155978 0.0282690004
vt 0.5 0.821175992
vt 0.5 1
vt 0.5625 1
vt 0.806397974 0.113844
vt 0.806397974 0.113844
vt 0.75 0.102626003
vt 0.0147089995 0.25
vt 0.165147007 0.334852993
vt 0.129999995 0.25
vt 0.875 0.5
vt 0.8125 0.5
vt 0.8125 1
vt 0.6875 0.5
vt 0.625 0.5
vt 0.625 1
vt 0.125 0.5
vt 0.125 1
vt 0.1875 1
vt 0.25 0.5
vt 0.25 1
vt 0.3125 1
vt 0.5625 1
vt 0.625 0.5
vt 0.5625 0.5
vt 0.25 0.5
vt 0.1875 0.5
vt 0.1875 1
vt 1 0.5
vt 0.9375 0.5
vt 0.9375 1
vt 0.6875 1
vt 0.75 1
vt 0.75 0.5
vt 0.25 0.5
vt 0.1875 0.5
vt 0.1875 1
vt 0.625 0.743871987
vt 0.625 0.74387002
vt 0.625 0.743061006
vt 0 1
vt 0.0625 1
vt 0.0625 0.5
vt 0.5625 1
vt 0.625 1
vt 0.625 0.5
vt 0.5625 0.5
vt 0.5625 0.5
vt 0.5 0.5
vt 0.5 1
vt 0.5625 1
vt 0.5625 0.5
vt 0.75 0.5
vt 0.8125 0.5
vt 0.8125 0.5
vt 0.75 0.5
vt 0.75 0.5
vt 0.6875 0.5
vt 0.8125 1
vt 0.875 1
vt 0.875 0.821177006
vt 0.75 0.821177006
vt 0.75 1
vt 0.8125 1
vt 0.875 0.5
vt 0.9375 0.5
vt 0.9375 0.5
vt 0.0625 0.5
vt 0.125 0.5
vt 0.125 0.5
vt 0.8125 0.5
vt 0.8125 0.5
vt 0.875 0.5
vt 0.0147089995 0.25
vt 0.129999995 0.25
vt 0.165147007 0.165147007
vt 0.75 0.5
vt 0.8125 0.5
vt 0.8125 0.5
vt 0.625 0.5
vt 0.6875 0.5
vt 0.6875 0.5
vt 0.344971001 0.519231021
vt 0.34375 0.538461983
vt 0.375 0.538461983
vt 0.0625 0.5
vt 0.0625 0.5
vt 0 0.5
vt 0.4375 0.5
vt 0.4375 0.5
vt 0.375 0.5
vt 0.3125 0.5
vt 0.3125 0.5
vt 0.25 0.5
vt 0.875 0.5
vt 0.875 0.5
vt 0.8125 0.5
vt 0.25 0.5
vt 0.25 0.5
vt 0.1875 0.5
vt 0.1875 0.5
vt 0.1875 1
vt 0.25 1
vt 0.0625 0.5
vt 0.125 0.5
vt 0.125 0.5
vt 0.125 0.5
vt 0.1875 0.5
vt 0.1875 0.5
vt 0.625 0.5
vt 0.6875 0.5
vt 0.6875 0.5
vt 0.75 0.5
vt 0.75 0.5
vt 0.6875 0.5
vt 0.1875 0.5
vt 0.25 0.5
vt 0.25 0.5
vt 0.0625 0.5
vt 0.125 0.5
vt 0.125 0.5
vt 0.1875 0.5
vt 0.1875 0.5
vt 0.125 0.5
vt 0.625 0.5
vt 0.625 0.5
vt 0.5625 0.5
vt 0.4375 0.5
vt 0.4375 0.5
vt 0.375 0.5
vt 0.375 0.5
vt 0.4375 0.5
vt 0.4375 0.5
vt 0.9375 0.5
vt 0.9375 0.5
vt 0.875 0.5
vt 0.364021003 0.75
vt 0.364021003 0.5
vt 0.125 0.5
vt 0.4375 0.5
vt 0.5 0.5
vt 0.5 0.5
vt 0.3125 0.5
vt 0.3125 0.5
vt 0.375 0.5
vt 0.125 0.5
vt 0.1875 0.5
vt 0.1875 0.5
vt 0.1875 0.5
vt 0.25 0.5
vt 0.25 0.5
vt 0.0625 0.5
vt 0.0625 0.5
vt 0 0.5
vt 0.625 0.5
vt 0.6875 0.5
vt 0.6875 0.5
vt 0.599696994 0.481546998
vt 0.603994012 0.486492991
vt 0.625 0.5
vt 0.9375 0.5
vt 1 0.5
vt 1 0.5
vt 0.25 0.5
vt 0.3125 0.5
vt 0.3125 0.5
vt 0.421896011 0.225710005
vt 0.500093997 0.198933005
vt 0.593093991 -0.010241
vt 0.442544013 0.75
vt 0.375 0.5
vt 0.375 0.75
vt 0.0625 0.5
vt 0.0625 0.5
vt 0 0.5
vt 0.4375 0.5
vt 0.5 0.5
vt 0.5 0.5
vt 0.6875 0.5
vt 0.75 0.5
vt 0.75 0.5
vt 0.3125 0.5
vt 0.375 0.5
vt 0.375 0.5
vt 0.25 0.5
vt 0.3125 0.5
vt 0.3125 0.5
vt 0.5625 0.5
vt 0.5625 0.5
vt 0.5 0.5
vt 0.0625 0.5
vt 0.0625 0.5
vt 0 0.5
vt 0.6875 0.5
vt 0.75 0.5
vt 0.75 0.5
vt 0.875 0.5
vt 0.875 0.5
vt 0.8125 0.5
vt 0.9375 0.5
vt 1 0.5
vt 1 0.5
vt 0.875 0.5
vt 0.875 0.5
vt 0.9375 0.5
vt 0.875 0.5
vt 0.9375 0.5
vt 0.9375 0.5
vt 0.4375 0.5
vt 0.5 0.5
vt 0.5 0.5
vt 0.125 0.5
vt 0.1875 0.5
vt 0.1875 0.5
vt 0.625 0.5
vt 0.625 0.5
vt 0.5625 0.5
vt 0 0.5
vt 0.0625 0.5
vt 0.0625 0.5
vt 0.5625 0.5
vt 0.5625 0.5
vt 0.5 0.5
vt 0.375 0.5
vt 0.375 0.5
vt 0.3125 0.5
vt 0.6875 0.5
vt 0.75 0.5
vt 0.75 0.5
vt 0.3125 1
vt 0.375 1
vt 0.375 0.5
vt 0.9375 0.5
vt 1 0.5
vt 1 0.5
vt 0.25 0.5
vt 0.25 0.5
vt 0.1875 0.5
vt 0.25 0.5
vt 0.25 0.5
vt 0.3125 0.5
vt 0.376971006 0.205357
vt 0.625 0.0119049996
vt 0.376971006 0.0446429998
vt 0.8125 0.5
vt 0.8125 0.5
vt 0.75 0.5
vt 0.625 0.5
vt 0.625 0.5
vt 0.6875 0.5
vt 0.59375 0.78125
vt 0.609375 0.748282015
vt 0.59375 0.75
vt 0.5625 0.5
vt 0.5625 0.5
vt 0.5 0.5
vt 0.1875 0.5
vt 0.25 0.5
vt 0.25 0.5
vt 0.625 0.5
vt 0.625 0.503126979
vt 0.625 0.503126979
vt 0.125 0.5
vt 0.125 0.5
vt 0.0625 0.5
vt 0.3125 0.5
vt 0.25 1
vt 0.3125 1
vt 0.5625 0.5
vt 0.625 0.5
vt 0.625 0.5
vt 0.625 0.5
vt 0.6875 0.5
vt 0.6875 0.5
vt 0.1875 0.5
vt 0.1875 0.5
vt 0.125 0.5
vt 0.25 0.5
vt 0.125 1
vt 0.25 1
vt 0.25 1
vt 0.1875 0.5
vt 0.1875 1
vt 0.625 0.00596000021
vt 0.625 0.00595200015
vt 0.625 0.0119049996
vt 0.375 0.5
vt 0.4375 0.5
vt 0.4375 0.5
vt 0.75 0.5
vt 0.8125 0.5
vt 0.75 0.5
vt 0.625 0.5
vt 0.625 0.503126979
vt 0.625 0.5
vt 0.75 0.5
vt 0.8125 0.5
vt 0.8125 0.5
vt 0.75 0.5
vt 0.8125 0.5
vt 0.8125 0.5
vt 0.1875 0.5
vt 0.125 0.5
vt 0.125 0.5
vt 0.9375 1
vt 1 0.5
vt 0.9375 0.5
vt 0.625 0.5
vt 0.625 0.5
vt 0.5625 0.5
vt 0.8125 0.5
vt 0.875 0.5
vt 0.875 0.5
vt 0.375 0.5
vt 0.4375 0.5
vt 0.4375 0.5
vt 0.375 0.5
vt 0.375 1
vt 0.4375 1
vt 0.5 0.5
vt 0.5 0.5
vt 0.5625 0.5
vt 0.9375 0.5
vt 1 0.5
vt 1 0.5
vt 0.6875 0.5
vt 0.6875 1
vt 0.75 1
vt 0.375 0.5
vt 0.4375 0.5
vt 0.4375 0.5
vt 0.4375 0.5
vt 0.5 0.5
vt 0.5 0.5
vt 0.6875 0.5
vt 0.6875 1
vt 0.75 1
vt 0.875 0.5
vt 0.875 0.5
vt 0.8125 0.5
vt 0.404832006 0.0866670012
vt 0.404832006 0.163332999
vt 0.595167994 0.163332999
vt 0.75 0.5
vt 0.75 1
vt 0.8125 1
vt 0.125 0.5
vt 0.125 1
vt 0.1875 1
vt 0.6875 0.5
vt 0.6875 0.5
vt 0.625 0.5
vt 0.5 1
vt 0.5625 1
vt 0.5625 0.5
vt 0.125 0.5
vt 0.125 0.5
vt 0.0625 0.5
vt 0.5625 0.5
vt 0.5625 0.5
vt 0.5 0.5
vt 1 0.5
vt 1 0.5
vt 0.9375 0.5
vt 0.0625 0.5
vt 0.0625 0.5
vt 0 0.5
vt 0.5 0.5
vt 0.5 0.5
vt 0.4375 0.5
vt 0.9375 0.5
vt 0.9375 0.5
vt 0.875 0.5
vt 0.4375 0.5
vt 0.4375 0.5
vt 0.375 0.5
vt 0.875 0.5
vt 0.875 0.5
vt 0.8125 0.5
vt 0.375 0.5
vt 0.375 0.5
vt 0.3125 0.5
vt 0.8125 0.5
vt 0.8125 0.5
vt 0.75 0.5
vt 0.3125 0.5
vt 0.3125 0.5
vt 0.25 0.5
vt 0.75 0.5
vt 0.75 0.5
vt 0.6875 0.5
vt 0.25 0.5
vt 0.25 0.5
vt 0.1875 0.5
vt 0.6875 0.5
vt 0.6875 0.5
vt 0.625 0.5
vt 0.1875 0.5
vt 0.1875 0.5
vt 0.125 0.5
vt 0.5625 0.5
vt 0.625 0.5
vt 0.625 0.5
vt 0.394988 0.75
vt 0.375892997 0.733332992
vt 0.378331006 0.748511016
vt 0.125 0.5
vt 0.1875 0.5
vt 0.1875 0.5
vt 0.625 0.75
vt 0.625 0.75
vt 0.625 0.5
vt 0.6875 0.5
vt 0.625 0.5
vt 0.625 1
vt 0.5 0.5
vt 0.4375 0.5
vt 0.4375 1
vt 0.25 1
vt 0.3125 1
vt 0.3125 0.5
vt 0.854209006 0.354209006
vt 0.806397974 0.386155993
vt 0.806397974 0.386155993
vt 0.75 1
vt 0.8125 0.5
vt 0.75 0.5
vt 0.875 0.75
vt 0.875 0.5
vt 0.625 0.5
vt 0.875 1
vt 0.9375 1
vt 0.9375 0.5
vt 0.875 0.5
vt 0.8125 0.5
vt 0.8125 1
vt 0.4375 0.5
vt 0.5 0.5
vt 0.4375 0.5
vt 0.5625 0.5
vt 0.5625 1
vt 0.625 1
vt 0.875 0.5
vt 0.9375 0.5
vt 0.9375 0.5
vt 0.9375 0.5
vt 0.9375 0.5
vt 0.875 0.5
vt 0.658155978 0.471731007
vt 0.841844022 0.0282690004
vt 0.971731007 0.341843992
vt 0.528268993 0.341843992
vt 0.580294013 0.0802939981
vt 0.580294013 0.419705987
vt 0.0625 0.5
vt 0 0.5
vt 0 0.5
vt 0.625 0.503327012
vt 0.625 0.50296098
vt 0.625 0.50296098
vt 0.50999999 0.25
vt 0.580294013 0.0802939981
vt 0.528268993 0.341843992
vt 0.591072023 0.354234993
vt 0.375 0.5
vt 0.625 0.515151978
vt 0.25 0.5
vt 0.25 0.5
vt 0.1875 0.5
vt 0.9375 0.5
vt 1 0.5
vt 0.9375 0.5
vt 0.854209006 0.145790994
vt 0.854209006 0.145790994
vt 0.806397974 0.113844
vt 0.645790994 0.145790994
vt 0.693602026 0.113844
vt 0.693602026 0.113844
vt 0.693602026 0.113844
vt 0.75 0.102626003
vt 0.75 0.102626003
vt 0.6875 0.5
vt 0.625 0.5
vt 0.625 1
vt 0.886156023 0.306398004
vt 0.854209006 0.354209006
vt 0.854209006 0.354209006
vt 0.625 0.5
vt 0.618308008 0.494646013
vt 0.625 0.5
vt 0.9375 0.5
vt 0.9375 1
vt 1 1
vt 0.25 1
vt 0.3125 1
vt 0.3125 0.5
vt 0.886156023 0.193601996
vt 0.886156023 0.193601996
vt 0.854209006 0.145790994
vt 0.645790994 0.354209006
vt 0.613843977 0.306398004
vt 0.613843977 0.306398004
vt 0.0625 0.5
vt 0.125 0.5
vt 0.0625 0.5
vt 0.602626026 0.25
vt 0.602626026 0.25
vt 0.613843977 0.306398004
vt 0.4375 1
vt 0.5 1
vt 0.5 0.5
vt 0.9375 0.5
vt 0.875 0.5
vt 0.875 1
vt 0.625 0.741070986
vt 0.625 0.5
vt 0.625 0.75
vt 0.645790994 0.354209006
vt 0.645790994 0.354209006
vt 0.693602026 0.386155993
vt 0.75 0.5
vt 0.75 1
vt 0.8125 1
vt 0.6875 1
vt 0.75 1
vt 0.75 0.5
vt 0.8125 0.5
vt 0.8125 1
vt 0.875 1
vt 0.1875 1
vt 0.25 1
vt 0.25 0.5
vt 0.575079978 0.460063994
vt 0.625 0.5
vt 0.448906988 0.359124988
vt 0.9375 0.5
vt 0.875 0.5
vt 0.875 1
vt 0.625 1
vt 0.6875 1
vt 0.6875 0.5
vt 0.6875 0.5
vt 0.625 1
vt 0.6875 1
vt 0.575079978 0.460063994
vt 0.593737006 0.47499001
vt 0.625 0.5
vt 0.625 1
vt 0.6875 1
vt 0.6875 0.5
vt 0.375 0
vt 0.375 0.25
vt 0.625 0.25
vt 0.375 0.5
vt 0.375 1
vt 0.4375 1
vt 0.875 1
vt 0.9375 1
vt 0.9375 0.5
vt 0.624049008 0.737138987
vt 0.621339023 0.747965991
vt 0.665325999 0.748362005
vt 0.125 0.5
vt 0.125 1
vt 0.1875 1
vt 0.0625 1
vt 0.125 1
vt 0.125 0.5
vt 0.4375 1
vt 0.5 1
vt 0.5 0.5
vt 0.5 1
vt 0.5625 1
vt 0.5625 0.5
vt 0.433005989 0.545655012
vt 0.375 0.5
vt 0.375 0.544642985
vt 0.25 1
vt 0.3125 1
vt 0.3125 0.5
vt 0.1875 0.821175992
vt 0.1875 1
vt 0.25 1
vt 0.125 0.5
vt 0.125 1
vt 0.1875 1
vt 0.1875 0.5
vt 0.1875 1
vt 0.25 1
vt 0.9375 1
vt 1 1
vt 1 0.821175992
vt 0.645790994 0.145790994
vt 0.645790994 0.145790994
vt 0.613843977 0.193601996
vt 0.5625 1
vt 0.625 1
vt 0.625 0.5
vt 0.6875 0.5
vt 0.75 0.709481001
vt 0.75 0.5
vt 0.841844022 0.471731007
vt 0.528268993 0.341843992
vt 0.971731007 0.341843992
vt 0.625 0.520304978
vt 0.625 0.5
vt 0.625 0.520416975
vt 0.0625 1
vt 0.125 1
vt 0.125 0.5
vt 0.125 0.5
vt 0.125 1
vt 0.1875 1
vt 0.375 0.716666996
vt 0.394988 0.75
vt 0.375 0.533333004
vt 0.5 0.5
vt 0.5 1
vt 0.5625 1
vt 0 0.5
vt 0 1
vt 0.0625 1
vt 0.9375 1
vt 1 1
vt 1 0.5
vt 0 0.5
vt 0 1
vt 0.0625 1
vt 0.3125 1
vt 0.375 1
vt 0.375 0.5
vt 0.6875 1
vt 0.75 1
vt 0.75 0.5
vt 0.5625 0.5
vt 0.5625 1
vt 0.625 1
vt 0.125 1
vt 0.125 0.5
vt 0.0625 0.5
vt 0.25 0.5
vt 0.25 1
vt 0.3125 1
vt 0.25 0.5
vt 0.125 1
vt 0.25 1
vt 0.75 1
vt 0.8125 1
vt 0.8125 0.5
vt 0.5 0.5
vt 0.5625 1
vt 0.5625 0.5
vt 0.1875 1
vt 0.25 1
vt 0.25 0.5
vt 0 0.5
vt 0 1
vt 0.0625 1
vt 0.375 1
vt 0.3125 0.5
vt 0.3125 1
vt 0.375 0.979731977
vt 0.442544013 0.75
vt 0.375 0.75
vt 0.625 1
vt 0.6875 1
vt 0.6875 0.5
vt 0.0836239979 0.0836239979
vt 0.129999995 0.25
vt 0.165147007 0.165147007
vt 0.6875 0.5
vt 0.6875 1
vt 0.75 1
vt 0.603994012 0.763507009
vt 0.625 0.75
vt 0.625 0.75
vt 0.75 1
vt 0.8125 1
vt 0.8125 0.5
vt 0.528268993 0.341843992
vt 0.841844022 0.471731007
vt 0.580294013 0.419705987
vt 0.4375 1
vt 0.5 1
vt 0.5 0.5
vt 0.0625 1
vt 0.125 1
vt 0.125 0.5
vt 0.8125 0.5
vt 0.8125 1
vt 0.875 1
vt 0.25 1
vt 0.3125 1
vt 0.3125 0.5
vt 0.125 0.5
vt 0.125 1
vt 0.1875 1
vt 0.75 0.49000001
vt 0.528268993 0.341843992
vt 0.841844022 0.471731007
vt 0.5 1
vt 0.4375 0.5
vt 0.4375 1
vt 0.375 1
vt 0.375 0.5
vt 0.3125 0.5
vt 0.25 0.821177006
vt 0.3125 1
vt 0.3125 0.821175992
vt 0.5625 0.5
vt 0.5625 1
vt 0.625 1
vt 0.375 0.5
vt 0.125 0.5
vt 0.375 0.5
vt 0.625 0.503126979
vt 0.625 0.5
vt 0.625 0.5
vt 0.5 1
vt 0.5625 1
vt 0.5625 0.5
vt 0.919705987 0.419705987
vt 0.868834972 0.376646012
vt 0.971731007 0.341843992
vt 0.232465997 0.5
vt 0.232464999 0.5
vt 0.232465997 0.75
vt 0.232464999 0.5
vt 0.366178006 0.746132016
vt 0.232465997 0.75
vt 0.625 0.5
vt 0.625 0.746873021
vt 0.625 0.75
vt 0.625 0.5
vt 0.625 0.5
vt 0.625 0.5
vt 0.232465997 0.5
vt 0.366052985 0.5
vt 0.232464999 0.5
vt 0.232465997 0.75
vt 0.365969986 0.75
vt 0.232465997 0.75
vt 0.232464999 0.75
vt 0.365998 0.75
vt 0.366174012 0.746133983
vt 0.8125 0.5
vt 0.875 0.5
vt 0.8125 0.5
vt 0.0625 0.5
vt 0.125 0.5
vt 0.0625 0.5
vt 0.4375 0.5
vt 0.5 0.5
vt 0.5 0.5
vt 0.75 0.00999999978
vt 0.770605028 0.0830319971
vt 0.658155978 0.0282690004
vt 0.625 0.75
vt 0.575156987 0.93256402
vt 0.624350011 0.979906023
vt 0.625 0.729695022
vt 0.625 0.75
vt 0.625 0.520304978
vt 0.4375 0.5
vt 0.4375 0.5
vt 0.375 0.5
vt 0.9375 1
vt 0.875 0.5
vt 0.875 1
vt 0.3125 0.5
vt 0.375 0.5
vt 0.375 0.5
vt 0.375 1
vt 0.625 0.760978997
vt 0.375 0.760978997
vt 0.625 0.0119049996
vt 0.625 0.0119049996
vt 0.625 0.25
vt 0.375 0.709481001
vt 0.4375 0.5
vt 0.375 0.5
vt 0.919705987 0.0802939981
vt 0.835264027 0.0933649987
vt 0.841844022 0.0282690004
vt 0.1875 0.5
vt 0.125 1
vt 0.1875 1
vt 0.4375 1
vt 0.5 0.821175992
vt 0.4375 0.821175992
vt 0.99000001 0.25
vt 0.943387985 0.255825013
vt 0.971731007 0.158155993
vt 0.841844022 0.471731007
vt 0.841341019 0.421389997
vt 0.919705987 0.419705987
vt 0.0625 1
vt 0 0.5
vt 0 1
vt 0.971731007 0.341843992
vt 0.943387985 0.255825013
vt 0.99000001 0.25
vt 0.919705987 0.419705987
vt 0.75 0.00999999978
vt 0.99000001 0.25
vt 0.539206982 0.547994971
vt 0.58465898 0.547994971
vt 0.451941997 0.5
vt 0.625 0.625
vt 0.625 0.625
vt 0.625 0.625
vt 0.25 0.5
vt 0.3125 0.5
vt 0.3125 0.5
vt 1 0.5
vt 0.9375 1
vt 1 1
vt 0.125 0.5
vt 0.375 0.5
vt 0.387410998 0.477708995
vt 0.125 0.5
vt 0.125 0.75
vt 0.125 0.578436017
vt 0.125 1
vt 0.0625 0.5
vt 0.0625 1
vt 0.125 0.5
vt 0.125 0.5
vt 0.125 0.5
vt 0.375 0.5
vt 0.3125 0.5
vt 0.3125 0.5
vt 0.375 0.5
vt 0.4375 1
vt 0.4375 0.5
vt 0.919705987 0.419705987
vt 0.99000001 0.25
vt 0.971731007 0.341843992
vt 0.919705987 0.419705987
vt 0.919705987 0.0802939981
vt 0.99000001 0.25
vt 0.300000012 0.5
vt 0.25 0.541666985
vt 0.300000012 0.541666985
vt 0.25 0.541666985
vt 0.200000003 0.5
vt 0.200000003 0.541666985
vt 0.125 0.578436017
vt 0.125 0.578436017
vt 0.125 0.5
vt 0.528268993 0.341843992
vt 0.580294013 0.0802939981
vt 0.580294013 0.419705987
vt 0.75 0.49000001
vt 0.919705987 0.419705987
vt 0.841844022 0.471731007
vt 0.625 0.5
vt 0.625 0.5
vt 0.625 0.5
vt 0.625 0.5
vt 0.625 0.5
vt 0.625 0.5
vt 0.625 0.502867997
vt 0.625 0.503203988
vt 0.625 0.502867997
vt 0.125 1
vt 0.1875 0.821175992
vt 0.125 0.821177006
vt 0.125 0.5
vt 0.375 0.5
vt 0.375 0.5
vt 0.125 0.578436017
vt 0.125 0.5
vt 0.125 0.5
vt 0.50999999 0.25
vt 0.580294013 0.0802939981
vt 0.528268993 0.341843992
vt 0.25 1
vt 0.1875 0.5
vt 0.1875 1
vt 0.613843977 0.193601996
vt 0.693602026 0.113844
vt 0.602626026 0.25
vt 0 0.5
vt 0.0625 1
vt 0.0625 0.5
vt 0.5625 1
vt 0.5 0.5
vt 0.5 1
vt 0.75 0.00999999978
vt 0.919705987 0.0802939981
vt 0.658155978 0.0282690004
vt 0.580294013 0.0802939981
vt 0.50999999 0.25
vt 0.528268993 0.158155993
vt 0.625 0.0119049996
vt 0.625 0.0062119998
vt 0.625 0.0062119998
vt 0.574811995 0.00627599983
vt 0.428773999 0.25
vt 0.571226001 0.25
vt 0.375 0.5
vt 0.4375 0.5
vt 0.375 0.5
vt 0.580294013 0.0802939981
vt 0.50999999 0.25
vt 0.528268993 0.158155993
vt 0.375 1
vt 0.3125 0.5
vt 0.3125 1
vt 0.125 1
vt 0.0625 0.5
vt 0.0625 1
vt 0.5625 1
vt 0.5 0.5
vt 0.5 1
vt 0.4375 0.5
vt 0.375 1
vt 0.4375 1
vt 0.4375 1
vt 0.5 0.5
vt 0.4375 0.5
vt 0.919705987 0.0802939981
vt 0.75 0.00999999978
vt 0.841844022 0.0282690004
vt 0.6875 1
vt 0.625 0.5
vt 0.625 1
vt 0.971731007 0.341843992
vt 0.958724976 0.361308992
vt 0.971731007 0.158155993
vt 0.958724976 0.138690993
vt 0.841844022 0.0282690004
vt 0.919705987 0.0802939981
vt 0.380510002 0.748365998
vt 0.408190012 0.497514993
vt 0.380250007 0.491688013
vt 0.75 1
vt 0.6875 0.5
vt 0.6875 1
vt 0.125 1
vt 0.0625 0.5
vt 0.0625 1
vt 0.658155978 0.471731007
vt 0.958724976 0.361308992
vt 0.75 0.49000001
vt 0.625 0
vt 0.625 0.00596000021
vt 0.625 0.0062119998
vt 0.125 1
vt 0.0625 0.5
vt 0.0625 1
vt 0.693602026 0.113844
vt 0.613843977 0.193601996
vt 0.645790994 0.145790994
vt 0.528268993 0.158155993
vt 0.958724976 0.138690993
vt 0.528268993 0.341843992
vt 0.855628014 0.744040012
vt 0.855628014 0.75
vt 0.875 0.75
vt 0.606092989 1
vt 0.625 1
vt 0.625 0.75
vt 0.59375 0.78125
vt 0.59375 0.75
vt 0.40625 0.75
vt 0.125 0.544642985
vt 0.375 0.544642985
vt 0.375 0.5
vt 0.528268993 0.341843992
vt 0.958724976 0.361308992
vt 0.580294013 0.419705987
vt 0.0625 1
vt 0 0.5
vt 0 1
vt 0.528268993 0.158155993
vt 0.528268993 0.341843992
vt 0.50999999 0.25
vt 0.971731007 0.158155993
vt 0.958724976 0.361308992
vt 0.958724976 0.138690993
vt 0.580294013 0.0802939981
vt 0.958724976 0.138690993
vt 0.528268993 0.158155993
vt 0.625 0.503203988
vt 0.625 0.5
vt 0.625 0.502867997
vt 0.9375 0.5
vt 0.875 1
vt 0.9375 1
vt 0.75 0.00999999978
vt 0.971731007 0.158155993
vt 0.658155978 0.0282690004
vt 0.580294013 0.419705987
vt 0.958724976 0.361308992
vt 0.658155978 0.471731007
vt 1 0.5
vt 0.9375 1
vt 1 1
vt 0.75 0.00999999978
vt 0.958724976 0.138690993
vt 0.658155978 0.0282690004
vt 0.841844022 0.0282690004
vt 0.958724976 0.138690993
vt 0.75 0.00999999978
vt 0.75 0.5
vt 0.715388 0.541666985
vt 0.75 0.541666985
vt 0.400000006 0.958333015
vt 0.449999988 1
vt 0.449999988 0.958333015
vt 0.375 0.5
vt 0.3125 1
vt 0.375 1
vt 0.658155978 0.0282690004
vt 0.958724976 0.138690993
vt 0.580294013 0.0802939981
vt 0.3125 0.5
vt 0.25 0.5
vt 0.25 0.5
vt 0.841844022 0.0282690004
vt 0.971731007 0.158155993
vt 0.75 0.00999999978
vt 0.50999999 0.25
vt 0.528268993 0.158155993
vt 0.528268993 0.341843992
vt 0.375 0.578436017
vt 0.375 0.5
vt 0.125 0.5
vt 0.580294013 0.0802939981
vt 0.958724976 0.138690993
vt 0.528268993 0.158155993
vt 0.958724976 0.361308992
vt 0.958724976 0.138690993
vt 0.971731007 0.341843992
vt 0.958724976 0.361308992
vt 0.528268993 0.158155993
vt 0.958724976 0.138690993
vt 0 0
vt 0 0
vt 0.625 0.499527991
vt 0.625 0.75
vt 0.625 0.5
vt 0.625 0.5
vt 0.300000012 0.958333015
vt 0.349999994 1
vt 0.349999994 0.958333015
vt 0.400000006 0.5
vt 0.349999994 0.541666985
vt 0.400000006 0.541666985
vt 0.75 0.958333015
vt 0.800000012 1
vt 0.800000012 0.958333015
vt 0.800000012 0.958333015
vt 0.850000024 1
vt 0.850000024 0.958333015
vt 0.850000024 0.958333015
vt 0.899999976 1
vt 0.899999976 0.958333015
vt 0.591809988 0.252485007
vt 0.624113977 0.00989999995
vt 0.590660989 0.00672800001
vt 0.625 1
vt 0.5625 0.5
vt 0.5625 1
vt 0.200435996 0.743723989
vt 0.177549005 0.499572009
vt 0.177146003 0.743400991
vt 0.380250007 0.491688013
vt 0.342458993 0.75960201
vt 0.379900008 0.748395026
vt 0.408190012 0.497514993
vt 0.380510002 0.748365998
vt 0.409341991 0.744926989
vt 0.822450995 0.499572009
vt 0.800100982 0.743694007
vt 0.823390007 0.74337101
vt 0.658357024 0.759814978
vt 0.619750023 0.491688013
vt 0.620914996 0.74861002
vt 0.8125 1
vt 0.75 0.5
vt 0.75 1
vt 0.382874995 0.26246801
vt 0.408650994 0.00683100009
vt 0.375198007 0.0100029996
vt 0.408190012 0.252485007
vt 0.424816996 0.00631400011
vt 0.409339011 0.00672800001
vt 0.550000012 0.958333015
vt 0.5 1
vt 0.550000012 1
vt -0 1
vt 0.0500000007 0.958333015
vt -0 0.958333015
vt 0.899999976 0.958333015
vt 0.949999988 1
vt 0.949999988 0.958333015
vt 0.971731007 0.341843992
vt 0.958724976 0.138690993
vt 0.971731007 0.158155993
vt 0.75 0.49000001
vt 0.958724976 0.361308992
vt 0.841844022 0.471731007
vt 0.919705987 0.419705987
vt 0.919705987 0.0802939981
vt 0.99000001 0.25
vt 0.624269009 0.498255014
vt 0.625 0.5
vt 0.625 0.499554992
vt 0.40237999 0.863097012
vt 0.375 1
vt 0.405972004 0.877107024
vt 0.958724976 0.138690993
vt 0.75 0.00999999978
vt 0.841844022 0.0282690004
vt 0.624113977 0.00989999995
vt 0.591809988 0.252485007
vt 0.617124975 0.26246801
vt 0.25 0.5
vt 0.3125 1
vt 0.3125 0.5
vt 0.166666999 1
vt 0.333332986 0.774999976
vt 0.166666999 0.774999976
vt 0.899999976 0.5
vt 0.850000024 0.541666985
vt 0.899999976 0.541666985
vt 0.150000006 1
vt 0.200000003 0.958333015
vt 0.150000006 0.958333015
vt 0.699999988 0.541666985
vt 0.649999976 0.5
vt 0.649999976 0.541666985
vt 0.649999976 0.958333015
vt 0.600000024 1
vt 0.649999976 1
vt 0.200000003 1
vt 0.25 0.958333015
vt 0.200000003 0.958333015
vt 0.100000001 0.541666985
vt 0.0500000007 0.5
vt 0.0500000007 0.541666985
vt 0.600000024 0.958333015
vt 0.550000012 1
vt 0.600000024 1
vt 0.949999988 0.958333015
vt 1 1
vt 1 0.958333015
vt 1 0.5
vt 0.949999988 0.541666985
vt 1 0.541666985
vt 0.0500000007 0.541666985
vt -0 0.5
vt -0 0.541666985
vt 0.449999988 0.5
vt 0.400000006 0.541666985
vt 0.449999988 0.541666985
vt 0.0500000007 1
vt 0.100000001 0.958333015
vt 0.0500000007 0.958333015
vt 0.800000012 0.5
vt 0.75 0.541666985
vt 0.800000012 0.541666985
vt 0.699999988 0.958333015
vt 0.649999976 1
vt 0.699999988 1
vt 0.75 0.958333015
vt 0.699999988 1
vt 0.75 1
vt 0.850000024 0.5
vt 0.800000012 0.541666985
vt 0.850000024 0.541666985
vt 0.200000003 0.541666985
vt 0.150000006 0.5
vt 0.150000006 0.541666985
vt 0.150000006 0.541666985
vt 0.100000001 0.5
vt 0.100000001 0.541666985
vt 0.649999976 0.541666985
vt 0.600000024 0.5
vt 0.600000024 0.541666985
vt 0.949999988 0.5
vt 0.899999976 0.541666985
vt 0.949999988 0.541666985
vt 0.150000006 0.958333015
vt 0.100000001 1
vt 0.150000006 1
vt 0.625 1
vt 0.375 0.75
vt 0.375 1
vt 0.550000012 0.541666985
vt 0.5 0.5
vt 0.5 0.541666985
vt 0.125 0.75
vt 0.125 0.75
vt 0.125 0.75
vt 0.375892997 0.733332992
vt 0.125 0.716666996
vt 0.125 0.733332992
vt 0.342458993 0.75960201
vt 0.380250007 0.491688013
vt 0.341331989 0.482196003
vt 0.625 0.5
vt 0.5625 1
vt 0.625 1
vt 0.609375 0.470037997
vt 0.623604 0.506410003
vt 0.623516977 0.473156989
vt 0.6875 0.5
vt 0.625 1
vt 0.6875 1
vt 0.0625 1
vt 0 0.5
vt 0 1
vt 0.575156987 0.93256402
vt 0.477981001 0.868691027
vt 0.375 1
vt 0.424816996 0.00631400011
vt 0.428773999 0.25
vt 0.425188005 0.00627599983
vt 0.575182974 0.743718982
vt 0.591809988 0.497514993
vt 0.571226001 0.5
vt 0.25 0.00999999978
vt 0.0421539992 0.370000005
vt 0.457845986 0.129999995
vt 0.375 0
vt 0.404832006 0.0866670012
vt 0.404832006 0.0799999982
vt 0.99000001 0.25
vt 0.75 0.00999999978
vt 0.919705987 0.0802939981
vt 0.477981001 0.868691027
vt 0.575156987 0.93256402
vt 0.510101974 0.850121975
vt 0.625 0.721118987
vt 0.625 0.75
vt 0.625 0.714286029
vt 0.4375 0.5
vt 0.375 1
vt 0.4375 1
vt 0.457845986 0.129999995
vt 0.0421539992 0.370000005
vt 0.457845986 0.370000005
vt 0.625 0.5
vt 0.593737006 0.47499001
vt 0.625 0.5
vt 0.75 0.49000001
vt 0.75 0.00999999978
vt 0.919705987 0.419705987
vt 0.50999999 0.25
vt 0.75 0.49000001
vt 0.528268993 0.341843992
vt 0.658155978 0.0282690004
vt 0.841844022 0.471731007
vt 0.528268993 0.341843992
vt 0.658155978 0.471731007
vt 0.919705987 0.419705987
vt 0.75 0.49000001
vt 0.75 1
vt 0.625 1
vt 0.75 1
vt 0.400000006 0.239999995
vt 0.400000006 0.25
vt 0.603165984 0.253125012
vt 0.574811995 0.743723989
vt 0.571226001 0.5
vt 0.428773999 0.5
vt 0.625 0.75
vt 0.625 0.5
vt 0.625 0.5
vt 0.528268993 0.341843992
vt 0.75 0.49000001
vt 0.580294013 0.419705987
vt 0.580294013 0.419705987
vt 0.75 0.49000001
vt 0.658155978 0.471731007
vt 0.75 0.49000001
vt 0.919705987 0.419705987
vt 0.841844022 0.471731007
vt 0.601850986 0.500528991
vt 0.601850986 0.457037985
vt 0.587499976 0.456726998
vt 0.75 0.5
vt 0.75 0.5
vt 0.6875 0.5
vt 0.625 0.534969985
vt 0.625 0.5
vt 0.625 0.5
vt 0.919705987 0.419705987
vt 0.99000001 0.25
vt 0.971731007 0.341843992
vt 0.919705987 0.0802939981
vt 0.75 0.00999999978
vt 0.841844022 0.0282690004
vt 0.375 0.0333329998
vt 0.393182009 0
vt 0.377436012 0.0166669991
vt 0.6875 1
vt 0.625 0.5
vt 0.625 1
vt 0.99000001 0.25
vt 0.919705987 0.0802939981
vt 0.971731007 0.158155993
vt 0.404832006 0.170000002
vt 0.375 0.25
vt 0.595167994 0.170000002
vt 0.75 0.00999999978
vt 0.580294013 0.0802939981
vt 0.658155978 0.0282690004
vt 0.404832006 0.163332999
vt 0.375 0.25
vt 0.404832006 0.170000002
vt 0.625 0.75
vt 0.625 0.729583025
vt 0.625 0.5
vt 0.393182009 1
vt 0.394988 0.75
vt 0.378331006 0.748511016
vt 0.625 0.729583025
vt 0.625 0.75
vt 0.625 0.729695022
vt 0.0625 0.5
vt 0.125 1
vt 0.125 0.5
vt 0.375 0
vt 0.404832006 0.0799999982
vt 0.595167994 0.0799999982
vt 0.40625 0.5
vt 0.375 0.711538017
vt 0.40625 0.75
vt 0.625 1
vt 0.5625 0.5
vt 0.5625 1
vt 0.595167994 0.170000002
vt 0.375 0.25
vt 0.625 0.25
vt 0.841844022 0.471731007
vt 0.971731007 0.341843992
vt 0.919705987 0.419705987
vt 0.449999988 0.958333015
vt 0.5 1
vt 0.5 0.958333015
vt 0.5625 1
vt 0.5 0.5
vt 0.5 1
vt 0.25 1
vt 0.1875 0.5
vt 0.1875 1
vt 0.3125 1
vt 0.25 0.5
vt 0.25 1
vt 0.325091004 0.767305017
vt 0.318242013 0.471621007
vt 0.324708998 0.767444015
vt 0.635978997 0.5
vt 0.875 0.75
vt 0.875 0.5
vt 0.442544013 0.5
vt 0.375 0.270267993
vt 0.375 0.5
vt 0.47825399 0.175835997
vt 0.47825399 0.324164003
vt 0.49000001 0.25
vt 0.375 0.5
vt 0.375 1
vt 0.4375 1
vt 0.625 0.5
vt 0.442544013 0.5
vt 0.625 0.5
vt 0.8125 1
vt 0.75 0.5
vt 0.75 1
vt 0.375 0.270267993
vt 0.442544013 0.5
vt 0.625 0.25
vt 0.625 0.5
vt 0.442544013 0.5
vt 0.625 0.5
vt 0.625 0.5
vt 0.442544013 0.5
vt 0.442544013 0.5
vt 0.609221995 0.213477001
vt 0.609221995 0.0365229994
vt 0.609221995 0.0365229994
vt 0.789864004 0.5
vt 0.675291002 0.767444015
vt 0.799564004 0.743723989
vt 0.5 0.5
vt 0.375 1
vt 0.5 1
vt 0.375 1
vt 0.3125 0.5
vt 0.3125 1
vt 0.625 0.729583025
vt 0.625 0.520304978
vt 0.625 0.520416975
vt 0.625 0.732051015
vt 0.625 0.726616025
vt 0.625 0.732041001
vt 0.375 0.5
vt 0.3125 0.979442
vt 0.375 0.979442
vt 0.1875 0.5
vt 0.125 1
vt 0.1875 1
vt 0.528268993 0.158155993
vt 0.528268993 0.341843992
vt 0.50999999 0.25
vt 0.625 0.503327012
vt 0.625 0.503327012
vt 0.625 0.503327012
vt 0.625 0.625
vt 0.451941997 0.5
vt 0.451941997 0.5
vt 0.875 0.5
vt 0.8125 1
vt 0.875 1
vt 0.855628014 0.5
vt 0.625 0.5
vt 0.625 0.741070986
vt 0.625 0.75
vt 0.625 0.75
vt 0.625 0.75
vt 0.580294013 0.419705987
vt 0.841844022 0.471731007
vt 0.658155978 0.471731007
vt 0.586457014 0.768308997
vt 0.625 0.75
vt 0.565455019 0.773801982
vt 0.580294013 0.0802939981
vt 0.528268993 0.341843992
vt 0.528268993 0.158155993
vt 0.5625 0.5
vt 0.75 0.5
vt 0.25 0.5
vt 0.5625 1
vt 0.5 0.5
vt 0.5 1
vt 0.75 1
vt 0.6875 0.5
vt 0.6875 1
vt 0.625 0.726616025
vt 0.625 0.504947007
vt 0.625 0.504947007
vt 0.300000012 1
vt 0.254166007 0.958333015
vt 0.25 1
vt 0.8125 0.5
vt 0.875 1
vt 0.875 0.5
vt 0.75 0.5
vt 0.6875 1
vt 0.75 1
vt 0.75 0.5
vt 0.625 0.5
vt 0.6875 0.5
vt 0.580294013 0.0802939981
vt 0.99000001 0.25
vt 0.50999999 0.25
vt 0.25 0.5
vt 0.125 0.5
vt 0.1875 0.5
vt 0.1875 0.5
vt 0.125 1
vt 0.1875 1
vt 0.75 0.5
vt 0.6875 1
vt 0.75 1
vt 0.75 0.00999999978
vt 0.99000001 0.25
vt 0.580294013 0.0802939981
vt 0.1875 1
vt 0.125 0.5
vt 0.125 1
vt 0.625 0.5
vt 0.625 0.532528996
vt 0.625 0.534969985
vt 0.6875 1
vt 0.625 0.5
vt 0.625 1
vt 0.875 0.75
vt 0.625 0.5
vt 0.625 0.75
vt 0.919705987 0.0802939981
vt 0.75 0.00999999978
vt 0.841844022 0.0282690004
vt 0.625 0.746873021
vt 0.625 0.75
vt 0.625 0.746873021
vt 0.580294013 0.0802939981
vt 0.50999999 0.25
vt 0.528268993 0.158155993
vt 0.52174598 0.324164003
vt 0.555836022 0.108932003
vt 0.555836022 0.391068012
vt 0.875 0.5
vt 0.8125 1
vt 0.875 1
vt 0.625 0.5
vt 0.75 0.5
vt 0.5625 0.5
vt 0.9375 0.5
vt 1 0.979442
vt 1 0.5
vt 0.375 0.5
vt 0.125 0.5
vt 0.125 0.5
vt 0.50999999 0.25
vt 0.75 0.49000001
vt 0.580294013 0.419705987
vt 0.971731007 0.341843992
vt 0.75 0.49000001
vt 0.99000001 0.25
vt 0.658155978 0.0282690004
vt 0.528268993 0.341843992
vt 0.580294013 0.0802939981
vt 0.6875 0.821177006
vt 0.75 1
vt 0.75 0.821177006
vt 0.971731007 0.158155993
vt 0.75 0.00999999978
vt 0.919705987 0.0802939981
vt 0.658155978 0.471731007
vt 0.841844022 0.471731007
vt 0.75 0.49000001
vt 0.606092989 1
vt 0.581426978 0.753413975
vt 0.575592995 1
vt 0.375 1
vt 0.3125 0.5
vt 0.3125 1
vt 0.875 0.5
vt 0.8125 1
vt 0.875 1
vt 0.971731007 0.341843992
vt 0.841844022 0.471731007
vt 0.99000001 0.25
vt 0.25 0.5
vt 0.1875 1
vt 0.25 1
vt 0.341331989 0.482196003
vt 0.325091004 0.767305017
vt 0.341643006 0.759814978
vt 0.65625 0.711538017
vt 0.625 0.538461983
vt 0.625 0.711538017
vt 0.3125 0.821175992
vt 0.375 1
vt 0.375 0.821175992
vt 0.875 1
vt 0.9375 0.5
vt 0.875 0.5
vt 0.125 1
vt 0.0625 0.5
vt 0.0625 1
vt 0.375 0.538461983
vt 0.34375 0.538461983
vt 0.34375 0.711538017
vt 0.0625 1
vt 0 0.5
vt 0 1
vt 0.375 1
vt 0.4375 0.821175992
vt 0.375 0.821175992
vt 0.875 1
vt 0.9375 0.5
vt 0.875 0.5
vt 0.5625 0.5
vt 0.5 0.5
vt 0.5625 0.5
vt 0.6875 0.5
vt 0.625 1
vt 0.6875 1
vt 0.50999999 0.25
vt 0.580294013 0.419705987
vt 0.528268993 0.341843992
vt 0.625 0.744152009
vt 0.625 0.732041001
vt 0.625 0.743053973
vt 0.0625 0.5
vt 0 1
vt 0.0625 1
vt 0.575156987 0.93256402
vt 0.543766975 0.823409975
vt 0.512917995 0.848357975
vt 0.625 0.732051015
vt 0.625 0.736965001
vt 0.625 0.736941993
vt 0.658155978 0.471731007
vt 0.841844022 0.0282690004
vt 0.841844022 0.471731007
vt 0.971731007 0.341843992
vt 0.6875 1
vt 0.471731007 0.341843992
vt 0.442544013 0.75
vt 0.625 0.75
vt 0.442544013 0.75
vt 0.919705987 0.419705987
vt 0.75 0.49000001
vt 0.971731007 0.341843992
vt 0.6875 0.5
vt 0.75 1
vt 0.75 0.5
vt 0.1875 0.5
vt 0.125 1
vt 0.1875 1
vt 0.125 0.5
vt 0.0625 0.979442
vt 0.125 0.979442
vt 0.841844022 0.0282690004
vt 0.971731007 0.158155993
vt 0.75 0.00999999978
vt 0.625 0.744152009
vt 0.625 0.744152009
vt 0.625 0.744152009
vt 0.5 0.5
vt 0.5 0.5
vt 0.4375 0.5
vt 0.457845986 0.129999995
vt 0.0421539992 0.370000005
vt 0.457845986 0.370000005
vt 0.580294013 0.0802939981
vt 0.75 0.00999999978
vt 0.528268993 0.158155993
vt 0.841844022 0.471731007
vt 0.971731007 0.158155993
vt 0.919705987 0.419705987
vt 0.658155978 0.0282690004
vt 0.528268993 0.158155993
vt 0.580294013 0.0802939981
vt 0.528268993 0.158155993
vt 0.658155978 0.0282690004
vt 0.50999999 0.25
vt 0.528268993 0.341843992
vt 0.971731007 0.158155993
vt 0.841844022 0.471731007
vt 0.971731007 0.158155993
vt 0.841844022 0.0282690004
vt 0.919705987 0.0802939981
vt 0.658155978 0.471731007
vt 0.528268993 0.341843992
vt 0.75 0.49000001
vt 0.625 0.75
vt 0.442544013 0.5
vt 0.442544013 0.75
vt 0.875 1
vt 0.8125 0.5
vt 0.8125 1
vt 0.50999999 0.25
vt 0.658155978 0.0282690004
vt 0.528268993 0.341843992
vt 0.9375 0.5
vt 0.9375 0.5
vt 1 0.5
vt 0.625 0.5
vt 0.625 0.5
vt 0.625 0.5
vt 0.919705987 0.419705987
vt 0.971731007 0.158155993
vt 0.971731007 0.341843992
vt 0.8125 1
vt 0.75 0.5
vt 0.75 1
vt 1 0.5
vt 0.9375 1
vt 1 1
vt 0.886156023 0.193601996
vt 0.806397974 0.113844
vt 0.854209006 0.145790994
vt 0.625 0.520833015
vt 0.625 0.729166985
vt 0.668272972 0.729166985
vt 0.0282690004 0.341843992
vt 0.458725005 0.361308992
vt 0.0282690004 0.158155993
vt 0.625 1
vt 0.5625 0.5
vt 0.5625 1
vt 0.5 1
vt 0.5625 0.5
vt 0.5 0.5
vt 0.158155993 0.0282690004
vt 0.458725005 0.138690993
vt 0.25 0.00999999978
vt 0.600000024 0.541666985
vt 0.550000012 0.5
vt 0.550000012 0.541666985
vt 0.322425991 0.541666985
vt 0.300000012 0.5
vt 0.300000012 0.541666985
vt 0.625 0.5
vt 0.625 0.5
vt 0.625 0.5
vt 0.99000001 0.25
vt 0.841844022 0.471731007
vt 0.971731007 0.158155993
vt 0.5 0.5
vt 0.5625 0.979442
vt 0.5625 0.5
vt 0.625 0.5
vt 0.625 0.5
vt 0.625 0.5
vt 0.419705987 0.419705987
vt 0.458725005 0.361308992
vt 0.341843992 0.471731007
vt 0.1875 0.5
vt 0.125 1
vt 0.1875 1
vt 0.49000001 0.25
vt 0.458725005 0.138690993
vt 0.471731007 0.341843992
vt 0.971731007 0.158155993
vt 0.841844022 0.0282690004
vt 0.919705987 0.0802939981
vt 0.200435996 0.743723989
vt 0.318242013 0.471621007
vt 0.210135996 0.5
vt 0.471731007 0.341843992
vt 0.458725005 0.138690993
vt 0.458725005 0.361308992
vt 0.603331983 0.25
vt 0.590726972 0.247675002
vt 0.591072023 0.25
vt 0.625 0.5
vt 0.625 0.71717298
vt 0.625 0.53282702
vt 0.354506999 0.75
vt 0.375 0.75
vt 0.375 0.5
vt 0.0282690004 0.158155993
vt 0.458725005 0.138690993
vt 0.0802939981 0.0802939981
vt 0.8125 0.5
vt 0.8125 0.5
vt 0.75 0.5
vt 0.5 0.5
vt 0.4375 1
vt 0.5 1
vt 0.576860011 0.224457994
vt 0.590726972 0.247675002
vt 0.625 0.238636002
vt 0.25 0.49000001
vt 0.458725005 0.361308992
vt 0.158155993 0.471731007
vt 0.421896011 0.225710005
vt 0.375 0.25
vt 0.394715011 0.246637002
vt 0.99000001 0.25
vt 0.841844022 0.0282690004
vt 0.971731007 0.158155993
vt 0.0282690004 0.341843992
vt 0.0282690004 0.158155993
vt 0.0282690004 0.158155993
vt 0.0802939981 0.419705987
vt 0.458725005 0.361308992
vt 0.0282690004 0.341843992
vt 0.0802939981 0.0802939981
vt 0.458725005 0.138690993
vt 0.158155993 0.0282690004
vt 0.587499976 0.5
vt 0.625 0.520833015
vt 0.621339023 0.502034009
vt 0.4375 1
vt 0.375 0.5
vt 0.375 1
vt 0.0282690004 0.341843992
vt 0.0282690004 0.158155993
vt 0.0282690004 0.341843992
vt 0.158155993 0.471731007
vt 0.458725005 0.361308992
vt 0.0802939981 0.419705987
vt 0.394715011 0.246637002
vt 0.375 0.25
vt 0.375 0.25
vt 0.625 0.5625
vt 0.625 0.5
vt 0.625 0.5
vt 0.841844022 0.0282690004
vt 0.658155978 0.471731007
vt 0.658155978 0.0282690004
vt 0.658155978 0.0282690004
vt 0.658155978 0.471731007
vt 0.528268993 0.158155993
vt 0.841844022 0.471731007
vt 0.971731007 0.158155993
vt 0.919705987 0.419705987
vt 0.607035995 -0.00422800006
vt 0.500093997 0.198933005
vt 0.625 0
vt 0.971731007 0.341843992
vt 0.841844022 0.0282690004
vt 0.99000001 0.25
vt 0.641667008 0.491667002
vt 0.600000024 0.5
vt 0.600000024 0.50999999
vt 0.625 0
vt 0.547999978 0.204060003
vt 0.625 0.238636002
vt 0.428315014 0.249136001
vt 0.375 0.25
vt 0.971731007 0.341843992
vt 0.375 0.25
vt 0.421896011 0.225710005
vt 0.375 0
vt 0.363539994 0.958333015
vt 0.400000006 1
vt 0.400000006 0.958333015
vt 0.625 0.5
vt 0.625 0.5
vt 0.625 0.5
vt 0.841844022 0.0282690004
vt 0.658155978 0.0282690004
vt 0.75 0.00999999978
vt 0.375 0
vt 0.593093991 -0.010241
vt 0.580624998 -0.00322200009
vt 0.958724976 0.138690993
vt 0.841844022 0.0282690004
vt 0.919705987 0.0802939981
vt 0.75 0.5
vt 0.6875 1
vt 0.75 1
vt 0.3125 0.5
vt 0.25 0.709481001
vt 0.3125 0.709481001
vt 0.875 1
vt 0.9375 1
vt 0.9375 0.5
vt 0.5625 0.5
vt 0.5 1
vt 0.5625 1
vt 0.625 0.502867997
vt 0.625 0.502837002
vt 0.625 0.502837002
vt 0.919705987 0.419705987
vt 0.971731007 0.158155993
vt 0.971731007 0.341843992
vt 0.625 0.743053973
vt 0.625 0.743059993
vt 0.625 0.74387002
vt 0.5625 1
vt 0.5 0.5
vt 0.5 1
vt 0.375 0.578436017
vt 0.125 0.578436017
vt 0.125 0.578436017
vt 0.25 0.5
vt 0.25 0.5
vt 0.3125 0.5
vt 0.875 0.615574002
vt 0.971731007 0.341843992
vt 0.583211005 0.402233005
vt 0.971731007 0.341843992
vt 0.971731007 0.158155993
vt 0.99000001 0.25
vt 0.5 0.5
vt 0.5625 0.709481001
vt 0.5625 0.5
vt 0.583211005 0.402233005
vt 0.419705987 0.419705987
vt 0.875 0.615574002
vt 0.583211005 0.402233005
vt 0.971731007 0.341843992
vt 0.375 0.25
vt 0.375 0.75
vt 0.375 0.689383984
vt 0.125 0.689383984
vt 0.0625 0.5
vt 0.0625 0.5
vt 0.125 0.5
vt 0.625 0.75
vt 0.625 0.5
vt 0.625 0.5
vt 0.625 0.743871987
vt 0.625 0.74387002
vt 0.625 0.744152009
vt 0.625 0.50296098
vt 0.625 0.503327012
vt 0.625 0.503327012
vt 0.409139007 0.405553997
vt 0.375 0.5
vt 0.425200999 0.425240993
vt 0.593093991 -0.010241
vt 0.500093997 0.198933005
vt 0.607035995 -0.00422800006
vt 0.580294013 0.419705987
vt 0.841844022 0.471731007
vt 0.658155978 0.471731007
vt 0.528268993 0.158155993
vt 0.528268993 0.341843992
vt 0.50999999 0.25
vt 0 0
vt 0 0
vt 0.624269009 0.498255014
vt 0.528268993 0.158155993
vt 0.658155978 0.471731007
vt 0.528268993 0.341843992
vt 0.125 0.75
vt 0.125 0.75
vt 0.375 0.75
vt 0.425188005 0.743723989
vt 0.408190012 0.497514993
vt 0.409713 0.744931996
vt 0.625 1
vt 0.625 0.980628014
vt 0.624350011 0.979906023
vt 0.855628014 0.744040012
vt 0.875 0.738094985
vt 0.855628014 0.738094985
vt 0.971731007 0.158155993
vt 0.841844022 0.0282690004
vt 0.919705987 0.0802939981
vt 0.579705 0.75
vt 0.375 1
vt 0.579705 1
vt 0.575592995 1
vt 0.577269971 0.751074016
vt 0.575592995 1
vt 0.658155978 0.0282690004
vt 0.528268993 0.341843992
vt 0.580294013 0.0802939981
vt 0.580294013 0.0802939981
vt 0.528268993 0.341843992
vt 0.528268993 0.158155993
vt 0.5625 0.5
vt 0.625 0.5
vt 0.5625 0.5
vt 0.971731007 0.158155993
vt 0.658155978 0.0282690004
vt 0.919705987 0.0802939981
vt 0.1875 0.5
vt 0.243053004 0.709481001
vt 0.25 0.5
vt 0.658155978 0.471731007
vt 0.841844022 0.471731007
vt 0.75 0.49000001
vt 0.875 0.674292982
vt 0.625 0.5
vt 0.625 0.699527979
vt 0.25 0.5
vt 0.243053004 0.709481001
vt 0.25 0.709481001
vt 0.3125 0.5
vt 0.375 0.709481001
vt 0.375 0.5
vt 0.919705987 0.0802939981
vt 0.658155978 0.0282690004
vt 0.841844022 0.0282690004
vt 0.841844022 0.471731007
vt 0.528268993 0.341843992
vt 0.971731007 0.158155993
vt 0.658155978 0.0282690004
vt 0.528268993 0.341843992
vt 0.528268993 0.158155993
vt 0.375 0
vt 0.375 0.25
vt 0.579705 0
vt 0.579705 0
vt 0.625 0.25
vt 0.625 0.0757070035
vt 0.5 0.5
vt 0.449999988 0.541666985
vt 0.5 0.541666985
vt 0.625 1
vt 0.579705 0.75
vt 0.579705 1
vt 0.375 0.5
vt 0.400200993 0.487500012
vt 0.378369987 0.487127006
vt 0.625 0.504947007
vt 0.625 0.504947007
vt 0.625 0.726616025
vt 0.1875 1
vt 0.243053004 0.709481001
vt 0.1875 0.5
vt 0.1875 1
vt 0.25 0.5
vt 0.1875 0.5
vt 0.658155978 0.0282690004
vt 0.528268993 0.158155993
vt 0.580294013 0.0802939981
vt 0.528268993 0.158155993
vt 0.528268993 0.341843992
vt 0.50999999 0.25
vt 0.625 0.5
vt 0.625 0.5
vt 0.625 0.5
vt 0.375 0.75
vt 0.378369987 0.762872994
vt 0.400200993 0.762499988
vt 0.841844022 0.471731007
vt 0.971731007 0.158155993
vt 0.919705987 0.419705987
vt 0.971731007 0.158155993
vt 0.841844022 0.0282690004
vt 0.919705987 0.0802939981
vt 0.528268993 0.341843992
vt 0.658155978 0.471731007
vt 0.580294013 0.419705987
vt 0.841844022 0.0282690004
vt 0.658155978 0.0282690004
vt 0.75 0.00999999978
vt 0.571226001 0.5
vt 0.625 0.335135996
vt 0.571226001 0.25
vt 0.375 1
vt 0.4375 0.5
vt 0.375 0.5
vt 0.25 1
vt 0.375 1
vt 0.375 1
vt 0.971731007 0.341843992
vt 0.971731007 0.158155993
vt 0.99000001 0.25
vt 0.375 0.75
vt 0.125 0.5
vt 0.125 0.75
vt 0.658155978 0.471731007
vt 0.528268993 0.341843992
vt 0.75 0.49000001
vt 0.919705987 0.419705987
vt 0.971731007 0.158155993
vt 0.971731007 0.341843992
vt 0.0625 0.821175992
vt 0.0625 1
vt 0.125 1
vt 0.625 0.25
vt 0.595167994 0.163332999
vt 0.595167994 0.170000002
vt 0.875 0.5
vt 0.875 0.615574002
vt 0.9375 0.5
vt 0.625 0.00596000021
vt 0.625 0
vt 0.625 0
vt 0.0625 0.5
vt 0 1
vt 0.0625 1
vt 0 1
vt 0.125 1
vt 0.125 1
vt 0.394988 0.5
vt 0.5 0.25
vt 0.393182009 0.25
vt 0.595167994 0.0799999982
vt 0.595167994 0.0866670012
vt 0.625 0
vt 0.75 0.5
vt 0.75 1
vt 0.8125 1
vt 0.625 0
vt 0.595167994 0.0866670012
vt 0.625 0.25
vt 0.625 0.5
vt 0.625 0.5
vt 0.625 0.5
vt 0.9375 0.5
vt 0.875 0.615574002
vt 0.9375 1
vt 0.625 0.0119049996
vt 0.625 0.00596000021
vt 0.625 0.0119049996
vt 0.625 1
vt 0.75 1
vt 0.75 1
vt 0.75 0.49000001
vt 0.528268993 0.341843992
vt 0.841844022 0.471731007
vt 0.625 0.5
vt 0.375 0.75
vt 0.625 0.75
vt 0.379545003 0.247767001
vt 0.375 0.216666996
vt 0.377436012 0.233333007
vt 0.125 1
vt 0.25 1
vt 0.25 1
vt 0.393182009 0.25
vt 0.375 0.216666996
vt 0.379545003 0.247767001
vt 0.5 0.5
vt 0.4375 0.5
vt 0.4375 0.5
vt 0.375 0.216666996
vt 0.393182009 0
vt 0.375 0.0333329998
vt 0.625 0.760978997
vt 0.375 1
vt 0.625 1
vt 0.392679989 0.314143986
vt 0.0220759995 0.0176609997
vt 0.591049016 0.472838998
vt 0.393182009 0.25
vt 0.5 0.25
vt 0.5 0.25
vt 0.625 0.5
vt 0.625 0.499554992
vt 0.625 0.5
vt 0.375 1
vt 0.25 1
vt 0.375 1
vt 0.400000006 0.25
vt 0.44945699 0.281432986
vt 0.55054301 0.281432986
vt 0.875 1
vt 0.75 1
vt 0.875 1
vt 0.3125 0.5
vt 0.25 0.5
vt 0.25 0.5
vt 0.625 0.6875
vt 0.451941997 0.75
vt 0.451941997 0.75
vt 1 1
vt 0.875 1
vt 1 1
vt 0.3125 0.5
vt 0.25 1
vt 0.3125 1
vt 0.625 0.75
vt 0.625 0.75
vt 0.625 0.75
vt 0.377436012 0.0166669991
vt 0.393182009 0
vt 0.38409099 0.00446600001
vt 0.641667008 0.491667002
vt 0.566887021 0.403706998
vt 0.600000024 0.5
vt 0.5625 1
vt 0.5 0.5
vt 0.5 1
vt 0.448906988 0.359124988
vt 0.0220759995 0.0176609997
vt 0.392679989 0.314143986
vt 0.75 0.5
vt 0.625 1
vt 0.75 1
vt 0.602626026 0.25
vt 0.613843977 0.306398004
vt 0.613843977 0.306398004
vt 0.919705987 0.0802939981
vt 0.75 0.49000001
vt 0.75 0.00999999978
vt 0.919705987 0.419705987
vt 0.99000001 0.25
vt 0.971731007 0.341843992
vt 0.625 0.25
vt 0.5 0
vt 0.5 0.25
vt 0.393182009 0.25
vt 0.378331006 0.501488984
vt 0.394988 0.5
vt 0.575156987 0.93256402
vt 0.625 1
vt 0.625 1
vt 0.625 0.6875
vt 0.625 0.75
vt 0.625 0.6875
vt 0.625 0.5
vt 0.0220759995 0.0176609997
vt 0.448906988 0.359124988
vt 0.25 0.0147089995
vt 0.334852993 0.165147007
vt 0.416375995 0.0836239979
vt 0.580294013 0.419705987
vt 0.75 0.49000001
vt 0.658155978 0.471731007
vt 0.5 0.25
vt 0.393182009 0
vt 0.393182009 0.25
vt 0.393182009 0
vt 0.5 0.25
vt 0.5 0
vt 0.5 1
vt 0.625 1
vt 0.625 1
vt 0.675291002 0.767444015
vt 0.658667982 0.482196003
vt 0.658737004 0.759956002
vt 0.75 0.00999999978
vt 0.580294013 0.0802939981
vt 0.658155978 0.0282690004
vt 0.619750023 0.491688013
vt 0.591268003 0.74495697
vt 0.620100021 0.748395026
vt 0.591809988 0.497514993
vt 0.575182974 0.743718982
vt 0.590658009 0.744926989
vt 0.875 1
vt 0.75 0.5
vt 0.75 1
vt 0.682045996 0.75
vt 0.753117979 0.5
vt 0.753117979 0.75
vt 0.574811995 0.00627599983
vt 0.591809988 0.252485007
vt 0.59029001 0.00669000018
vt 0.875 0.5
vt 0.824490011 0.74329102
vt 0.875 0.740310013
vt 0.176609993 0.74337101
vt 0.125 0.5
vt 0.126100004 0.740391016
vt 0.99000001 0.25
vt 0.919705987 0.0802939981
vt 0.971731007 0.158155993
vt 0.971731007 0.341843992
vt 0.75 0.49000001
vt 0.99000001 0.25
vt 0.919705987 0.0802939981
vt 0.75 0.00999999978
vt 0.841844022 0.0282690004
vt 0.658155978 0.0282690004
vt 0.958724976 0.138690993
vt 0.580294013 0.0802939981
vt 0.625922978 0.750922978
vt 0.855628014 0.75
vt 0.855628014 0.744040012
vt 0.409139007 0.844446003
vt 0.375 0.75
vt 0.40237999 0.863097012
vt 0.40237999 0.863097012
vt 0.375 0.75
vt 0.375 1
vt 0.75 0.5
vt 0.6875 0.5
vt 0.6875 1
vt 0.375 0.75
vt 0.409139007 0.844446003
vt 0.425200999 0.824759007
vt 0.528268993 0.341843992
vt 0.958724976 0.361308992
vt 0.580294013 0.419705987
vt 0.150000006 0.5
vt 0.125 0.50999999
vt 0.150000006 0.50999999
vt 0.75 0.49000001
vt 0.919705987 0.419705987
vt 0.841844022 0.471731007
vt 0.919705987 0.419705987
vt 0.75 0.49000001
vt 0.971731007 0.341843992
vt 0.528268993 0.158155993
vt 0.75 0.00999999978
vt 0.50999999 0.25
vt 0.658155978 0.0282690004
vt 0.528268993 0.158155993
vt 0.580294013 0.0802939981
vt 0.150000006 0.5
vt 0.125 0.5
vt 0.125 0.50999999
vt 0.420284986 0.883551002
vt 0.375 1
vt 0.438149989 0.881709993
vt 0.824490011 0.74329102
vt 0.875 0.5
vt 0.822450995 0.499572009
vt 0.580294013 0.419705987
vt 0.75 0.00999999978
vt 0.75 0.49000001
vt 0.625 0.75
vt 0.53848201 0.779398978
vt 0.565455019 0.773801982
vt 0.457845986 0.370000005
vt 0.0421539992 0.370000005
vt 0.25 0.49000001
vt 0.625 0.5
vt 0 0
vt 0.625 0.499554992
vt 0.528268993 0.158155993
vt 0.528268993 0.341843992
vt 0.50999999 0.25
vt 0.405972004 0.877107024
vt 0.375 1
vt 0.420284986 0.883551002
vt 0.75 0.5
vt 0.6875 1
vt 0.75 1
vt 0.375 1
vt 0.5 1
vt 0.5 1
vt 0.875 0.522727013
vt 0.625 0.75
vt 0.875 0.75
vt 0.375 0.75
vt 0.451941997 0.75
vt 0.451941997 0.75
vt 0.25 0.485291004
vt 0.165147007 0.334852993
vt 0.0836239979 0.416375995
vt 0.625 0.6875
vt 0.451941997 0.75
vt 0.625 0.75
vt 0.451941997 0.75
vt 0.508130014 0.785660028
vt 0.625 0.75
vt 0.625 0.75
vt 0.508130014 0.785660028
vt 0.53848201 0.779398978
vt 0.625 0.75
vt 0.625 0.5
vt 0.625 0.5
vt 0.3125 0.5
vt 0.25 0.5
vt 0.25 1
vt 0.528268993 0.341843992
vt 0.528268993 0.158155993
vt 0.528268993 0.341843992
vt 0.25 0.00999999978
vt 0.0421539992 0.370000005
vt 0.457845986 0.129999995
vt 0.625 0.25
vt 0.625 0
vt 0.5 0
vt 0.0220759995 0.0176609997
vt 0.625 0.5
vt 0.625 0.5
vt 0.567192972 0.403503001
vt 0.641667008 0.491667002
vt 0.58228898 0.394226015
vt 0.625 0.6875
vt 0.625 0.6875
vt 0.451941997 0.75
vt 0.625 0.0119049996
vt 0.625 0.25
vt 0.625 0.0119049996
vt 0.625 0.75
vt 0.625 0.75
vt 0.625 0.75
vt 0.575156987 0.93256402
vt 0.625 1
vt 0.624350011 0.979906023
vt 1 1
vt 0.875 1
vt 0.991626978 1
vt 0.166666999 1
vt -0 0.774999976
vt -0 1
vt 0.624049008 0.737138987
vt 0.668272972 0.729166985
vt 0.625 0.729166985
vt 0.5 0.774999976
vt 0.333332986 1
vt 0.5 1
vt 0.375 0
vt 0.595167994 0.0799999982
vt 0.625 0
vt 0.451941997 0.75
vt 0.448720992 0.807425976
vt 0.477266014 0.794439018
vt 1 0.5
vt 0.875 1
vt 1 1
vt 0.603165984 0.253125012
vt 0.625 0.239999995
vt 0.600000024 0.239999995
vt 0.408769011 0.30855599
vt 0.150000006 0.5
vt 0.408697009 0.308916986
vt 0.603165984 0.253125012
vt 0.566525996 0.283721
vt 0.566887021 0.283793002
vt 0.3125 1
vt 0.375 0.5
vt 0.3125 0.5
vt 0.5625 1
vt 0.5625 0.5
vt 0.5 0.5
vt 0.603165984 0.253125012
vt 0.566887021 0.283793002
vt 0.58198297 0.293069005
vt 0.41771099 0.293273985
vt 0.150000006 0.5
vt 0.417506993 0.293579996
vt 0.5 1
vt 0.375 1
vt 0.5 1
vt 0.375 1
vt 0.25 0.5
vt 0.25 1
vt 0.58228898 0.293273985
vt 0.591026008 0.308248997
vt 0.625 0.266667008
vt 0.417506993 0.293579996
vt 0.150000006 0.5
vt 0.408769011 0.30855599
vt 0.603165984 0.253125012
vt 0.58198297 0.293069005
vt 0.58228898 0.293273985
vt 0.408697009 0.308916986
vt 0.150000006 0.5
vt 0.406410992 0.325857013
vt 0.5 0.25
vt 0.625 0.5
vt 0.625 0.25
vt 0.25 1
vt 0.125 1
vt 0.25 1
vt 0.641667008 0.491667002
vt 0.582493007 0.393920004
vt 0.58228898 0.394226015
vt 0.593517005 0.325495988
vt 0.625 0.266667008
vt 0.591230989 0.30855599
vt 0.393182009 0.25
vt 0.379545003 0.247767001
vt 0.378331006 0.501488984
vt 0.602626026 0.25
vt 0.613843977 0.193601996
vt 0.602626026 0.25
vt 0.625 0.760978997
vt 0.375 0.760978997
vt 0.375 1
vt 0.625 0.5
vt 0.375 0.5
vt 0.375 0.75
vt 0.393182009 0.25
vt 0.393182009 0
vt 0.375 0.216666996
vt 0.406410992 0.361642987
vt 0.358332992 0.491667002
vt 0.408769011 0.37894401
vt 0.625 1
vt 0.75 1
vt 0.75 1
vt 0.41771099 0.394226015
vt 0.358332992 0.491667002
vt 0.418017 0.394430995
vt 0.380533993 0.469931006
vt 0.40625 0.5
vt 0.40625 0.46875
vt 0.625 0.266667008
vt 0.593589008 0.325857013
vt 0.593589008 0.361642987
vt 0.433113009 0.403706998
vt 0.400000006 0.5
vt 0.433474004 0.403779
vt 0.641667008 0.491667002
vt 0.593589008 0.361642987
vt 0.591302991 0.378583014
vt 0.625 1
vt 0.5 1
vt 0.625 1
vt 0.418017 0.394430995
vt 0.358332992 0.491667002
vt 0.433113009 0.403706998
vt 0.44945699 0.406067014
vt 0.400000006 0.5
vt 0.55054301 0.406067014
vt 0.150000006 0.5
vt 0.41771099 0.293273985
vt 0.400000006 0.25
vt 0.400000006 0.25
vt 0.55054301 0.281432986
vt 0.603165984 0.253125012
vt 0.0625 0.5
vt 0 0.5
vt 0 1
vt 0.625 0.266667008
vt 0.593589008 0.361642987
vt 0.641667008 0.491667002
vt 0.625 0.5
vt 0.625 0.5
vt 0.625 0.5
vt 0.44945699 0.281432986
vt 0.400000006 0.25
vt 0.449095994 0.281504989
vt 0.400000006 0.50999999
vt 0.600000024 0.5
vt 0.400000006 0.5
vt 0.358332992 0.491667002
vt 0.406410992 0.361642987
vt 0.150000006 0.5
vt 0.641667008 0.491667002
vt 0.591230989 0.37894401
vt 0.582493007 0.393920004
vt 0.4375 1
vt 0.5 1
vt 0.5 0.5
vt 0.449095994 0.281504989
vt 0.400000006 0.25
vt 0.433113009 0.283793002
vt 0.99000001 0.25
vt 0.75 0.49000001
vt 0.919705987 0.0802939981
vt 0.625 0.25
vt 0.595167994 0.0866670012
vt 0.595167994 0.163332999
vt 0.428315014 0.249136001
vt 0.423317999 0.244351998
vt 0.375 0.25
vt 0.9375 0.5
vt 0.9375 1
vt 1 1
vt 0.433113009 0.283793002
vt 0.400000006 0.25
vt 0.432806998 0.283996999
vt 0.408769011 0.37894401
vt 0.358332992 0.491667002
vt 0.408973992 0.379251003
vt 0.3125 1
vt 0.375 0.5
vt 0.3125 0.5
vt 0.408973992 0.379251003
vt 0.358332992 0.491667002
vt 0.41771099 0.394226015
vt 0.806397974 0.113844
vt 0.693602026 0.113844
vt 0.75 0.102626003
vt 0.432806998 0.283996999
vt 0.400000006 0.25
vt 0.41771099 0.293273985
vt 0.528268993 0.341843992
vt 0.658155978 0.471731007
vt 0.580294013 0.419705987
vt 0.75 0.5
vt 0.8125 1
vt 0.8125 0.5
vt 0.406410992 0.361642987
vt 0.408769011 0.37894401
vt 0.406482995 0.362004995
vt 0.841844022 0.471731007
vt 0.971731007 0.341843992
vt 0.919705987 0.419705987
vt 0.9375 1
vt 0.875 0.615574002
vt 0.875 1
vt 0.25 1
vt 0.375 1
vt 0.375 1
vt 0.416375995 0.416375995
vt 0.25 0.370000005
vt 0.25 0.485291004
vt 0.75 1
vt 0.625 0.5
vt 0.625 1
vt 0.625 0.00596000021
vt 0.625 0
vt 0.625 0.00595200015
vt 0.658667982 0.482196003
vt 0.591809988 0.497514993
vt 0.619750023 0.491688013
vt 0.378331006 0.748511016
vt 0.125 0.733332992
vt 0.125 0.75
vt 0.591809988 0.497514993
vt 0.681756973 0.471621007
vt 0.571226001 0.5
vt 0.571226001 0.5
vt 0.571226001 0.25
vt 0.428773999 0.5
vt 0.971731007 0.158155993
vt 0.841844022 0.0282690004
vt 0.919705987 0.0802939981
vt 0.25 0.485291004
vt 0.334852993 0.334852993
vt 0.25 0.370000005
vt 0.971731007 0.158155993
vt 0.528268993 0.341843992
vt 0.658155978 0.0282690004
vt 0.243053004 0.709481001
vt 0.1875 1
vt 0.243053004 1
vt 0.625 0.335135996
vt 0.571226001 0.5
vt 0.681756973 0.471621007
vt 0.620907009 0.302556008
vt 0.571226001 0.25
vt 0.625 0.335135996
vt 0.681756973 0.471621007
vt 0.591809988 0.497514993
vt 0.658667982 0.482196003
vt 0.125 1
vt 0.0625 0.5
vt 0.0625 1
vt 0.408190012 0.252485007
vt 0.379092991 0.302556008
vt 0.428773999 0.25
vt 0.428773999 0.5
vt 0.428773999 0.25
vt 0.318242013 0.471621007
vt 0.125 1
vt 0.00837299973 1
vt 0.125 1
vt 0.3125 0.5
vt 0.3125 0.709481001
vt 0.375 0.709481001
vt 0.841844022 0.0282690004
vt 0.528268993 0.158155993
vt 0.75 0.00999999978
vt 0.25 0.0147089995
vt 0.334852993 0.165147007
vt 0.416375995 0.0836239979
vt 0.625 0.715029001
vt 0.625 0.746873021
vt 0.625 0.729462981
vt 0.0836239979 0.416375995
vt 0.129999995 0.25
vt 0.0147089995 0.25
vt 0.625 0.5
vt 0.5625 0.5
vt 0.5625 0.5
vt 0.625 0.5
vt 0.625 0.5
vt 0.625 0.5
vt 0.379092991 0.302556008
vt 0.408190012 0.252485007
vt 0.382874995 0.26246801
vt 0.5625 0.5
vt 0.625 0.5
vt 0.625 0.5
vt 0.380250007 0.491688013
vt 0.428773999 0.5
vt 0.318242013 0.471621007
vt 0.528268993 0.341843992
vt 0.971731007 0.158155993
vt 0.841844022 0.471731007
vt 0.0625 0.821175992
vt 0.125 1
vt 0.125 0.821177006
vt 0.318242013 0.471621007
vt 0.428773999 0.25
vt 0.375 0.335135996
vt 0.5 0.5
vt 0.5 0.709481001
vt 0.5625 0.709481001
vt 0.666666985 1
vt 0.833333015 0.774999976
vt 0.666666985 0.774999976
vt 0.4375 0.5
vt 0.5 0.5
vt 0.4375 0.5
vt 0.625 1
vt 0.5 0.5
vt 0.5 1
vt 1 1
vt 0.875 0.5
vt 0.875 1
vt 0.971731007 0.341843992
vt 0.841844022 0.0282690004
vt 0.99000001 0.25
vt 0.165147007 0.334852993
vt 0.25 0.485291004
vt 0.25 0.370000005
vt 0.25 1
vt 0.125 1
vt 0.25 1
vt 0.428773999 0.25
vt 0.428773999 0.5
vt 0.571226001 0.25
vt 0.75 0.00999999978
vt 0.528268993 0.158155993
vt 0.658155978 0.0282690004
vt 0.5625 0.5
vt 0.5 0.5
vt 0.5 0.5
vt 0.625 0.75
vt 0.625 0.5
vt 0.625 0.5
vt 0.375 0.578436017
vt 0.125 0.578436017
vt 0.375 0.578436017
vt 0.587499976 0.75
vt 0.400200993 0.762499988
vt 0.587499976 0.793272972
vt 0.587499976 0.793272972
vt 0.400200993 0.762499988
vt 0.400725991 0.793273985
vt 0.625 0.5
vt 0.625 0.5
vt 0.625 0.5
vt 0.375 0.75
vt 0.400200993 0.762499988
vt 0.587499976 0.75
vt 0.875 1
vt 0.75 1
vt 0.875 1
vt 0.451941997 0.5
vt 0.433005989 0.545655012
vt 0.625 0.625
vt 0.5625 1
vt 0.5625 0.5
vt 0.5 0.5
vt 0.875 1
vt 0.991626978 1
vt 1 1
vt 0.25 1
vt 0.375 1
vt 0.375 1
vt 0.125 1
vt 0 0.5
vt 0 1
vt 0.378369987 0.762872994
vt 0.375 0.75
vt 0.375 0.770492971
vt 0.583211005 0.402233005
vt 0.387410998 0.477708995
vt 0.419705987 0.419705987
vt 0.587499976 0.456726998
vt 0.400200993 0.487500012
vt 0.587499976 0.5
vt 0.485291004 0.25
vt 0.334852993 0.165147007
vt 0.370000005 0.25
vt 0.625 0.504947007
vt 0.625 0.726616025
vt 0.625 0.726616025
vt 0.99000001 0.25
vt 0.841844022 0.0282690004
vt 0.971731007 0.158155993
vt 0.375 0.5
vt 0.378369987 0.487127006
vt 0.375 0.479506999
vt 0.587499976 0.5
vt 0.400200993 0.487500012
vt 0.375 0.5
vt 0.658155978 0.0282690004
vt 0.528268993 0.158155993
vt 0.580294013 0.0802939981
vt 0.3125 0.5
vt 0.25 0.5
vt 0.25 0.709481001
vt 0.375 0.479506999
vt 0.378369987 0.487127006
vt 0.37539801 0.478464007
vt 0.375 0.5
vt 0.409139007 0.405553997
vt 0.40237999 0.386902988
vt 0 0
vt 0.624269009 0.498255014
vt 0.625 0.499554992
vt 0.625 0.238636002
vt 0.547999978 0.204060003
vt 0.576860011 0.224457994
vt 0.625 0.726616025
vt 0.625 0.732051015
vt 0.625 0.732041001
vt 0.375 0.25
vt 0.405972004 0.372893006
vt 0.420284986 0.366448998
vt 0.125 1
vt 0 1
vt 0.125 1
vt 0.477266014 0.455561012
vt 0.448720992 0.442573994
vt 0.451941997 0.5
vt 0.463091999 0.375634015
vt 0.375 0.25
vt 0.445055008 0.369194001
vt 0.5 0.774999976
vt 0.333332986 1
vt 0.5 1
vt 0.3125 0.5
vt 0.375 1
vt 0.375 0.5
vt 0.4375 0.5
vt 0.5 1
vt 0.5 0.5
vt 0.166666999 1
vt 0.333332986 0.774999976
vt 0.166666999 0.774999976
vt 0.375 0.25
vt 0.40237999 0.386902988
vt 0.405972004 0.372893006
vt 0.875 0.5
vt 0.8125 1
vt 0.875 1
vt 0.425200999 0.425240993
vt 0.375 0.5
vt 0.448720992 0.442573994
vt 0.625 0.0119049996
vt 0.625 0.25
vt 0.624997973 0.25088799
vt 0.1875 0.5
vt 0.125 0.5
vt 0.125 1
vt 1 0.774999976
vt 0.833333015 1
vt 1 1
vt 0.375 0.5
vt 0.40237999 0.386902988
vt 0.375 0.25
vt 0.451941997 0.5
vt 0.448720992 0.442573994
vt 0.375 0.5
vt 1 0.5
vt 0.9375 0.5
vt 0.9375 1
vt 0.841844022 0.471731007
vt 0.658155978 0.471731007
vt 0.919705987 0.419705987
vt 0.5 0.5
vt 0.5 0.979442
vt 0.5625 0.979442
vt 0.625 0.25
vt 0.375 0.25
vt 0.477981001 0.381309003
vt 0.528268993 0.158155993
vt 0.528268993 0.341843992
vt 0.50999999 0.25
vt 0.625 0.5
vt 0.508130014 0.464340001
vt 0.451941997 0.5
vt 0.565455019 0.476197988
vt 0.53848201 0.470600992
vt 0.625 0.5
vt 0.53848201 0.470600992
vt 0.508130014 0.464340001
vt 0.625 0.5
vt 0.586457014 0.481691003
vt 0.625 0.5
vt 0.599605978 0.485843986
vt 0.528268993 0.341843992
vt 0.528268993 0.158155993
vt 0.580294013 0.419705987
vt 0.125 1
vt 0.1875 0.5
vt 0.125 0.5
vt 0.586457014 0.481691003
vt 0.565455019 0.476197988
vt 0.625 0.5
vt 0.512917995 0.401641995
vt 0.625 0.25
vt 0.477981001 0.381309003
vt 0.5625 1
vt 0.625 0.5
vt 0.5625 0.5
vt 0.580294013 0.419705987
vt 0.528268993 0.158155993
vt 0.658155978 0.471731007
vt 0.543766975 0.426589996
vt 0.625 0.25
vt 0.512917995 0.401641995
vt 0.568683982 0.450688004
vt 0.625 0.25
vt 0.543766975 0.426589996
vt 0.625 0.25
vt 0.625 0.5
vt 0.625 0.25
vt 0.625 0.5
vt 0.625 0.25
vt 0.568683982 0.450688004
vt 0.75 0.00999999978
vt 0.50999999 0.25
vt 0.580294013 0.0802939981
vt 0.580294013 0.419705987
vt 0.75 0.49000001
vt 0.658155978 0.471731007
vt 0.99000001 0.25
vt 0.75 0.00999999978
vt 0.919705987 0.0802939981
vt 0.919705987 0.419705987
vt 0.75 0.00999999978
vt 0.99000001 0.25
vt 0.75 0.00999999978
vt 0.580294013 0.0802939981
vt 0.658155978 0.0282690004
vt 0.8125 1
vt 0.8125 0.5
vt 0.75 0.5
vt 0.625 0.502867997
vt 0.625 0.502837002
vt 0.625 0.502837002
vt 1 0.5
vt 0.9375 0.5
vt 0.9375 1
vt 0.599605978 0.485843986
vt 0.625 0.5
vt 0.603994012 0.486492991
vt 0.1875 1
vt 0.25 0.5
vt 0.1875 0.5
vt 0.75 0.49000001
vt 0.75 0.00999999978
vt 0.919705987 0.419705987
vt 0.50999999 0.25
vt 0.75 0.00999999978
vt 0.580294013 0.419705987
vt 0.580294013 0.0802939981
vt 0.50999999 0.25
vt 0.528268993 0.158155993
vt 0.625 0.75
vt 0.625 0.5
vt 0.625 0.5
vt 0.624994993 0.254878014
vt 0.624997973 0.25088799
vt 0.625 0.269371986
vt 0.658155978 0.471731007
vt 0.841844022 0.471731007
vt 0.75 0.49000001
vt 0.919705987 0.0802939981
vt 0.75 0.00999999978
vt 0.841844022 0.0282690004
vt 0.625 0.269371986
vt 0.625 0.25
vt 0.625 0.5
vt 0.624997973 0.25088799
vt 0.625 0.25
vt 0.625 0.269371986
vt 0.625 0.743871987
vt 0.625 0.744152009
vt 0.625 0.744152009
vt 0.919705987 0.419705987
vt 0.658155978 0.471731007
vt 0.971731007 0.341843992
vt 0.99000001 0.25
vt 0.919705987 0.0802939981
vt 0.971731007 0.158155993
vt 0.625 0.50296098
vt 0.625 0.503327012
vt 0.625 0.50296098
vt 0.601850986 0.500528991
vt 0.620981991 0.457704008
vt 0.601850986 0.457037985
vt 0.0625 0.5
vt 0.125 0.5
vt 0.125 0.5
vt 0.528268993 0.158155993
vt 0.841844022 0.0282690004
vt 0.658155978 0.471731007
vt 0.625 0.625
vt 0.620323002 0.617128015
vt 0.617578983 0.617128015
vt 0.378331006 0.501488984
vt 0.375 0.533333004
vt 0.394988 0.5
vt 0.375892997 0.733332992
vt 0.394988 0.75
vt 0.375 0.716666996
vt 0.625 0.75
vt 0.625 0.5
vt 0.442544013 0.5
vt 0.625 0.503203988
vt 0.625 0.504947007
vt 0.625 0.503203988
vt 0.625 1
vt 0.625 0.5
vt 0.5625 0.5
vt 0.675836027 0.47825399
vt 0.675836027 0.0217460003
vt 0.75 0.49000001
vt 0.625 0.75
vt 0.625 0.6875
vt 0.625 0.75
vt 0.971731007 0.158155993
vt 0.528268993 0.341843992
vt 0.658155978 0.0282690004
vt 0.50999999 0.25
vt 0.99000001 0.25
vt 0.75 0.49000001
vt 0.1875 1
vt 0.1875 0.5
vt 0.125 0.5
vt 0.875 0.75
vt 0.875 0.5
vt 0.625 0.5
vt 0.897373974 0.25
vt 0.886156023 0.306398004
vt 0.897373974 0.25
vt 0.6875 0.979442
vt 0.75 0.5
vt 0.6875 0.5
vt 0.641667008 0.491667002
vt 0.600000024 0.50999999
vt 0.649999976 0.50999999
vt 0.645790994 0.354209006
vt 0.528268993 0.341843992
vt 0.613843977 0.306398004
vt 0.625 0.5
vt 0.625 0.5
vt 0.625 0.5
vt 0.625 0.520833015
vt 0.375 0.75
vt 0.625 0.729166985
vt 0.624049008 0.737138987
vt 0.601850986 0.749471009
vt 0.621339023 0.747965991
vt 0.587499976 0.5
vt 0.621339023 0.502034009
vt 0.601850986 0.500528991
vt 0.613843977 0.306398004
vt 0.528268993 0.341843992
vt 0.50999999 0.25
vt 0.125 0.5
vt 0.0625 1
vt 0.125 1
vt 0.8125 1
vt 0.75 0.5
vt 0.75 1
vt 0.375 0.5
vt 0.625 0.520833015
vt 0.587499976 0.5
vt 0.615592003 0.606492996
vt 0.625 0.625
vt 0.596307993 0.558631003
vt 0.625 0.625
vt 0.611325979 0.611810029
vt 0.605004013 0.606492996
vt 0.75 0.5
vt 0.6875 0.5
vt 0.6875 1
vt 0.623646021 0.878117025
vt 0.625 0.807045996
vt 0.625 0.878117979
vt 0.621339023 0.502034009
vt 0.625 0.520833015
vt 0.624049008 0.512861013
vt 0.4375 1
vt 0.375 0.5
vt 0.375 1
vt 0.375 1
vt 0.3125 0.5
vt 0.3125 1
vt 0.625 0.5
vt 0.625 0.5625
vt 0.625 0.75
vt 0.625 0.502867997
vt 0.625 0.502837002
vt 0.625 0.502867997
vt 0.8125 0.5
vt 0.75 0.5
vt 0.75 0.5
vt 0.625 0.71717298
vt 0.625 0.75
vt 0.625 0.717471004
vt 0.354506999 0.75
vt 0.375 0.5
vt 0.354506999 0.5
vt 0.601850986 0.749471009
vt 0.624049008 0.737138987
vt 0.587499976 0.75
vt 0.625 0.75
vt 0.625 0.71717298
vt 0.625 0.75
vt 0.25 0.5
vt 0.75 0.5
vt 0.125 0.5
vt 0.5625 1
vt 0.5625 0.5
vt 0.5 0.5
vt 0.625 0.625
vt 0.615854025 0.615704
vt 0.611325979 0.611810029
vt 0.625 0.5
vt 0.625 0.53282702
vt 0.625 0.532528996
vt 0.625 0.75
vt 0.625 0.71717298
vt 0.625 0.5
vt 0.693602026 0.386155993
vt 0.886156023 0.193601996
vt 0.806397974 0.386155993
vt 0.587499976 0.75
vt 0.625 0.729166985
vt 0.375 0.75
vt 0.25 1
vt 0.1875 0.5
vt 0.1875 1
vt 0.875 0.5
vt 0.8125 1
vt 0.875 1
vt 0.375 1
vt 0.375 0.5
vt 0.3125 0.5
vt 0.9375 1
vt 0.875 0.5
vt 0.875 1
vt 0.625 0.5
vt 0.625 0.5
vt 0.625 0.5
vt 1 0.5
vt 0.9375 1
vt 1 1
vt 0.625 0.5
vt 0.625 0.5
vt 0.625 0.5
vt 0.625 0.5
vt 0.625 0.5
vt 0.625 0.5
vt 0.625 0.625
vt 0.605004013 0.606492996
vt 0.54537499 0.558631003
vt 0.75 1
vt 0.75 0.5
vt 0.6875 0.5
vt 0.625 0.5
vt 0.25 0.5
vt 0.5625 0.5
vt 0.25 0.5
vt 0.125 0.5
vt 0.1875 0.5
vt 0.625 0.5
vt 0.625 0.5
vt 0.625 0.5
vt 0.680549979 1.00319195
vt 0.678677976 0.50169301
vt 0.625 0.5
vt 0.125 0.5
vt 0.25 0.5
vt 0.0625 0.5
vt 0.75 0.5
vt 0.625 0.5
vt 0.6875 0.5
vt 0.125 0.75
vt 0.125 0.75
vt 0.375 0.75
vt 0.618001997 0.611810029
vt 0.625 0.625
vt 0.615592003 0.606492996
vt 0.625 0.5
vt 0.625 0.5
vt 0.625 0.5
vt 0.624049008 0.737138987
vt 0.625 0.729166985
vt 0.587499976 0.75
vt 0.625 0.743061006
vt 0.625 0.736941993
vt 0.625 0.743053973
vt 0.625 0.5
vt 0.625 0.5
vt 0.625 0.5
vt 0.625 0.5
vt 0.625 0.5
vt 0.625 0.5
vt 0.625 0.5
vt 0.625 0.5
vt 0.625 0.5
vt 0.528268993 0.341843992
vt 0.645790994 0.354209006
vt 0.580294013 0.419705987
vt 0.680549979 1.00319195
vt 0.6875 0.5
vt 0.678677976 0.50169301
vt 0.9375 0.5
vt 1 0.5
vt 1 0.5
vt 0.1875 1
vt 0.1875 0.5
vt 0.1875 0.5
vt 0.3125 1
vt 0.3125 0.5
vt 0.3125 1
vt 0.819450021 1.00319195
vt 0.8125 0.5
vt 0.8125 1
vt 0.625 0.504947007
vt 0.625 0.503327012
vt 0.625 0.504947007
vt 0.625 0.732051015
vt 0.625 0.736941993
vt 0.625 0.732041001
vt 0.348307014 0.748497009
vt 0.376396 0.730768979
vt 0.344971001 0.730768979
vt 0.625 0.744152009
vt 0.625 0.744152009
vt 0.625 0.744152009
vt 0.625 0.520833015
vt 0.668272972 0.729166985
vt 0.668272972 0.520833015
vt 0.625 0.520304978
vt 0.625 0.520416975
vt 0.625 0.520416975
vt 0.609221995 0.213477001
vt 0.625 0
vt 0.609221995 0.0365229994
vt 0.625 0.503327012
vt 0.625 0.504947007
vt 0.625 0.503327012
vt 0.625 0.75
vt 0.442544013 0.75
vt 0.625 0.75
vt 0.625 0.502867997
vt 0.625 0.50296098
vt 0.625 0.502837002
vt 0.625 0.726616025
vt 0.625 0.726616025
vt 0.625 0.504947007
vt 0.6875 1
vt 0.625 0.5
vt 0.625 1
vt 0.625 0.50296098
vt 0.625 0.504947007
vt 0.625 0.503327012
vt 0.625 0.25
vt 0.442544013 0.5
vt 0.625 0.5
vt 0.625 0.503203988
vt 0.625 0.50296098
vt 0.625 0.502867997
vt 0.625 0.50296098
vt 0.625 0.503203988
vt 0.625 0.502837002
vt 0.390778005 0.0365229994
vt 0.390778005 0.213477001
vt 0.390778005 0.213477001
vt 0.0625 1
vt 0 0.5
vt 0 1
vt 0.1875 0.5
vt 0.125 1
vt 0.1875 1
vt 0.789864004 0.5
vt 0.681756973 0.471621007
vt 0.675291002 0.767444015
vt 0.5 0.5
vt 0.375 0.5
vt 0.375 1
vt 0.125 0.5
vt 0.125 0.5
vt 0.125 0.5
vt 0.0625 0.5
vt 0.75 0.5
vt 0.75 1
vt 0.897373974 0.25
vt 0.971731007 0.341843992
vt 0.886156023 0.306398004
vt 0.6875 1
vt 0.971731007 0.341843992
vt 0.971731007 0.158155993
vt 0.625 0.743053973
vt 0.625 0.726616025
vt 0.625 0.743871987
vt 0.9375 0.5
vt 0.875 0.5
vt 0.875 0.5
vt 0.390778005 0.0365229994
vt 0.609221995 0.0365229994
vt 0.609221995 0.0365229994
vt 0.325091004 0.767305017
vt 0.341331989 0.482196003
vt 0.318242013 0.471621007
vt 0.609221995 0.213477001
vt 0.609221995 0.213477001
vt 0.609221995 0.0365229994
vt 0.25 0.5
vt 0.25 0.5
vt 0.1875 0.5
vt 0.625 0.729583025
vt 0.625 0.729695022
vt 0.625 0.520304978
vt 0.625 0.729695022
vt 0.625 0.75
vt 0.625 0.75
vt 0.841341019 0.421389997
vt 0.894369006 0.382292986
vt 0.919705987 0.419705987
vt 0.625 0.744152009
vt 0.625 0.743053973
vt 0.625 0.743871987
vt 0.0625 0.5
vt 0 1
vt 0.0625 1
vt 0.625 0.732041001
vt 0.625 0.744152009
vt 0.625 0.726616025
vt 0.375 0.75
vt 0.145267993 0.5
vt 0.145267993 0.75
vt 0 0
vt 0.625 0.5
vt 0.625 0.499527991
vt 0.625 0.503203988
vt 0.625 0.50296098
vt 0.625 0.504947007
vt 0.625 0.502837002
vt 0.625 0.503203988
vt 0.625 0.502867997
vt 0.625 0.504947007
vt 0.625 0.504947007
vt 0.625 0.726616025
vt 0.625 0.726616025
vt 0.625 0.736941993
vt 0.625 0.732041001
vt 0.625 0.729695022
vt 0.625 0.729583025
vt 0.625 0.729583025
vt 0.375 0.538461983
vt 0.34375 0.711538017
vt 0.375 0.711538017
vt 0.5 0.5
vt 0.5625 0.5
vt 0.5 0.5
vt 0.375 0.75
vt 0.125 0.75
vt 0.125 0.75
vt 0.555836022 0.108932003
vt 0.52174598 0.324164003
vt 0.52174598 0.175835997
vt 0.824163973 0.0217460003
vt 0.824163973 0.47825399
vt 0.75 0.00999999978
vt 0.675836027 0.0217460003
vt 0.675836027 0.47825399
vt 0.608932018 0.0558359995
vt 0.52174598 0.175835997
vt 0.52174598 0.324164003
vt 0.50999999 0.25
vt 0.5625 0.5
vt 0.5625 0.5
vt 0.625 0.5
vt 0.625 0.736941993
vt 0.625 0.726616025
vt 0.625 0.743053973
vt 0.944163978 0.391068012
vt 0.944163978 0.108932003
vt 0.97825402 0.324164003
vt 0.97825402 0.324164003
vt 0.97825402 0.175835997
vt 0.99000001 0.25
vt 0.9375 1
vt 1 1
vt 1 0.5
vt 0.891067982 0.444164008
vt 0.891067982 0.0558359995
vt 0.944163978 0.391068012
vt 0.625 0.5
vt 0.394988 0.75
vt 0.625 0.75
vt 0.625 0.5
vt 0.625 0.534969985
vt 0.625 0.5
vt 0.675836027 0.0217460003
vt 0.75 0.00999999978
vt 0.75 0.49000001
vt 0.824163973 0.47825399
vt 0.824163973 0.0217460003
vt 0.891067982 0.444164008
vt 0.5 0.25
vt 0.5 0
vt 0.5 0
vt 0.0625 0.5
vt 0.0625 1
vt 0.125 1
vt 0.125 0.5
vt 0.0625 0.5
vt 0.0625 1
vt 0.75 0.00999999978
vt 0.75 0.49000001
vt 0.50999999 0.25
vt 0.824163973 0.0217460003
vt 0.891067982 0.0558359995
vt 0.891067982 0.444164008
vt 0.6875 0.5
vt 0.625 0.5
vt 0.625 1
vt 0.125 0.5
vt 0.0625 1
vt 0.125 1
vt 0.390778005 0.213477001
vt 0.375 0.25
vt 0.609221995 0.213477001
vt 0.5 0.5
vt 0.4375 1
vt 0.5 1
vt 0.875 0.5
vt 0.819450021 1.00319195
vt 0.875 1
vt 0.0625 0.5
vt 0 1
vt 0.0625 1
vt 0.5625 0.979442
vt 0.625 0.5
vt 0.5625 0.5
vt 0.625 1
vt 0.5625 0.5
vt 0.5625 1
vt 0.555836022 0.391068012
vt 0.555836022 0.108932003
vt 0.608932018 0.444164008
vt 0.375 0
vt 0.390778005 0.0365229994
vt 0.625 0
vt 0.528268993 0.158155993
vt 0.613843977 0.193601996
vt 0.602626026 0.25
vt 0.375 0.5
vt 0.4375 1
vt 0.4375 0.5
vt 0.608932018 0.444164008
vt 0.608932018 0.0558359995
vt 0.675836027 0.47825399
vt 0.625 0.5
vt 0.625 0.5
vt 0.625 0.5
vt 0.5625 1
vt 0.25 0.5
vt 0.25 1
vt 0.5 0.5
vt 0.4375 1
vt 0.5 1
vt 0.666666985 1
vt 0.666666985 0.774999976
vt 0.5 0.774999976
vt 0.0625 1
vt 0.0625 0.5
vt 0 0.5
vt 0.0217460003 0.324164003
vt 0.0217460003 0.175835997
vt 0.00999999978 0.25
vt 0.175835997 0.0217460003
vt 0.25 0.49000001
vt 0.25 0.00999999978
vt 0.666666985 1
vt 0.833333015 1
vt 0.833333015 0.774999976
vt 0.75 1
vt 0.75 1
vt 0.875 1
vt 0 0.5
vt 0.0625 0.5
vt 0 0.5
vt 0.625 0.625
vt 0.451941997 0.5
vt 0.625 0.625
vt 0.944163978 0.108932003
vt 0.97825402 0.175835997
vt 0.97825402 0.324164003
vt 0.625 0.503327012
vt 0.625 0.503327012
vt 0.625 0.503327012
vt 0.444164008 0.108932003
vt 0.47825399 0.324164003
vt 0.47825399 0.175835997
vt 0.391068012 0.0558359995
vt 0.444164008 0.391068012
vt 0.444164008 0.108932003
vt 0.375 0.5
vt 0.4375 1
vt 0.4375 0.5
vt 0.528268993 0.158155993
vt 0.645790994 0.145790994
vt 0.613843977 0.193601996
vt 0.625 1
vt 0.5625 0.5
vt 0.5625 1
vt 0.0217460003 0.175835997
vt 0.0217460003 0.324164003
vt 0.0558359995 0.108932003
vt 0.108932003 0.0558359995
vt 0.175835997 0.47825399
vt 0.175835997 0.0217460003
vt 0.855628014 0.5
vt 0.625 0.741070986
vt 0.855628014 0.738094985
vt 0.175835997 0.47825399
vt 0.108932003 0.0558359995
vt 0.108932003 0.444164008
vt 0.108932003 0.444164008
vt 0.108932003 0.0558359995
vt 0.0558359995 0.391068012
vt 0.0421539992 0.370000005
vt 0.25 0.00999999978
vt 0.0421539992 0.129999995
vt 0.166666999 1
vt 0.333332986 1
vt 0.333332986 0.774999976
vt 0.25 0.49000001
vt 0.175835997 0.0217460003
vt 0.175835997 0.47825399
vt 0.99000001 0.25
vt 0.897373974 0.25
vt 0.886156023 0.193601996
vt 0.528268993 0.158155993
vt 0.602626026 0.25
vt 0.50999999 0.25
vt 0.0558359995 0.391068012
vt 0.0558359995 0.108932003
vt 0.0217460003 0.324164003
vt 0.625 0.75
vt 0.625 0.75
vt 0.625 0.75
vt 0.47825399 0.324164003
vt 0.444164008 0.108932003
vt 0.444164008 0.391068012
vt 0.0625 0.5
vt 0.75 1
vt 0.0625 1
vt 0.623604 0.743589997
vt 0.59375 0.75
vt 0.609375 0.748282015
vt 0.6875 0.5
vt 0.625 1
vt 0.6875 1
vt 0.625 0.538461983
vt 0.59375 0.75
vt 0.625 0.711538017
vt 0.625 0.711538017
vt 0.59375 0.75
vt 0.623604 0.743589997
vt 0.40625 0.75
vt 0.375 0.711538017
vt 0.380207986 0.748282015
vt 0.444164008 0.391068012
vt 0.391068012 0.0558359995
vt 0.391068012 0.444164008
vt 0.376396 0.519231021
vt 0.40625 0.5
vt 0.380207986 0.501717985
vt 0.40625 0.5
vt 0.59375 0.75
vt 0.59375 0.5
vt 0.125 0.5
vt 0.0625 1
vt 0.125 1
vt 0.59375 0.5
vt 0.625 0.538461983
vt 0.609375 0.501717985
vt 0.25 1
vt 0.5625 0.5
vt 0.25 0.5
vt 0.380207986 0.748282015
vt 0.375 0.711538017
vt 0.376396 0.730768979
vt 0.50999999 0.25
vt 0.602626026 0.25
vt 0.613843977 0.306398004
vt 0.625 0.534969985
vt 0.625 0.5
vt 0.625 0.534969985
vt 0.0625 1
vt 0.125 0.5
vt 0.0625 0.5
vt 0.625 0.75
vt 0.625 0.75
vt 0.625 0.75
vt 0.6875 0.5
vt 0.625 1
vt 0.6875 1
vt 0.393182009 1
vt 0.378331006 0.748511016
vt 0.375 1
vt 0.75 0.00999999978
vt 0.75 0.102626003
vt 0.693602026 0.113844
vt 0.375 0.711538017
vt 0.40625 0.5
vt 0.375 0.538461983
vt 0.375 0.538461983
vt 0.40625 0.5
vt 0.376396 0.519231021
vt 0.59375 0.75
vt 0.625 0.538461983
vt 0.59375 0.5
vt 0.625 0.75
vt 0.625 0.5
vt 0.625 0.75
vt 0.601850986 0.500528991
vt 0.587499976 0.456726998
vt 0.587499976 0.5
vt 0.400000006 0.239999995
vt 0.603165984 0.253125012
vt 0.600000024 0.239999995
vt 0.609375 0.501717985
vt 0.625 0.538461983
vt 0.623604 0.506410003
vt 0.625 0.714286029
vt 0.625 0.75
vt 0.625 0.535713971
vt 0.574811995 0.743723989
vt 0.428773999 0.5
vt 0.425188005 0.743723989
vt 0.75 0.5
vt 0.6875 0.5
vt 0.6875 0.5
vt 0.59375 0.75
vt 0.40625 0.5
vt 0.40625 0.75
vt 0.625 0.75
vt 0.625 0.726912975
vt 0.625 0.730783999
vt 0.625 0.528881013
vt 0.625 0.535713971
vt 0.625 0.5
vt 0.75 1
vt 0.75 1
vt 0.875 1
vt 0.391068012 0.444164008
vt 0.391068012 0.0558359995
vt 0.324164003 0.47825399
vt 0.625 0.523087025
vt 0.625 0.5
vt 0.625 0.519216001
vt 0.75 0.49000001
vt 0.75 0.397374004
vt 0.806397974 0.386155993
vt 0.625 0.75
vt 0.625 0.730783999
vt 0.625 0.732142985
vt 0.625 0.75
vt 0.625 0.721118987
vt 0.625 0.726912975
vt 0.625 0.75
vt 0.625 0.75
vt 0.625 0.75
vt 0.625 0.75
vt 0.625 0.75
vt 0.625 0.75
vt 0.886156023 0.306398004
vt 0.971731007 0.341843992
vt 0.854209006 0.354209006
vt 0.625 0.519216001
vt 0.625 0.5
vt 0.625 0.517857015
vt 0.625 0.75
vt 0.625 0.732142985
vt 0.625 0.75
vt 0.841844022 0.0282690004
vt 0.806397974 0.113844
vt 0.75 0.102626003
vt 0.625 0.75
vt 0.625 0.732142985
vt 0.625 0.732142985
vt 0.8125 0.5
vt 0.875 1
vt 0.875 0.5
vt 0.25 0.00999999978
vt 0.25 0.49000001
vt 0.324164003 0.0217460003
vt 0.625 0.5
vt 0.625 0.535713971
vt 0.625 0.5
vt 0.625 0.5
vt 0.625 0.535713971
vt 0.625 0.75
vt 0.575182974 0.743718982
vt 0.571226001 0.5
vt 0.574811995 0.743723989
vt 0.0625 1
vt 0.125 0.5
vt 0.0625 0.5
vt 0.625 0.517857015
vt 0.625 0.5
vt 0.625 0.517857015
vt 0.625 0.517857015
vt 0.625 0.5
vt 0.625 0.5
vt 0.625 0.75
vt 0.625 0.75
vt 0.625 0.75
vt 0.1875 0.5
vt 0.125 1
vt 0.1875 1
vt 0.693602026 0.386155993
vt 0.75 0.397374004
vt 0.75 0.397374004
vt 0.625 0.5
vt 0.5625 1
vt 0.625 1
vt 0.624113977 0.00989999995
vt 0.617124975 0.26246801
vt 0.624801993 0.0100029996
vt 0.3125 1
vt 0.25 0.5
vt 0.25 1
vt 0.9375 0.5
vt 1 1
vt 1 0.5
vt 0.5625 1
vt 0.625 0.5
vt 0.5625 0.5
vt 0.342458993 0.75960201
vt 0.341331989 0.482196003
vt 0.341643006 0.759814978
vt 0.25 0.5
vt 0.1875 1
vt 0.25 1
vt 0.625 0.499554992
vt 0.625 0.5
vt 0.625 0.5
vt 0.9375 0.5
vt 0.875 1
vt 0.9375 1
vt 0.75 0.5
vt 0.6875 1
vt 0.75 1
vt 0.75 0.00999999978
vt 0.693602026 0.113844
vt 0.658155978 0.0282690004
vt 0.658155978 0.0282690004
vt 0.693602026 0.113844
vt 0.580294013 0.0802939981
vt 0.625 0.75
vt 0.625 0.5
vt 0.625 0.5
vt 0.625 0.5
vt 0.625 0.75
vt 0.625 0.499527991
vt 0.625 0.75
vt 0.625 0.5
vt 0.625 0.75
vt 0.625 0.5
vt 0.625 0.5
vt 0.625 0.5
vt 0.375 0.75
vt 0.125 0.5
vt 0.125 0.75
vt 0.625 0.5
vt 0.625 0.503203988
vt 0.625 0.504947007
vt 0.625 0.75
vt 0.625 0.732051015
vt 0.625 0.736965001
vt 0.625 0.75
vt 0.625 0.726616025
vt 0.625 0.732051015
vt 0 0
vt 0.625 0.499527991
vt 0.624269009 0.498255014
vt 0.625 0.0119049996
vt 0.624997973 0.25088799
vt 0.624994993 0.254878014
vt 0.625 0.5
vt 0.624269009 0.498255014
vt 0.625 0.75
vt 0.625 0.75
vt 0.625 0.743061006
vt 0.625 0.74387002
vt 0.625 0.503327012
vt 0.625 0.5
vt 0.625 0.503327012
vt 0.125 0.5
vt 0.125 0.5
vt 0.125 0.75
vt 0.125 0.5
vt 0.375 0.5
vt 0.125 0.5
vt 0.625 0.75
vt 0.625 0.736965001
vt 0.625 0.743061006
vt 0.625 0.50296098
vt 0.625 0.5
vt 0.625 0.502837002
vt 0.125 1
vt 0 0.5
vt 0 1
vt 0.625 0.5
vt 0.625 0.50296098
vt 0.625 0.5
vt 0.5 0.5
vt 0.4375 0.5
vt 0.4375 0.5
vt 0.625 0.5
vt 0.625 0.50296098
vt 0.625 0.502837002
vt 0.875 0.5
vt 0.8125 1
vt 0.875 1
vt 0.625 0.5
vt 0.625 0.50296098
vt 0.625 0.503327012
vt 0.806397974 0.386155993
vt 0.75 0.397374004
vt 0.806397974 0.386155993
vt 0.375 0.5
vt 0.4375 1
vt 0.4375 0.5
vt 0.625 0.75
vt 0.625 0.75
vt 0.625 0.5
vt 0.609221995 0.213477001
vt 0.390778005 0.0365229994
vt 0.390778005 0.213477001
vt 0.25 0.5
vt 0.25 1
vt 0.3125 1
vt 0.375 0.578436017
vt 0.125 0.5
vt 0.125 0.578436017
vt 0.375 0.75
vt 0.125 0.5
vt 0.375 0.5
vt 0.625 0.75
vt 0.625 0.5
vt 0.625 0.75
vt 0.625 0.5
vt 0.625 0.5
vt 0.625 0.5
vt 0.625 0.5
vt 0.625 0.5
vt 0.625 0.5
vt 0.625 1
vt 0.625 0.5
vt 0.5625 0.5
vt 0.125 0.5
vt 0.1875 0.979442
vt 0.1875 0.5
vt 0.528268993 0.158155993
vt 0.958724976 0.361308992
vt 0.528268993 0.341843992
vt 0.625 0.729695022
vt 0.625 0.520304978
vt 0.625 0.520304978
vt 0.625 0.25
vt 0.609221995 0.213477001
vt 0.375 0.25
vt 0.4375 0.5
vt 0.375 1
vt 0.4375 1
vt 0.1875 0.979442
vt 0.25 0.5
vt 0.1875 0.5
vt 0.625 0.5
vt 0.625 0.502837002
vt 0.625 0.5
vt 0.625 0.5
vt 0.625 0.502867997
vt 0.625 0.5
vt 0.625 0.5
vt 0.625 0.726616025
vt 0.625 0.75
vt 0.625 0.75
vt 0.625 0.75
vt 0.625 0.744152009
vt 0.625 0.5
vt 0.625 0.50296098
vt 0.625 0.5
vt 0.625 0.5
vt 0.625 0.503327012
vt 0.625 0.5
vt 0.59375 0.78125
vt 0.40625 0.75
vt 0.40625 0.78125
vt 0.9375 1
vt 0.9375 0.5
vt 0.875 0.5
vt 0.4375 0.5
vt 0.375 0.5
vt 0.375 1
vt 0.625 0.75
vt 0.625 0.75
vt 0.625 0.75
vt 0.6875 1
vt 0.625 0.5
vt 0.625 1
vt 0.375 0.5
vt 0.3125 0.5
vt 0.3125 1
vt 0.625 0.5
vt 0.625 0.50296098
vt 0.625 0.5
vt 0.625 0.0119049996
vt 0.625 0.0062119998
vt 0.625 0.0119049996
vt 0.1875 0.5
vt 0.125 0.5
vt 0.125 1
vt 0.75 0.49000001
vt 0.958724976 0.361308992
vt 0.841844022 0.471731007
vt 0.125 0.544642985
vt 0.375 0.5
vt 0.125 0.5
vt 0.625 0.5
vt 0.625 0.502837002
vt 0.625 0.5
vt 0.625 0.744152009
vt 0.625 0.75
vt 0.625 0.744152009
vt 0.5 1
vt 0.5625 0.5
vt 0.5 0.5
vt 0.375 0.75
vt 0.625 0.520833015
vt 0.375 0.5
vt 0.625 0.50296098
vt 0.625 0.5
vt 0.625 0.503327012
vt 0.59375 0.46875
vt 0.40625 0.5
vt 0.59375 0.5
vt 0.537280023 0.549419999
vt 0.539206982 0.547994971
vt 0.451941997 0.5
vt 0.625 0.5
vt 0.589084983 0.549419999
vt 0.593349993 0.553313017
vt 0.680549979 1.00319195
vt 0.6875 0.5
vt 0.678677976 0.50169301
vt 0.580294013 0.0802939981
vt 0.645790994 0.145790994
vt 0.528268993 0.158155993
vt 0.1875 1
vt 0.1875 0.5
vt 0.1875 0.5
vt 0.3125 1
vt 0.3125 0.5
vt 0.3125 1
vt 0.819450021 1.00319195
vt 0.8125 0.5
vt 0.8125 1
vt 0.451941997 0.5
vt 0.375 0.5
vt 0.451941997 0.5
vt 0.625 0.5
vt 0.593349993 0.553313017
vt 0.596307993 0.558631003
vt 0.537280023 0.549419999
vt 0.451941997 0.5
vt 0.539551973 0.553313017
vt 0.4375 0.5
vt 0.375 1
vt 0.4375 1
vt 0.8125 0.979442
vt 0.875 0.5
vt 0.8125 0.5
vt 0.625 0.5
vt 0.58465898 0.547994971
vt 0.589084983 0.549419999
vt 0.620323002 0.617128015
vt 0.625 0.625
vt 0.619772971 0.615704
vt 0.451941997 0.5
vt 0.58465898 0.547994971
vt 0.625 0.5
vt 0.539551973 0.553313017
vt 0.451941997 0.5
vt 0.54537499 0.558631003
vt 0.601850986 0.749471009
vt 0.587499976 0.793272972
vt 0.601850986 0.792847991
vt 0.232465997 0.5
vt 0.366052002 0.5
vt 0.366052985 0.5
vt 0.919705987 0.0802939981
vt 0.854209006 0.145790994
vt 0.841844022 0.0282690004
vt 0.886156023 0.193601996
vt 0.854209006 0.145790994
vt 0.919705987 0.0802939981
vt 0.477981001 0.381309003
vt 0.375 0.25
vt 0.463091999 0.375634015
vt 0.4375 0.5
vt 0.5 0.979442
vt 0.5 0.5
vt 0.625 0.5
vt 0.625 0.5
vt 0.625 0.5
vt 0.375 1
vt 0.375 0.5
vt 0.3125 0.5
vt 0.5 0.5
vt 0.4375 0.5
vt 0.4375 1
vt 0.445055008 0.369194001
vt 0.375 0.25
vt 0.420284986 0.366448998
vt 0.125 1
vt 0.125 0.5
vt 0.0625 0.5
vt 0.6875 1
vt 0.6875 0.5
vt 0.625 0.5
vt 0.232465997 0.75
vt 0.232464999 0.75
vt 0.232464999 0.75
vt 0.625 0.5
vt 0.625 0.502867997
vt 0.625 0.502837002
vt 0.232465997 0.75
vt 0.232465997 0.75
vt 0.232464999 0.75
vt 0.166666999 1
vt -0 0.774999976
vt -0 1
vt 0.4375 1
vt 0.5 1
vt 0.5 0.5
vt 0.5625 1
vt 0.5625 0.5
vt 0.5 0.5
vt 0.625 0.5
vt 0.625 0.5
vt 0.625 0.5
vt 0.25 0.0147089995
vt 0.165147007 0.165147007
vt 0.25 0.129999995
vt 0.125 0.5
vt 0.1875 1
vt 0.1875 0.5
vt 0.375 1
vt 0.3125 0.5
vt 0.3125 1
vt 0.5625 0.5
vt 0.625 1
vt 0.625 0.5
vt 0.375 0.5
vt 0.125 0.5
vt 0.125 0.5
vt 0.591072023 0.354234993
vt 0.603331983 0.25
vt 0.591072023 0.25
vt 0.8125 0.5
vt 0.875 1
vt 0.875 0.5
vt 0.4375 1
vt 0.5 0.5
vt 0.4375 0.5
vt 0.378369987 0.762872994
vt 0.375 0.770492971
vt 0.37539801 0.771535993
vt 0.971731007 0.341843992
vt 0.919705987 0.419705987
vt 0.919705987 0.419705987
vt 0.591268003 0.74495697
vt 0.591809988 0.497514993
vt 0.590658009 0.744926989
vt 0.75 1
vt 0.8125 0.5
vt 0.75 0.5
vt 0.971731007 0.341843992
vt 0.897373974 0.25
vt 0.99000001 0.25
vt 0.0625 1
vt 0.125 0.5
vt 0.0625 0.5
vt 0.25 1
vt 0.3125 0.5
vt 0.25 0.5
vt 0.5 1
vt 0.5625 0.5
vt 0.5 0.5
vt 0.1875 1
vt 0.25 0.5
vt 0.1875 0.5
vt 0.380250007 0.491688013
vt 0.318242013 0.471621007
vt 0.341331989 0.482196003
vt 0.571226001 0.25
vt 0.617124975 0.26246801
vt 0.591809988 0.252485007
vt 0.580294013 0.419705987
vt 0.919705987 0.0802939981
vt 0.919705987 0.419705987
vt 1 0.5
vt 0.9375 0.5
vt 0.9375 1
vt 0.0625 1
vt 0.0625 0.5
vt 0 0.5
vt 0.75 1
vt 0.8125 0.5
vt 0.75 0.5
vt 0.711723983 0.106032997
vt 0.658155978 0.0282690004
vt 0.770605028 0.0830319971
vt 0.375 0.709481001
vt 0.4375 0.709481001
vt 0.4375 0.5
vt 0.485291004 0.25
vt 0.334852993 0.334852993
vt 0.416375995 0.416375995
vt 0.125 0.5
vt 0.125 0.5
vt 0.375 0.5
vt 0.428773999 0.5
vt 0.380250007 0.491688013
vt 0.408190012 0.497514993
vt 0.75 1
vt 0.625 1
vt 0.75 1
vt 0.625 1
vt 0.6875 0.5
vt 0.625 0.5
vt 0.25 0.5
vt 0.3125 1
vt 0.3125 0.5
vt 0.6875 0.5
vt 0.75 1
vt 0.75 0.5
vt 0.625 0.732051015
vt 0.625 0.75
vt 0.625 0.736965001
vt 0.9375 1
vt 1 0.5
vt 0.9375 0.5
vt 0 0.5
vt 0.0625 1
vt 0.0625 0.5
vt 0.408650994 0.00683100009
vt 0.408190012 0.252485007
vt 0.409339011 0.00672800001
vt 0.5 0.5
vt 0.5625 1
vt 0.5625 0.5
vt 0.0625 1
vt 0.125 0.5
vt 0.0625 0.5
vt 0.400000006 0.5
vt 0.433113009 0.403706998
vt 0.358332992 0.491667002
vt 0.99000001 0.25
vt 0.886156023 0.193601996
vt 0.971731007 0.158155993
vt 0.693602026 0.386155993
vt 0.806397974 0.386155993
vt 0.75 0.397374004
vt 0.625 0.5
vt 0.625 0.5
vt 0.625 0.520304978
vt 0.125 0.5
vt 0.1875 1
vt 0.1875 0.5
vt 0.625 0.744152009
vt 0.625 0.743871987
vt 0.625 0.744152009
vt 0.919705987 0.419705987
vt 0.854209006 0.354209006
vt 0.971731007 0.341843992
vt 0 0.5
vt 0.0625 1
vt 0.0625 0.5
vt 0.75 0.5
vt 0.6875 0.5
vt 0.6875 1
vt 0.3125 1
vt 0.375 0.5
vt 0.3125 0.5
vt 0.624049008 0.737138987
vt 0.665325999 0.748362005
vt 0.667506993 0.737138987
vt 0.1875 0.821175992
vt 0.25 1
vt 0.25 0.821177006
vt 0.375 1
vt 0.625 1
vt 0.625 0.760978997
vt 0.641667008 0.491667002
vt 0.591302991 0.378583014
vt 0.591230989 0.37894401
vt 0.1875 0.5
vt 0.25 1
vt 0.25 0.5
vt 0.69275701 0.190900996
vt 0.658155978 0.0282690004
vt 0.711723983 0.106032997
vt 0.625 0.5
vt 0.625 0.520304978
vt 0.625 0.75
vt 0.580294013 0.0802939981
vt 0.758406997 0.354842991
vt 0.75 0.49000001
vt 0 1
vt 0.125 1
vt 0.125 1
vt 0.625 0.266667008
vt 0.591026008 0.308248997
vt 0.591230989 0.30855599
vt 0.5625 1
vt 0.625 0.5
vt 0.5625 0.5
vt 0.875 1
vt 1 1
vt 1 1
vt 0.125 0.5
vt 0.1875 1
vt 0.1875 0.5
vt 0.625 0.503203988
vt 0.625 0.5
vt 0.625 0.504947007
vt 0.625 0.520416975
vt 0.625 0.5
vt 0.625 0.729583025
vt 0.6875 1
vt 0.75 0.5
vt 0.6875 0.5
vt 0.625 0.736965001
vt 0.625 0.75
vt 0.625 0.743059993
vt 0.0625 1
vt 0.125 0.5
vt 0.0625 0.5
vt 0.603165984 0.253125012
vt 0.55054301 0.281432986
vt 0.566525996 0.283721
vt 0.125 0.5
vt 0.1875 1
vt 0.1875 0.5
vt 0.4375 1
vt 0.5 0.5
vt 0.4375 0.5
vt 0.5 1
vt 0.5625 0.5
vt 0.5 0.5
vt 0.400000006 0.5
vt 0.600000024 0.5
vt 0.55054301 0.406067014
vt 0.375 0.5
vt 0.4375 1
vt 0.4375 0.5
vt 0.875 1
vt 0.9375 0.5
vt 0.875 0.5
vt 0.75 0.49000001
vt 0.806397974 0.386155993
vt 0.841844022 0.471731007
vt 0.625 1
vt 0.6875 0.5
vt 0.625 0.5
vt 0.566887021 0.403706998
vt 0.641667008 0.491667002
vt 0.567192972 0.403503001
vt 0.0625 0.5
vt 0 0.5
vt 0 1
vt 0.375 0
vt 0.625 0.25
vt 0.625 0
vt 0.1875 0.5
vt 0.125 0.5
vt 0.125 1
vt 0.375 1
vt 0.375 0.5
vt 0.3125 0.5
vt 0.25 1
vt 0.3125 0.5
vt 0.25 0.5
vt 0.9375 0.5
vt 0.875 1
vt 0.9375 1
vt 0.625 1
vt 0.5 0.5
vt 0.5 1
vt 0.438149989 0.881709993
vt 0.375 1
vt 0.445055008 0.880806029
vt 0.9375 1
vt 0.9375 0.5
vt 0.875 0.5
vt 0.125 1
vt 0.0625 0.5
vt 0.0625 1
vt 0.1875 1
vt 0.25 0.5
vt 0.1875 0.5
vt 0.550903976 0.405995011
vt 0.600000024 0.5
vt 0.566887021 0.403706998
vt 1 1
vt 0.9375 0.5
vt 0.9375 1
vt 0.6875 1
vt 0.75 0.5
vt 0.6875 0.5
vt 0.625 0.625
vt 0.617578983 0.617128015
vt 0.615854025 0.615704
vt 0.5625 0.709481001
vt 0.625 0.5
vt 0.5625 0.5
vt 0.375 1
vt 0.25 0.5
vt 0.25 1
vt 0.625 0.503203988
vt 0.625 0.502867997
vt 0.625 0.5
vt 0.625 1
vt 0.6875 0.5
vt 0.625 0.5
vt 0.971731007 0.341843992
vt 0.99000001 0.25
vt 0.971731007 0.341843992
vt 0.625 0.5
vt 0.625 0.741070986
vt 0.625 0.5
vt 0.625 0.5
vt 0.625 0.5
vt 0.625 0.5
vt 0.841844022 0.471731007
vt 0.806397974 0.386155993
vt 0.919705987 0.419705987
vt 0.625 0.5
vt 0.625 0.5
vt 0.625 0.5
vt 0.625 0.741070986
vt 0.625 0.75
vt 0.625 0.75
vt 0.806397974 0.386155993
vt 0.854209006 0.354209006
vt 0.919705987 0.419705987
vt 0.645790994 0.354209006
vt 0.693602026 0.386155993
vt 0.693602026 0.386155993
vt 0.50999999 0.25
vt 0.580294013 0.419705987
vt 0.528268993 0.341843992
vt 0.625 0.5
vt 0.625 0.5
vt 0.625 0.625
vt 0.625 0.75
vt 0.625 0.75
vt 0.625 0.75
vt 0.9375 0.5
vt 0.875 1
vt 0.9375 1
vt 0.334852993 0.334852993
vt 0.485291004 0.25
vt 0.370000005 0.25
vt 0.50999999 0.25
vt 0.75 0.00999999978
vt 0.580294013 0.419705987
vt 0.625 0.625
vt 0.625 0.5
vt 0.625 0.625
vt 0.625 0.75
vt 0.625 0.75
vt 0.625 0.6875
vt 0.125 1
vt 0.125 0.5
vt 0.0625 0.5
vt 0.75 0.5
vt 0.8125 1
vt 0.8125 0.5
vt 0.645790994 0.354209006
vt 0.613843977 0.306398004
vt 0.645790994 0.354209006
vt 0.4375 1
vt 0.5 0.5
vt 0.4375 0.5
vt 0.4375 1
vt 0.5 1
vt 0.5 0.821175992
vt 0.625 0.75
vt 0.625 0.6875
vt 0.625 0.6875
vt 0.625 0.5
vt 0.625 0.502867997
vt 0.625 0.5
vt 0.971731007 0.158155993
vt 0.886156023 0.193601996
vt 0.919705987 0.0802939981
vt 0.344971001 0.730768979
vt 0.375 0.711538017
vt 0.34375 0.711538017
vt 0.625 0
vt 0.390778005 0.0365229994
vt 0.609221995 0.0365229994
vt 0.9375 0.5
vt 1 1
vt 1 0.5
vt 0.6875 0.5
vt 0.625 0.709481001
vt 0.6875 0.709481001
vt 0.624049008 0.512861013
vt 0.668272972 0.520833015
vt 0.667506993 0.512861013
vt 0.25 1
vt 0.3125 0.5
vt 0.25 0.5
vt 0.886156023 0.193601996
vt 0.854209006 0.145790994
vt 0.854209006 0.145790994
vt 0.375 0.25
vt 0.625 0.489021003
vt 0.625 0.25
vt 0.40625 0.78125
vt 0.380207986 0.748282015
vt 0.379557014 0.779747009
vt 0.693602026 0.113844
vt 0.75 0.102626003
vt 0.693602026 0.113844
vt 0.645790994 0.145790994
vt 0.693602026 0.113844
vt 0.645790994 0.145790994
vt 0.625 0.489021003
vt 0.375 0.25
vt 0.375 0.489021003
vt 0.6875 0.5
vt 0.625 1
vt 0.6875 1
vt 0.886156023 0.306398004
vt 0.854209006 0.354209006
vt 0.886156023 0.306398004
vt 0.595167994 0.163332999
vt 0.595167994 0.0866670012
vt 0.404832006 0.0866670012
vt 0.375 0.5
vt 0.591072023 0.354234993
vt 0.419705987 0.419705987
vt 0.375 0.5
vt 0.125 0.5
vt 0.125 0.5
vt 0.25 0.5
vt 0.1875 0.5
vt 0.1875 0.5
vt 0.25 0.49000001
vt 0.591072023 0.354234993
vt 0.158155993 0.471731007
vt 0.0802939981 0.419705987
vt 0.591072023 0.354234993
vt 0.0282690004 0.341843992
vt 0.841844022 0.0282690004
vt 0.75 0.102626003
vt 0.75 0.00999999978
vt 0.158155993 0.471731007
vt 0.591072023 0.354234993
vt 0.0802939981 0.419705987
vt 0.854209006 0.145790994
vt 0.806397974 0.113844
vt 0.806397974 0.113844
vt 0.693602026 0.113844
vt 0.645790994 0.145790994
vt 0.580294013 0.0802939981
vt 0.375 1
vt 0.5 1
vt 0.5 1
vt 0.625 0.515151978
vt 0.603331983 0.25
vt 0.603331983 0.5
vt 0.625 0.515151978
vt 0.375 0.5
vt 0.625 0.75
vt 0.606406987 0.751408994
vt 0.375 0.5
vt 0.581426978 0.753413975
vt 0.625 0.75
vt 0.375 0.5
vt 0.606406987 0.751408994
vt 0.375 0.5
vt 0.419705987 0.419705987
vt 0.387410998 0.477708995
vt 0.575592995 1
vt 0.375 0.75
vt 0.375 1
vt 0.375 0.5
vt 0.3125 0.5
vt 0.3125 0.5
vt 0.625 0.5
vt 0.625 0.5
vt 0.625 0.5
vt 0.419705987 0.419705987
vt 0.591072023 0.354234993
vt 0.341843992 0.471731007
vt 0.341843992 0.471731007
vt 0.591072023 0.354234993
vt 0.25 0.49000001
vt 0.375 0.75
vt 0.581426978 0.753413975
vt 0.375 0.5
vt 0.4375 1
vt 0.5 0.5
vt 0.4375 0.5
vt 0.3125 0.5
vt 0.375 0.5
vt 0.3125 0.5
vt 0.577269971 0.751074016
vt 0.581426978 0.753413975
vt 0.375 0.75
vt 0.4375 0.5
vt 0.375 1
vt 0.4375 1
vt 0.375 0.5
vt 0.419705987 0.419705987
vt 0.375 0.5
vt 0.658155978 0.0282690004
vt 0.658155978 0.471731007
vt 0.528268993 0.158155993
vt 0.625 0.503327012
vt 0.625 0.50296098
vt 0.625 0.503327012
vt 0.50999999 0.25
vt 0.658155978 0.471731007
vt 0.528268993 0.341843992
vt 0.528268993 0.341843992
vt 0.658155978 0.471731007
vt 0.580294013 0.419705987
vt 0.625 0.5
vt 0.625 0.5
vt 0.625 0.5
vt 0.625 0.5
vt 0.625 0.503203988
vt 0.625 0.5
vt 0.625 0.726616025
vt 0.625 0.504947007
vt 0.625 0.5
vt 0.841844022 0.0282690004
vt 0.658155978 0.471731007
vt 0.658155978 0.0282690004
vt 0.577269971 0.751074016
vt 0.375 0.75
vt 0.575592995 0.75
vt 0.375 0.5
vt 0.375 0.5
vt 0.375 0.5
vt 0.658155978 0.0282690004
vt 0.528268993 0.158155993
vt 0.580294013 0.0802939981
vt 0.971731007 0.158155993
vt 0.841844022 0.0282690004
vt 0.919705987 0.0802939981
vt 0.841844022 0.0282690004
vt 0.658155978 0.0282690004
vt 0.75 0.00999999978
vt 0.624350011 0.979906023
vt 0.625922978 0.750922978
vt 0.625 0.75
vt 0.3125 1
vt 0.375 0.5
vt 0.3125 0.5
vt 0.875 0.5
vt 0.9375 0.5
vt 0.875 0.5
vt 0.625 0.5
vt 0.625 0.5
vt 0.625 0.5
vt 0.528268993 0.158155993
vt 0.658155978 0.471731007
vt 0.50999999 0.25
vt 0.625 0.75
vt 0.625 0.5
vt 0.625 0.5
vt 0.125 0.5
vt 0.125 0.5
vt 0.1875 0.5
vt 0.919705987 0.419705987
vt 0.658155978 0.471731007
vt 0.971731007 0.341843992
vt 1 1
vt 0.9375 0.5
vt 0.9375 1
vt 0.75 0.397374004
vt 0.658155978 0.471731007
vt 0.693602026 0.386155993
vt 0.971731007 0.341843992
vt 0.841844022 0.0282690004
vt 0.99000001 0.25
vt 0.375 0.25
vt 0.423317999 0.244351998
vt 0.375 0.25
vt 0.375 0.5
vt 0.125 0.5
vt 0.125 0.5
vt 0.658155978 0.471731007
vt 0.841844022 0.471731007
vt 0.75 0.49000001
vt 0.625 0.75
vt 0.625 0.5
vt 0.625 0.75
vt 0.841844022 0.471731007
vt 0.658155978 0.471731007
vt 0.919705987 0.419705987
vt 0.99000001 0.25
vt 0.841844022 0.0282690004
vt 0.971731007 0.158155993
vt 0.59375 0.46875
vt 0.609375 0.501717985
vt 0.609375 0.470037997
vt 0.625 0.75
vt 0.625 0.726616025
vt 0.625 0.5
vt 0.625 0.743059993
vt 0.625 0.75
vt 0.625 0.74387002
vt 0.364021003 0.75
vt 0.125 0.5
vt 0.125 0.75
vt 0.9375 0.5
vt 0.875 0.5
vt 0.875 0.5
vt 0.635978997 0.5
vt 0.875 0.75
vt 0.875 0.5
vt 0.875 1
vt 0.9375 0.5
vt 0.875 0.5
vt 0.875 0.5
vt 0.8125 1
vt 0.875 1
vt 0.854209006 0.354209006
vt 0.806397974 0.386155993
vt 0.854209006 0.354209006
vt 0.528268993 0.341843992
vt 0.658155978 0.471731007
vt 0.580294013 0.419705987
vt 0.625 0.736965001
vt 0.625 0.743053973
vt 0.625 0.736941993
vt 0.25 1
vt 0.3125 0.5
vt 0.25 0.5
vt 0.875 0.75
vt 0.625 0.5
vt 0.625 0.75
vt 0.375 0.5
vt 0.375 0.5
vt 0.4375 0.5
vt 0.5625 0.5
vt 0.625 1
vt 0.625 0.5
vt 0.3125 0.5
vt 0.3125 0.5
vt 0.25 0.5
vt 0.125 0.5
vt 0.1875 0.5
vt 0.125 0.5
vt 1 0.5
vt 0.9375 1
vt 1 1
vt 0.400000006 0.5
vt 0.349999994 0.50999999
vt 0.400000006 0.50999999
vt 0.375 0.5
vt 0.625 0.25
vt 0.375 0.25
vt 0.625 0.75
vt 0.625 0.5
vt 0.625 0.5
vt 0.6875 0.5
vt 0.625 1
vt 0.6875 1
vt 0.341843992 0.471731007
vt 0.458725005 0.361308992
vt 0.25 0.49000001
vt 0.6875 0.5
vt 0.625 0.5
vt 0.625 0.5
vt 0.5 1
vt 0.5625 0.5
vt 0.5 0.5
vt 0.625 0.5
vt 0.625 0.5
vt 0.625 0.5
vt 0.75 0.5
vt 0.8125 1
vt 0.8125 0.5
vt 0.875 0.5
vt 0.8125 0.5
vt 0.8125 0.5
vt 0.125 0.5
vt 0.1875 1
vt 0.1875 0.5
vt 0.5625 0.5
vt 0.625 0.5
vt 0.5625 0.5
vt 0.5 0.5
vt 0.4375 1
vt 0.5 1
vt 0.341843992 0.0282690004
vt 0.458725005 0.138690993
vt 0.419705987 0.0802939981
vt 0.394988 0.75
vt 0.5 1
vt 0.625 0.75
vt 0.125 0.533333004
vt 0.375 0.716666996
vt 0.375 0.533333004
vt 0.378331006 0.501488984
vt 0.125 0.516667008
vt 0.375892997 0.516667008
vt 0.375 0.5
vt 0.4375 0.5
vt 0.375 0.5
vt 0.5 0.5
vt 0.5625 0.5
vt 0.5625 0.5
vt 0.655028999 0.744391024
vt 0.625 0.711538017
vt 0.623604 0.743589997
vt 0.9375 0.5
vt 1 0.5
vt 0.9375 0.5
vt 0.944163978 0.108932003
vt 0.944163978 0.391068012
vt 0.891067982 0.0558359995
vt 0.3125 0.5
vt 0.3125 0.5
vt 0.375 0.5
vt 0 1
vt 0.0625 0.5
vt 0 0.5
vt 0.4375 0.5
vt 0.5 0.5
vt 0.4375 0.5
vt 0.393182009 1
vt 0.5 1
vt 0.394988 0.75
vt 0.0625 0.5
vt 0.125 0.5
vt 0.125 0.5
vt 0.8125 0.5
vt 0.875 0.5
vt 0.875 0.5
vt 0.9375 1
vt 0.875 0.5
vt 0.875 1
vt 0.8125 0.5
vt 0.875 0.5
vt 0.8125 0.5
vt 0.375 1
vt 0.3125 0.5
vt 0.3125 1
vt 0.8125 0.5
vt 0.75 1
vt 0.8125 1
vt 0.375 0.5
vt 0.4375 0.5
vt 0.375 0.5
vt 0.75 0.00999999978
vt 0.919705987 0.0802939981
vt 0.658155978 0.0282690004
vt 0.8125 1
vt 0.75 0.5
vt 0.75 1
vt 0.625 0.5
vt 0.6875 0.5
vt 0.625 0.5
vt 0.375 0.5
vt 0.4375 0.5
vt 0.375 0.5
vt 0.6875 0.5
vt 0.75 1
vt 0.75 0.5
vt 0.99000001 0.25
vt 0.919705987 0.0802939981
vt 0.971731007 0.158155993
vt 0.6875 0.5
vt 0.75 1
vt 0.75 0.5
vt 0.75 0.49000001
vt 0.919705987 0.419705987
vt 0.841844022 0.471731007
vt 0.625 0.534969985
vt 0.625 0.503126979
vt 0.625 0.5
vt 0.875 1
vt 0.9375 0.5
vt 0.875 0.5
vt 0.125 0.5
vt 0.0625 0.5
vt 0.0625 0.5
vt 0.375 0.979442
vt 0.4375 0.5
vt 0.375 0.5
vt 0.75 0.5
vt 0.8125 0.5
vt 0.75 0.5
vt 0.0625 0.5
vt 0.125 0.5
vt 0.125 0.5
vt 0.5625 0.5
vt 0.625 0.5
vt 0.5625 0.5
vt 0.3125 0.5
vt 0.375 0.5
vt 0.375 0.5
vt 0.625 0.00596000021
vt 0.625 0.0119049996
vt 0.625 0.0119049996
vt 0.125 0.5
vt 0.0625 1
vt 0.125 1
vt 0.5625 0.5
vt 0.5 0.5
vt 0.5 0.5
vt 0.3125 0.5
vt 0.375 0.5
vt 0.375 0.5
vt 0.875 0.5
vt 0.625 0.75
vt 0.875 0.75
vt 0.1875 0.5
vt 0.25 0.5
vt 0.1875 0.5
vt 0.875 0.5
vt 0.875 0.5
vt 0.8125 0.5
vt 0.8125 0.5
vt 0.75 0.5
vt 0.75 0.5
vt 0.625 0.5
vt 0.6875 0.5
vt 0.6875 0.5
vt 0.625 0.520537019
vt 0.625 0.503126979
vt 0.625 0.534969985
vt 0.625 0.50296098
vt 0.625 0.502837002
vt 0.625 0.502837002
vt 0.658155978 0.471731007
vt 0.75 0.397374004
vt 0.75 0.49000001
vt 0.375 0.25
vt 0.404832006 0.0866670012
vt 0.375 0
vt 0.75 0.5
vt 0.6875 0.5
vt 0.6875 0.5
vt 0.625 0.0119049996
vt 0.376971006 0.205357
vt 0.625 0.25
vt 0.625 0.25
vt 0.376971006 0.205357
vt 0.375 0.25
vt 0.376971006 0.0446429998
vt 0.625 0.0119049996
vt 0.375 0
vt 0.375 0
vt 0.625 0.0119049996
vt 0.618322015 0.990965009
vt 0.601850986 0.749471009
vt 0.622052014 0.79163599
vt 0.621339023 0.747965991
vt 0.375 0.25
vt 0.376971006 0.205357
vt 0.375 0.205357
vt 0.125 0.75
vt 0.375 0.5
vt 0.125 0.5
vt 0.376971006 0.0446429998
vt 0.375 0
vt 0.375 0.0446429998
vt 0.580294013 0.419705987
vt 0.919705987 0.419705987
vt 0.658155978 0.471731007
vt 0.375 0
vt 0.600077987 0.96628201
vt 0.575156987 0.93256402
vt 0.25 0.5
vt 0.1875 0.5
vt 0.1875 0.5
vt 0.875 0.5
vt 0.8125 1
vt 0.875 1
vt 0.625 0.502837002
vt 0.625 0.50296098
vt 0.625 0.50296098
vt 0.25 0.5
vt 0.3125 0.5
vt 0.3125 0.5
vt 0.375 0
vt 0.618322015 0.990965009
vt 0.600077987 0.96628201
vt 0.625 0.5
vt 0.5625 0.5
vt 0.5625 0.5
vt 0 0.5
vt 0.0625 0.5
vt 0 0.5
vt 0.3125 1
vt 0.375 1
vt 0.375 0.5
vt 0.580294013 0.419705987
vt 0.919705987 0.0802939981
vt 0.919705987 0.419705987
vt 0.6875 0.5
vt 0.75 0.5
vt 0.6875 0.5
vt 0.875 0.5
vt 0.9375 0.5
vt 0.875 0.5
vt 0.4375 0.5
vt 0.5 0.5
vt 0.4375 0.5
vt 0.599696994 0.481546998
vt 0.625 0.5
vt 0.587554991 0.469639003
vt 0.841844022 0.0282690004
vt 0.854209006 0.145790994
vt 0.806397974 0.113844
vt 0.5625 0.5
vt 0.5 0.5
vt 0.5 0.5
vt 0.433005989 0.545655012
vt 0.433005989 0.713227987
vt 0.625 0.625
vt 0.625 0.5
vt 0.625 0.5
vt 0.625 0.5
vt 0.375 0.5
vt 0.3125 0.5
vt 0.3125 0.5
vt 0.125 0.5
vt 0.1875 0.5
vt 0.125 0.5
vt 0.6875 0.5
vt 0.75 0.5
vt 0.6875 0.5
vt 0.625 0.75
vt 0.5 1
vt 0.625 1
vt 0.375 0.533333004
vt 0.378331006 0.501488984
vt 0.375892997 0.516667008
vt 0.390778005 0.213477001
vt 0.609221995 0.213477001
vt 0.390778005 0.213477001
vt 0.25 0.5
vt 0.1875 0.5
vt 0.1875 0.5
vt 0.5625 0.5
vt 0.5 0.5
vt 0.5 0.5
vt 0.580294013 0.419705987
vt 0.958724976 0.361308992
vt 0.658155978 0.471731007
vt 0.625 0.5
vt 0.618308008 0.494646013
vt 0.607128978 0.485702991
vt 0.348307014 0.748497009
vt 0.380207986 0.748282015
vt 0.376396 0.730768979
vt 0.1875 0.5
vt 0.125 1
vt 0.1875 1
vt 0.6875 0.5
vt 0.75 0.5
vt 0.6875 0.5
vt 0.580294013 0.419705987
vt 0.645790994 0.354209006
vt 0.658155978 0.471731007
vt 0.0625 1
vt 0.0625 0.5
vt 0 0.5
vt 0.1875 0.5
vt 0.25 0.5
vt 0.1875 0.5
vt 0.625 0.503203988
vt 0.625 0.504947007
vt 0.625 0.504947007
vt 0.625 0.5
vt 0.6875 0.5
vt 0.625 0.5
vt 0.528268993 0.158155993
vt 0.528268993 0.341843992
vt 0.528268993 0.341843992
vt 0.587554991 0.469639003
vt 0.625 0.5
vt 0.568683982 0.450688004
vt 0.125 0.5
vt 0.1875 0.5
vt 0.125 0.5
vt 0.0625 0.5
vt 0 0.5
vt 0 0.5
vt 0.841844022 0.471731007
vt 0.958724976 0.361308992
vt 0.919705987 0.419705987
vt 0.958724976 0.138690993
vt 0.958724976 0.361308992
vt 0.528268993 0.341843992
vt 0.4375 0.5
vt 0.375 0.5
vt 0.375 0.5
vt 0.1875 0.5
vt 0.1875 0.5
vt 0.125 0.5
vt 0.625 0.625
vt 0.433005989 0.713227987
vt 0.625 0.6875
vt 0.3125 1
vt 0.375 0.5
vt 0.3125 0.5
vt 0.3125 0.5
vt 0.375 0.5
vt 0.3125 0.5
vt 0.75 0.00999999978
vt 0.958724976 0.138690993
vt 0.658155978 0.0282690004
vt 0.3125 0.5
vt 0.375 0.5
vt 0.375 0.5
vt 0.0625 0.5
vt 0 0.5
vt 0 0.5
vt 0.9375 0.5
vt 1 0.5
vt 0.9375 0.5
vt 0.625 0.5
vt 0.603994012 0.486492991
vt 0.625 0.5
vt 0.25 0.5
vt 0.3125 0.5
vt 0.25 0.5
vt 0.625 0.5
vt 0.5625 0.5
vt 0.5625 0.5
vt 0.841844022 0.471731007
vt 0.958724976 0.361308992
vt 0.919705987 0.419705987
vt 0.658155978 0.0282690004
vt 0.919705987 0.0802939981
vt 0.580294013 0.0802939981
vt 0.693602026 0.386155993
vt 0.693602026 0.386155993
vt 0.75 0.397374004
vt 0.1875 0.5
vt 0.125 0.5
vt 0.125 0.5
vt 0.658155978 0.471731007
vt 0.958724976 0.361308992
vt 0.75 0.49000001
vt 0.4375 1
vt 0.5 1
vt 0.5 0.5
vt 0.451941997 0.75
vt 0.433005989 0.713227987
vt 0.375 0.75
vt 0.99000001 0.25
vt 0.919705987 0.0802939981
vt 0.971731007 0.158155993
vt 0.9375 0.5
vt 0.875 0.5
vt 0.875 0.5
vt 0.364021003 0.75
vt 0.125 0.5
vt 0.125 0.75
vt 0.580294013 0.419705987
vt 0.919705987 0.419705987
vt 0.658155978 0.471731007
vt 0.658155978 0.471731007
vt 0.841844022 0.0282690004
vt 0.971731007 0.341843992
vt 0.25 0.5
vt 0.3125 0.5
vt 0.25 0.5
vt 0.625 0.6875
vt 0.433005989 0.713227987
vt 0.451941997 0.75
vt 0.625 0.5
vt 0.625 0.5
vt 0.5625 0.5
vt 0.9375 0.5
vt 1 0.5
vt 0.9375 0.5
vt 0.625 0.5
vt 0.6875 0.5
vt 0.625 0.5
vt 0.75 0.5
vt 0.6875 0.5
vt 0.6875 0.5
vt 0.625 0.5
vt 0.6875 0.5
vt 0.625 0.5
vt 0.625 0.5
vt 0.575079978 0.460063994
vt 0.625 0.5
vt 0.1875 0.5
vt 0.25 0.5
vt 0.1875 0.5
vt 0.375 0.5
vt 0.433005989 0.545655012
vt 0.451941997 0.5
vt 0.8125 0.5
vt 0.75 0.5
vt 0.75 0.5
vt 0.1875 0.5
vt 0.25 1
vt 0.25 0.5
vt 0.0625 0.5
vt 0.125 0.5
vt 0.0625 0.5
vt 0.125 0.5
vt 0.1875 0.5
vt 0.125 0.5
vt 0.875 0.5
vt 0.8125 0.5
vt 0.8125 0.5
vt 0.75 0.5
vt 0.75 0.5
vt 0.6875 0.5
vt 0.9375 0.5
vt 0.9375 0.5
vt 0.875 0.5
vt 0.806397974 0.386155993
vt 0.886156023 0.193601996
vt 0.886156023 0.306398004
vt 0.841844022 0.0282690004
vt 0.835264027 0.0933649987
vt 0.75 0.00999999978
vt 0.25 0.5
vt 0.1875 0.5
vt 0.1875 0.5
vt 0.625 0.5
vt 0.616819978 0.493456006
vt 0.625 0.5
vt 0.344971001 0.519231021
vt 0.375 0.538461983
vt 0.376396 0.519231021
vt 0.0625 0.5
vt 0 0.5
vt 0 0.5
vt 0.593737006 0.47499001
vt 0.616819978 0.493456006
vt 0.625 0.5
vt 0.625 0.5
vt 0.607128978 0.485702991
vt 0.591049016 0.472838998
vt 0.4375 0.5
vt 0.375 0.5
vt 0.375 0.5
vt 0.658155978 0.471731007
vt 0.786309004 0.435099989
vt 0.75 0.49000001
vt 0.6875 1
vt 0.75 0.5
vt 0.6875 0.5
vt 0.0147089995 0.25
vt 0.165147007 0.165147007
vt 0.0836239979 0.0836239979
vt 0.3125 1
vt 0.375 1
vt 0.375 0.5
vt 0.875 0.5
vt 0.9375 0.5
vt 0.875 0.5
vt 0.8125 0.5
vt 0.875 0.5
vt 0.875 0.5
vt 0.603165984 0.253125012
vt 0.625 0.266667008
vt 0.625 0.239999995
vt 0.3125 0.5
vt 0.25 0.5
vt 0.25 0.5
vt 0.625 0.5
vt 0.593737006 0.47499001
vt 0.625 0.5
vt 0.625 0.5
vt 0.591049016 0.472838998
vt 0.0220759995 0.0176609997
vt 0.625 0.5
vt 0.625 0.5
vt 0.625 0.5
vt 0.602626026 0.25
vt 0.613843977 0.193601996
vt 0.613843977 0.193601996
vt 0.0625 0.5
vt 0.125 0.5
vt 0.0625 0.5
vt 0.75 0.5
vt 0.8125 0.5
vt 0.75 0.5
vt 0.625 0.5
vt 0.6875 0.5
vt 0.625 0.5
vt 0.75 0.821177006
vt 0.8125 1
vt 0.8125 0.821175992
vt 0 0.5
vt 0.9375 0.5
vt 0.9375 0.5
vt 0.75 0.5
vt 0.6875 0.5
vt 0.6875 0.5
vt 0.649999976 0.50999999
vt 0.850000024 0.5
vt 0.641667008 0.491667002
vt 0.8125 1
vt 0.875 0.821177006
vt 0.8125 0.821175992
vt 0.875 0.5
vt 0.8125 0.5
vt 0.8125 0.5
vt 0.5 1
vt 0.5625 0.5
vt 0.5 0.5
vt 0.625 0.75
vt 0.625 0.715029001
vt 0.625 0.717471004
vt 0.375 0.75
vt 0.125 0.705357015
vt 0.125 0.75
vt 0.75 0.5
vt 0.8125 0.5
vt 0.75 0.5
vt 0.5625 0.5
vt 0.5 0.5
vt 0.5 0.5
vt 0.6875 0.5
vt 0.6875 0.5
vt 0.625 0.5
vt 0.625 0.715029001
vt 0.625 0.75
vt 0.625 0.715029001
vt 0.390778005 0.0365229994
vt 0.375 0.25
vt 0.390778005 0.213477001
vt 0.8125 0.5
vt 0.8125 0.5
vt 0.75 0.5
vt 0.0625 0.5
vt 0.0625 0.5
vt 0 0.5
vt 0.3125 1
vt 0.375 1
vt 0.375 0.5
vt 0.875 0.5
vt 0.819450021 1.00319195
vt 0.875 1
vt 0.841844022 0.471731007
vt 0.841844022 0.0282690004
vt 0.971731007 0.341843992
vt 0.625 0.743871987
vt 0.625 0.743061006
vt 0.625 0.743053973
vt 0.575592995 1
vt 0.575592995 0.75
vt 0.575592995 1
vt 0.5625 1
vt 0.625 1
vt 0.625 0.5
vt 0.25 0.5
vt 0.1875 1
vt 0.25 1
vt 0 1
vt 0.0625 0.5
vt 0 0.5
vt 0.442544013 0.5
vt 0.442544013 0.75
vt 0.442544013 0.75
vt 0.1875 0.5
vt 0.125 1
vt 0.1875 1
vt 0.25 0.5
vt 0.1875 1
vt 0.25 1
vt 0.591072023 0.354234993
vt 0.625 0.515151978
vt 0.603331983 0.5
vt 0.6875 0.5
vt 0.6875 1
vt 0.75 1
vt 0.25 0.5
vt 0.3125 1
vt 0.3125 0.5
vt 0.625 0.5
vt 0.625 0.5
vt 0.625 0.5
vt 0.886156023 0.193601996
vt 0.693602026 0.113844
vt 0.806397974 0.113844
vt 0.613843977 0.306398004
vt 0.886156023 0.193601996
vt 0.693602026 0.386155993
vt 0.125 0.5
vt 0.0625 0.5
vt 0.0625 0.5
vt 0.623646021 0.371883005
vt 0.625 0.442954004
vt 0.565604985 0.442954004
vt 0.625 0.502867997
vt 0.625 0.503203988
vt 0.625 0.503203988
vt 0.375 0.5
vt 0.125 0.75
vt 0.375 0.75
vt 0.25 0.5
vt 0.1875 1
vt 0.25 1
vt 0.875 0.5
vt 0.8125 1
vt 0.875 1
vt 0.0625 0.5
vt 0 0.5
vt 1 0.5
vt 0.5 0.821175992
vt 0.5625 1
vt 0.5625 0.821175992
vt 0.625 0.736965001
vt 0.625 0.732041001
vt 0.625 0.736941993
vt 0.800100982 0.743694007
vt 0.789864004 0.5
vt 0.799564004 0.743723989
vt 0.971731007 0.341843992
vt 0.528268993 0.341843992
vt 0.971731007 0.158155993
vt 0.806397974 0.113844
vt 0.75 0.102626003
vt 0.75 0.102626003
vt 0.875 1
vt 0.9375 1
vt 0.9375 0.5
vt 0.75 1
vt 0.8125 0.5
vt 0.75 0.5
vt 0.5 1
vt 0.5625 1
vt 0.5625 0.5
vt 0.375 0.5
vt 0.125 0.5
vt 0.375 0.5
vt 0.50999999 0.25
vt 0.580294013 0.419705987
vt 0.528268993 0.341843992
vt 0.658155978 0.0282690004
vt 0.528268993 0.341843992
vt 0.580294013 0.0802939981
vt 0.841844022 0.471731007
vt 0.971731007 0.341843992
vt 0.919705987 0.419705987
vt 0.971731007 0.341843992
vt 0.971731007 0.158155993
vt 0.99000001 0.25
vt 0.125 0.5
vt 0.1875 1
vt 0.1875 0.5
vt 0.8125 0.5
vt 0.8125 1
vt 0.875 1
vt 1 0.5
vt 0.9375 1
vt 1 1
vt 0.580294013 0.419705987
vt 0.841844022 0.471731007
vt 0.658155978 0.471731007
vt 0.658155978 0.471731007
vt 0.841844022 0.471731007
vt 0.75 0.49000001
vt 0.625 0.75
vt 0.587554991 0.780360997
vt 0.568683982 0.799311996
vt 0.886156023 0.306398004
vt 0.886156023 0.193601996
vt 0.897373974 0.25
vt 0.580294013 0.0802939981
vt 0.528268993 0.341843992
vt 0.528268993 0.158155993
vt 0.625 0.75
vt 0.442544013 0.75
vt 0.625 0.75
vt 0.971731007 0.158155993
vt 0.841844022 0.0282690004
vt 0.919705987 0.0802939981
vt 0.0836239979 0.0836239979
vt 0.25 0.129999995
vt 0.25 0.0147089995
vt 0.841844022 0.0282690004
vt 0.971731007 0.158155993
vt 0.75 0.00999999978
vt 0.599696994 0.768453002
vt 0.625 0.75
vt 0.603994012 0.763507009
vt 0.5625 0.821175992
vt 0.625 1
vt 0.625 0.821177006
vt 0.658155978 0.471731007
vt 0.841844022 0.471731007
vt 0.75 0.49000001
vt 1 0.5
vt 0 0.5
vt 0.9375 0.5
vt 0.625495017 0.744047999
vt 0.855628014 0.738094985
vt 0.625 0.741070986
vt 0.9375 0.5
vt 0.875 1
vt 0.9375 1
vt 0.75 0.00999999978
vt 0.971731007 0.158155993
vt 0.658155978 0.0282690004
vt 0.528268993 0.158155993
vt 0.528268993 0.341843992
vt 0.50999999 0.25
vt 0.971731007 0.341843992
vt 0.971731007 0.158155993
vt 0.99000001 0.25
vt 0.841844022 0.471731007
vt 0.658155978 0.0282690004
vt 0.971731007 0.158155993
vt 0.603994012 0.763507009
vt 0.625 0.75
vt 0.599605978 0.764155984
vt 0.875 0.5
vt 0.9375 1
vt 0.9375 0.5
vt 0.625 0.75
vt 0.568683982 0.799311996
vt 0.575156987 0.93256402
vt 0 0.821175992
vt 0.0625 1
vt 0.0625 0.821175992
vt 0.575156987 0.93256402
vt 0.568683982 0.799311996
vt 0.543766975 0.823409975
vt 0.125 1
vt 0.25 1
vt 0.25 1
vt 0.4375 0.5
vt 0.375 1
vt 0.4375 1
vt 0.625 0.821177006
vt 0.6875 1
vt 0.6875 0.821177006
vt 0.625 0.5
vt 0.625 0.5
vt 0.625 0.5
vt 0.99000001 0.25
vt 0.75 0.00999999978
vt 0.971731007 0.158155993
vt 0.875 1
vt 0.9375 0.821177006
vt 0.875 0.821177006
vt 0.580294013 0.419705987
vt 0.75 0.49000001
vt 0.658155978 0.471731007
vt 0.806397974 0.386155993
vt 0.886156023 0.306398004
vt 0.854209006 0.354209006
vt 0.8125 0.5
vt 0.75 1
vt 0.8125 1
vt 0.528268993 0.341843992
vt 0.841844022 0.471731007
vt 0.580294013 0.419705987
vt 0.919705987 0.0802939981
vt 0.891524017 0.130584002
vt 0.835264027 0.0933649987
vt 0.625 0.502867997
vt 0.625 0.503203988
vt 0.625 0.503203988
vt 0.919705987 0.0802939981
vt 0.580294013 0.419705987
vt 0.580294013 0.0802939981
vt 0.125 0.5
vt 0.375 0.5
vt 0.125 0.5
vt 0.778099 0.416485995
vt 0.971731007 0.341843992
vt 0.868834972 0.376646012
vt 0.786309004 0.435099989
vt 0.658155978 0.471731007
vt 0.778099 0.416485995
vt 0.971731007 0.158155993
vt 0.929620981 0.187791005
vt 0.891524017 0.130584002
vt 0.75 0.49000001
vt 0.786309004 0.435099989
vt 0.841844022 0.471731007
vt 0.971731007 0.341843992
vt 0.778099 0.416485995
vt 0.658155978 0.471731007
vt 0.868834972 0.376646012
vt 0.919705987 0.419705987
vt 0.875873983 0.389842987
vt 0.841341019 0.421389997
vt 0.841844022 0.471731007
vt 0.786309004 0.435099989
vt 0.125 0.75
vt 0.125 0.75
vt 0.125 0.578436017
vt 0.971731007 0.158155993
vt 0.943387985 0.255825013
vt 0.929620981 0.187791005
vt 0.971731007 0.341843992
vt 0.930806994 0.324146986
vt 0.943387985 0.255825013
vt 0.613843977 0.306398004
vt 0.693602026 0.386155993
vt 0.645790994 0.354209006
vt 0.232464999 0.5
vt 0.366052985 0.5
vt 0.366178006 0.746132016
vt 0.625 0.75
vt 0.625 0.746873021
vt 0.625 0.75
vt 0.665325999 0.501637995
vt 0.621339023 0.502034009
vt 0.624049008 0.512861013
vt 0.602626026 0.25
vt 0.693602026 0.113844
vt 0.613843977 0.306398004
vt 0.599605978 0.764155984
vt 0.625 0.75
vt 0.586457014 0.768308997
vt 0.9375 0.5
vt 1 1
vt 1 0.5
vt 0.232465997 0.75
vt 0.366178006 0.746132016
vt 0.365969986 0.75
vt 0.232464999 0.75
vt 0.232464999 0.75
vt 0.365998 0.75
vt 0 0.5
vt 0 1
vt 0.0625 1
vt 0.600003004 0.5
vt 0.600003004 0.5
vt 0.59344101 0.5
vt 0.418734998 0.09375
vt 0.375 0.09375
vt 0.375 0.100694001
vt 0.418734998 0.09375
vt 0.375 0.100694001
vt 0.418734998 0.100694001
vt 0.593685985 0.5
vt 0.59344101 0.5
vt 0.600003004 0.5
vt 0.589590013 0.5
vt 0.589217007 0.5
vt 0.593685985 0.5
vt 0.595703006 0.469435006
vt 0.594654024 0.482441008
vt 0.612379014 0.489686012
vt 0.589217007 0.5
vt 0.58910501 0.5
vt 0.59344101 0.5
vt 0.623892009 0.50237602
vt 0.639675975 0.503404021
vt 0.639267981 0.502394974
vt 0.590144992 0.483278006
vt 0.589590013 0.5
vt 0.593770027 0.5
vt 0.622999012 0.501771986
vt 0.639267981 0.502394974
vt 0.620679975 0.482769012
vt 0.600003004 0.5
vt 0.623892009 0.50237602
vt 0.622999012 0.501771986
vt 0.622999012 0.501771986
vt 0.612379014 0.489686012
vt 0.600003004 0.5
vt 0.58910501 0.5
vt 0.589217007 0.5
vt 0.399726003 0.500108004
vt 0.593420029 0.5
vt 0.59344101 0.5
vt 0.58910501 0.5
vt 0.623892009 0.50237602
vt 0.600003004 0.5
vt 0.600003004 0.5
vt 0.639675975 0.503404021
vt 0.875 0.508534014
vt 0.875 0.505267978
vt 0.591108024 0.471491992
vt 0.590144992 0.483278006
vt 0.594654024 0.482441008
vt 0.593770027 0.5
vt 0.600003004 0.5
vt 0.599147022 0.495768994
vt 0.58910501 0.5
vt 0.399996996 0.5
vt 0.399996996 0.5
vt 0.399996996 0.5
vt 0.600003004 0.5
vt 0.61322701 0.503216028
vt 0.61322701 0.503216028
vt 0.626452029 0.506431997
vt 0.623969018 0.50632602
vt 0.61322701 0.503216028
vt 0.623969018 0.50632602
vt 0.597365022 0.5
vt 0.58910501 0.5
vt 0.399996996 0.5
vt 0.61322701 0.503216028
vt 0.61322701 0.503216028
vt 0.597365022 0.5
vt 0.593420029 0.5
vt 0.593420029 0.5
vt 0.58910501 0.5
vt 0.61322701 0.503216028
vt 0.639675975 0.503404021
vt 0.623892009 0.50237602
vt 0.623969018 0.50632602
vt 0.600003004 0.5
vt 0.59344101 0.5
vt 0.593420029 0.5
vt 0.639267981 0.502394974
vt 0.875 0.505267978
vt 0.875 0.5
vt 0.594654024 0.482441008
vt 0.593770027 0.5
vt 0.599147022 0.495768994
vt 0.592042029 0.530131996
vt 0.600003004 0.75
vt 0.600003004 0.5
vt 0.592042029 0.530131996
vt 0.600003004 0.5
vt 0.592042029 0.524981976
vt 0.593685985 0.5
vt 0.600003004 0.5
vt 0.593770027 0.5
vt 0.590883017 0.729664028
vt 0.584535003 0.735472977
vt 0.584535003 0.736533999
vt 0.590883017 0.729664028
vt 0.584535003 0.736533999
vt 0.592042029 0.729664028
vt 0.584535003 0.514527023
vt 0.584535003 0.513466001
vt 0.579456985 0.513466001
vt 0.584535003 0.514527023
vt 0.579456985 0.513466001
vt 0.579456985 0.513737977
vt 0.589590013 0.5
vt 0.593685985 0.5
vt 0.593770027 0.5
vt 0.623892009 0.50237602
vt 0.639267981 0.502394974
vt 0.622999012 0.501771986
vt 0.418734998 0.178819001
vt 0.375 0.178819001
vt 0.375 0.185764
vt 0.418734998 0.178819001
vt 0.375 0.185764
vt 0.418734998 0.185764
vt 0.595703006 0.469435006
vt 0.612379014 0.489686012
vt 0.620679975 0.482769012
vt 0.593685985 0.5
vt 0.600003004 0.5
vt 0.600003004 0.5
vt 0.590144992 0.483278006
vt 0.593770027 0.5
vt 0.594654024 0.482441008
vt 0.418734998 0.100694001
vt 0.375 0.100694001
vt 0.375 0.149305999
vt 0.418734998 0.100694001
vt 0.375 0.149305999
vt 0.418734998 0.149305999
vt 0.589217007 0.5
vt 0.59344101 0.5
vt 0.593685985 0.5
vt 0.622999012 0.501771986
vt 0.620679975 0.482769012
vt 0.612379014 0.489686012
vt 0.600003004 0.5
vt 0.622999012 0.501771986
vt 0.600003004 0.5
vt 0.399726003 0.500108004
vt 0.399996996 0.5
vt 0.58910501 0.5
vt 0.396275997 0.494356006
vt 0.39892 0.500262976
vt 0.589590013 0.5
vt 0.396275997 0.494356006
vt 0.589590013 0.5
vt 0.590144992 0.483278006
vt 0.593420029 0.5
vt 0.58910501 0.5
vt 0.58910501 0.5
vt 0.611168027 0.25
vt 0.591108024 0.471491992
vt 0.595703006 0.469435006
vt 0.611168027 0.25
vt 0.595703006 0.469435006
vt 0.616460979 0.249782994
vt 0.623892009 0.50237602
vt 0.600003004 0.5
vt 0.623969018 0.50632602
vt 0.639675975 0.503404021
vt 0.875 0.505267978
vt 0.639267981 0.502394974
vt 0.591108024 0.471491992
vt 0.594654024 0.482441008
vt 0.595703006 0.469435006
vt 0.407958001 0.719866991
vt 0.407958001 0.719868004
vt 0.407958001 0.725018024
vt 0.407958001 0.719866991
vt 0.407958001 0.725018024
vt 0.408255011 0.725018024
vt 0.592042029 0.719866991
vt 0.591745019 0.725018024
vt 0.592042029 0.725018024
vt 0.592042029 0.719866991
vt 0.592042029 0.725018024
vt 0.592042029 0.719866991
vt 0.590883017 0.729664028
vt 0.591745019 0.725018024
vt 0.592042029 0.719866991
vt 0.592042029 0.719866991
vt 0.592042029 0.530131996
vt 0.591745019 0.524981976
vt 0.591745019 0.524981976
vt 0.590883017 0.520335972
vt 0.584535003 0.514527023
vt 0.584535003 0.514527023
vt 0.579456985 0.513737977
vt 0.573828995 0.513466001
vt 0.573828995 0.513466001
vt 0.426171005 0.513466001
vt 0.420542985 0.513737977
vt 0.420542985 0.513737977
vt 0.415464997 0.514527023
vt 0.409117013 0.520335972
vt 0.409117013 0.520335972
vt 0.408255011 0.524981976
vt 0.407958001 0.530131996
vt 0.407958001 0.530131996
vt 0.407958001 0.719866991
vt 0.408255011 0.725018024
vt 0.408255011 0.725018024
vt 0.409117013 0.729664028
vt 0.415464997 0.735472977
vt 0.415464997 0.735472977
vt 0.420542985 0.736262023
vt 0.426171005 0.736533999
vt 0.426171005 0.736533999
vt 0.573828995 0.736533999
vt 0.579456985 0.736262023
vt 0.579456985 0.736262023
vt 0.584535003 0.735472977
vt 0.590883017 0.729664028
vt 0.590883017 0.729664028
vt 0.592042029 0.719866991
vt 0.591745019 0.524981976
vt 0.591745019 0.524981976
vt 0.584535003 0.514527023
vt 0.573828995 0.513466001
vt 0.573828995 0.513466001
vt 0.420542985 0.513737977
vt 0.409117013 0.520335972
vt 0.409117013 0.520335972
vt 0.407958001 0.530131996
vt 0.408255011 0.725018024
vt 0.408255011 0.725018024
vt 0.415464997 0.735472977
vt 0.426171005 0.736533999
vt 0.426171005 0.736533999
vt 0.579456985 0.736262023
vt 0.590883017 0.729664028
vt 0.590883017 0.729664028
vt 0.591745019 0.524981976
vt 0.573828995 0.513466001
vt 0.573828995 0.513466001
vt 0.409117013 0.520335972
vt 0.408255011 0.725018024
vt 0.408255011 0.725018024
vt 0.426171005 0.736533999
vt 0.590883017 0.729664028
vt 0.573828995 0.513466001
vt 0.408255011 0.725018024
vt 0.590883017 0.729664028
vt 0.639675975 0.503404021
vt 0.623969018 0.50632602
vt 0.626452029 0.506431997
vt 0.393934995 0.490673006
vt 0.396275997 0.494356006
vt 0.590144992 0.483278006
vt 0.393934995 0.490673006
vt 0.590144992 0.483278006
vt 0.591108024 0.471491992
vt 0.611168027 0
vt 0.375 0
vt 0.375 0.0277779996
vt 0.611168027 0
vt 0.375 0.0277779996
vt 0.566147983 0.0277779996
vt 0.415464997 0.735472977
vt 0.415464997 0.736533999
vt 0.420542985 0.736533999
vt 0.415464997 0.735472977
vt 0.420542985 0.736533999
vt 0.420542985 0.736262023
vt 0.592042029 0.530131996
vt 0.592042029 0.530131996
vt 0.592042029 0.719866991
vt 0.592042029 0.530131996
vt 0.592042029 0.719866991
vt 0.592042029 0.719866991
vt 0.407958001 0.719868004
vt 0.407958001 0.719866991
vt 0.407958001 0.530131996
vt 0.407958001 0.719868004
vt 0.407958001 0.530131996
vt 0.407958001 0.530131996
vt 0.579456985 0.736533999
vt 0.579456985 0.736262023
vt 0.573828995 0.736533999
vt 0.579456985 0.736533999
vt 0.573828995 0.736533999
vt 0.573828995 0.736533999
vt 0.590883017 0.520335972
vt 0.592042029 0.520335972
vt 0.584535003 0.513466001
vt 0.590883017 0.520335972
vt 0.584535003 0.513466001
vt 0.584535003 0.514527023
vt 0.639267981 0.502394974
vt 0.875 0.5
vt 0.620679975 0.482769012
vt 0.611168027 0.25
vt 0.375 0.25
vt 0.393934995 0.490673006
vt 0.393934995 0.490673006
vt 0.591108024 0.471491992
vt 0.611168027 0.25
vt 0.393934995 0.490673006
vt 0.611168027 0.25
vt 0.611168027 0.25
vt 0.426171005 0.736533999
vt 0.426171005 0.736533999
vt 0.573828995 0.736533999
vt 0.426171005 0.736533999
vt 0.573828995 0.736533999
vt 0.573828995 0.736533999
vt 0.418734998 0.09375
vt 0.418734998 0.0711809993
vt 0.375 0.0711809993
vt 0.418734998 0.09375
vt 0.375 0.0711809993
vt 0.375 0.09375
vt 0.420542985 0.736262023
vt 0.420542985 0.736533999
vt 0.426171005 0.736533999
vt 0.420542985 0.736262023
vt 0.426171005 0.736533999
vt 0.426171005 0.736533999
vt 0.409117013 0.520335972
vt 0.415464997 0.514527023
vt 0.415464997 0.513466001
vt 0.409117013 0.520335972
vt 0.415464997 0.513466001
vt 0.407958001 0.520335972
vt 0.573828995 0.513466001
vt 0.592042029 0.514281988
vt 0.600003004 0.5
vt 0.573828995 0.513466001
vt 0.600003004 0.5
vt 0.426171005 0.513466001
vt 0.592042029 0.725018024
vt 0.591745019 0.725018024
vt 0.590883017 0.729664028
vt 0.592042029 0.725018024
vt 0.590883017 0.729664028
vt 0.592042029 0.729664028
vt 0.61322701 0.503216028
vt 0.600003004 0.5
vt 0.600003004 0.75
vt 0.61322701 0.503216028
vt 0.600003004 0.75
vt 0.600003004 0.75
vt 0.584535003 0.735472977
vt 0.579456985 0.736262023
vt 0.579456985 0.736533999
vt 0.584535003 0.735472977
vt 0.579456985 0.736533999
vt 0.584535003 0.736533999
vt 0.418734998 0.185764
vt 0.375 0.185764
vt 0.375 0.222222
vt 0.566147983 0.222222
vt 0.566147983 0.185764
vt 0.495445997 0.185764
vt 0.566147983 0.222222
vt 0.495445997 0.185764
vt 0.495445997 0.212153003
vt 0.418734998 0.212153003
vt 0.418734998 0.185764
vt 0.375 0.222222
vt 0.566147983 0.222222
vt 0.495445997 0.212153003
vt 0.418734998 0.212153003
vt 0.375 0.222222
vt 0.566147983 0.222222
vt 0.418734998 0.212153003
vt 0.407958001 0.530131996
vt 0.408255011 0.524981976
vt 0.407958001 0.524981976
vt 0.407958001 0.530131996
vt 0.407958001 0.524981976
vt 0.407958001 0.530131996
vt 0.375 0.0277779996
vt 0.375 0.0642360002
vt 0.418734998 0.0642360002
vt 0.375 0.0277779996
vt 0.418734998 0.0642360002
vt 0.418734998 0.0378470011
vt 0.495445997 0.0642360002
vt 0.566147983 0.0642360002
vt 0.566147983 0.0277779996
vt 0.375 0.0277779996
vt 0.418734998 0.0378470011
vt 0.495445997 0.0378470011
vt 0.495445997 0.0378470011
vt 0.495445997 0.0642360002
vt 0.566147983 0.0277779996
vt 0.495445997 0.0378470011
vt 0.566147983 0.0277779996
vt 0.375 0.0277779996
vt 0.408255011 0.524981976
vt 0.409117013 0.520335972
vt 0.407958001 0.520335972
vt 0.408255011 0.524981976
vt 0.407958001 0.520335972
vt 0.407958001 0.524981976
vt 0.399726003 0.500108004
vt 0.589217007 0.5
vt 0.589590013 0.5
vt 0.399726003 0.500108004
vt 0.589590013 0.5
vt 0.39892 0.500262976
vt 0.407958001 0.725018024
vt 0.407958001 0.729664028
vt 0.409117013 0.729664028
vt 0.407958001 0.725018024
vt 0.409117013 0.729664028
vt 0.408255011 0.725018024
vt 0.579456985 0.513737977
vt 0.579456985 0.513466001
vt 0.573828995 0.513466001
vt 0.579456985 0.513737977
vt 0.573828995 0.513466001
vt 0.573828995 0.513466001
vt 0.420542985 0.513466001
vt 0.420542985 0.513737977
vt 0.426171005 0.513466001
vt 0.420542985 0.513466001
vt 0.426171005 0.513466001
vt 0.426171005 0.513466001
vt 0.495445997 0.09375
vt 0.566147983 0.09375
vt 0.566147983 0.0711809993
vt 0.495445997 0.09375
vt 0.566147983 0.0711809993
vt 0.495445997 0.0711809993
vt 0.415464997 0.514527023
vt 0.420542985 0.513737977
vt 0.420542985 0.513466001
vt 0.415464997 0.514527023
vt 0.420542985 0.513466001
vt 0.415464997 0.513466001
vt 0.399996996 0.75
vt 0.399996996 0.75
vt 0.600003004 0.75
vt 0.399996996 0.75
vt 0.600003004 0.75
vt 0.600003004 0.75
vt 0.495445997 0.100694001
vt 0.566147983 0.100694001
vt 0.566147983 0.09375
vt 0.495445997 0.100694001
vt 0.566147983 0.09375
vt 0.495445997 0.09375
vt 0.418734998 0.149305999
vt 0.375 0.149305999
vt 0.375 0.15625
vt 0.418734998 0.149305999
vt 0.375 0.15625
vt 0.418734998 0.15625
vt 0.611168027 0.25
vt 0.611168027 0.25
vt 0.611168027 0
vt 0.611168027 0
vt 0.611168027 0
vt 0.566147983 0.0277779996
vt 0.566147983 0.0642360002
vt 0.566147983 0.0711809993
vt 0.566147983 0.09375
vt 0.611168027 0
vt 0.566147983 0.0277779996
vt 0.566147983 0.0642360002
vt 0.566147983 0.222222
vt 0.611168027 0.25
vt 0.611168027 0
vt 0.566147983 0.15625
vt 0.566147983 0.178819001
vt 0.566147983 0.185764
vt 0.566147983 0.185764
vt 0.566147983 0.222222
vt 0.611168027 0
vt 0.611168027 0
vt 0.566147983 0.0642360002
vt 0.566147983 0.09375
vt 0.611168027 0
vt 0.566147983 0.09375
vt 0.566147983 0.100694001
vt 0.566147983 0.149305999
vt 0.566147983 0.15625
vt 0.566147983 0.185764
vt 0.611168027 0
vt 0.566147983 0.100694001
vt 0.566147983 0.149305999
vt 0.611168027 0
vt 0.566147983 0.149305999
vt 0.566147983 0.185764
vt 0.426171005 0.513466001
vt 0.600003004 0.5
vt 0.399996996 0.5
vt 0.600003004 0.75
vt 0.592042029 0.530131996
vt 0.592042029 0.719866991
vt 0.600003004 0.75
vt 0.592042029 0.719866991
vt 0.591150999 0.736533999
vt 0.420542985 0.513466001
vt 0.426171005 0.513466001
vt 0.399996996 0.5
vt 0.415464997 0.513466001
vt 0.420542985 0.513466001
vt 0.399996996 0.5
vt 0.600003004 0.75
vt 0.591150999 0.736533999
vt 0.588563979 0.736533999
vt 0.600003004 0.75
vt 0.588563979 0.736533999
vt 0.584535003 0.736533999
vt 0.411435992 0.513466001
vt 0.415464997 0.513466001
vt 0.399996996 0.5
vt 0.408849001 0.513466001
vt 0.411435992 0.513466001
vt 0.399996996 0.5
vt 0.600003004 0.75
vt 0.584535003 0.736533999
vt 0.579456985 0.736533999
vt 0.600003004 0.75
vt 0.579456985 0.736533999
vt 0.573828995 0.736533999
vt 0.407958001 0.530131996
vt 0.408849001 0.513466001
vt 0.399996996 0.5
vt 0.407958001 0.719868004
vt 0.407958001 0.530131996
vt 0.399996996 0.5
vt 0.399996996 0.75
vt 0.600003004 0.75
vt 0.573828995 0.736533999
vt 0.399996996 0.75
vt 0.573828995 0.736533999
vt 0.426171005 0.736533999
vt 0.407958001 0.719868004
vt 0.399996996 0.5
vt 0.399996996 0.75
vt 0.407958001 0.725018024
vt 0.407958001 0.719868004
vt 0.399996996 0.75
vt 0.399996996 0.75
vt 0.426171005 0.736533999
vt 0.407958001 0.735718012
vt 0.399996996 0.75
vt 0.407958001 0.735718012
vt 0.407958001 0.733350992
vt 0.407958001 0.729664028
vt 0.407958001 0.725018024
vt 0.399996996 0.75
vt 0.407958001 0.733350992
vt 0.407958001 0.729664028
vt 0.399996996 0.75
vt 0.399996996 0.5
vt 0.58910501 0.5
vt 0.58910501 0.5
vt 0.399996996 0.5
vt 0.58910501 0.5
vt 0.399996996 0.5
vt 0.566147983 0.222222
vt 0.375 0.222222
vt 0.375 0.25
vt 0.566147983 0.222222
vt 0.375 0.25
vt 0.611168027 0.25
vt 0 0
vt 0 0
vt 0 0
vt 0 0
vt 0 0
vt 0 0
vt 0.592042029 0.520335972
vt 0.592042029 0.524981976
vt 0.600003004 0.5
vt 0.600003004 0.5
vt 0.592042029 0.514281988
vt 0.592042029 0.516649008
vt 0.592042029 0.520335972
vt 0.600003004 0.5
vt 0.592042029 0.516649008
vt 0.495445997 0.15625
vt 0.566147983 0.15625
vt 0.566147983 0.149305999
vt 0.495445997 0.15625
vt 0.566147983 0.149305999
vt 0.495445997 0.149305999
vt 0.495445997 0.178819001
vt 0.566147983 0.178819001
vt 0.566147983 0.15625
vt 0.495445997 0.178819001
vt 0.566147983 0.15625
vt 0.495445997 0.15625
vt 0.495445997 0.185764
vt 0.566147983 0.185764
vt 0.566147983 0.178819001
vt 0.495445997 0.185764
vt 0.566147983 0.178819001
vt 0.495445997 0.178819001
vt 0.625 0
vt 0.611168027 0
vt 0.611168027 0.25
vt 0.611168027 0.25
vt 0.616460979 0.249782994
vt 0.622973979 0.248750001
vt 0.622973979 0.248750001
vt 0.623947024 0.244732007
vt 0.625 0.241465002
vt 0.625 0.241465002
vt 0.625 0
vt 0.611168027 0.25
vt 0.611168027 0.25
vt 0.622973979 0.248750001
vt 0.625 0.241465002
vt 0.495445997 0.149305999
vt 0.566147983 0.149305999
vt 0.566147983 0.100694001
vt 0.495445997 0.149305999
vt 0.566147983 0.100694001
vt 0.495445997 0.100694001
vt 0.495445997 0.0711809993
vt 0.566147983 0.0711809993
vt 0.566147983 0.0642360002
vt 0.495445997 0.0711809993
vt 0.566147983 0.0642360002
vt 0.495445997 0.0642360002
vt 0.407958001 0.729664028
vt 0.415464997 0.736533999
vt 0.415464997 0.735472977
vt 0.407958001 0.729664028
vt 0.415464997 0.735472977
vt 0.409117013 0.729664028
vt 0.418734998 0.15625
vt 0.375 0.15625
vt 0.375 0.178819001
vt 0.418734998 0.15625
vt 0.375 0.178819001
vt 0.418734998 0.178819001
vt 0.418734998 0.0642360002
vt 0.375 0.0642360002
vt 0.375 0.0711809993
vt 0.418734998 0.0642360002
vt 0.375 0.0711809993
vt 0.418734998 0.0711809993
vt 0.616460979 0.249782994
vt 0.595703006 0.469435006
vt 0.620679975 0.482769012
vt 0.616460979 0.249782994
vt 0.620679975 0.482769012
vt 0.622973979 0.248750001
vt 0 0
vt 0 0
vt 0 0
vt 0 0
vt 0 0
vt 0 0
vt 0 0
vt 0 0
vt 0 0
vt 0 0
vt 0 0
vt 0 0
vt 0 0
vt 0 0
vt 0 0
vt 0 0
vt 0 0
vt 0 0
vt 0 0
vt 0 0
vt 0 0
vt 0 0
vt 0 0
vt 0 0
vt 0 0
vt 0 0
vt 0 0
vt 0 0
vt 0 0
vt 0 0
vt 0.573828995 0.513466001
vt 0.573828995 0.513466001
vt 0.426171005 0.513466001
vt 0.573828995 0.513466001
vt 0.426171005 0.513466001
vt 0.426171005 0.513466001
vt 0 0
vt 0 0
vt 0 0
vt 0 0
vt 0 0
vt 0 0
vt 0 0
vt 0 0
vt 0 0
vt 0 0
vt 0 0
vt 0 0
vt 0 0
vt 0 0
vt 0 0
vt 0 0
vt 0 0
vt 0 0
vt 0 0
vt 0 0
vt 0 0
vt 0 0
vt 0 0
vt 0 0
vt 0 0
vt 0 0
vt 0 0
vt 0 0
vt 0 0
vt 0 0
vt 0.399996996 0.75
vt 0.399996996 0.5
vt 0.399996996 0.5
vt 0.399996996 0.75
vt 0.399996996 0.5
vt 0.399996996 0.75
vt 0.591745019 0.524981976
vt 0.592042029 0.524981976
vt 0.592042029 0.520335972
vt 0.591745019 0.524981976
vt 0.592042029 0.520335972
vt 0.590883017 0.520335972
vt 0 0
vt 0 0
vt 0 0
vt 0 0
vt 0 0
vt 0 0
vt 0 0
vt 0 0
vt 0 0
vt 0 0
vt 0 0
vt 0 0
vt 0.592042029 0.530131996
vt 0.592042029 0.530131996
vt 0.592042029 0.524981976
vt 0.592042029 0.530131996
vt 0.592042029 0.524981976
vt 0.591745019 0.524981976
vt 0.61937201 0.779799998
vt 0.61196202 0.768235981
vt 0.395502001 0.756799996
vt 0.61937201 0.779799998
vt 0.395502001 0.756799996
vt 0.392668009 0.76127702
vt 0.61196202 0.768235981
vt 0.604806006 0.749638021
vt 0.398685992 0.749641001
vt 0.61196202 0.768235981
vt 0.398685992 0.749641001
vt 0.395502001 0.756799996
vt 0.604806006 0.749638021
vt 0.601364017 0.749850988
vt 0.399668008 0.749858975
vt 0.604806006 0.749638021
vt 0.399668008 0.749858975
vt 0.398685992 0.749641001
vt 0.601364017 0.749850988
vt 0.600003004 0.75
vt 0.399996996 0.75
vt 0.601364017 0.749850988
vt 0.399996996 0.75
vt 0.399668008 0.749858975
vt 0.626452029 0.506431997
vt 0.61322701 0.503216028
vt 0.600003004 0.75
vt 0.600003004 0.75
vt 0.600003004 0.75
vt 0.601364017 0.749850988
vt 0.601364017 0.749850988
vt 0.604806006 0.749638021
vt 0.61196202 0.768235981
vt 0.61196202 0.768235981
vt 0.61937201 0.779799998
vt 0.875 0.75
vt 0.875 0.75
vt 0.875 0.508534014
vt 0.639675975 0.503404021
vt 0.626452029 0.506431997
vt 0.600003004 0.75
vt 0.601364017 0.749850988
vt 0.875 0.75
vt 0.639675975 0.503404021
vt 0.626452029 0.506431997
vt 0.601364017 0.749850988
vt 0.61196202 0.768235981
vt 0.875 0.75
vt 0.626452029 0.506431997
vt 0.601364017 0.749850988
vt 0.875 0.75
vt 0.600003004 0.75
vt 0.399996996 0.75
vt 0.399996996 0.75
vt 0.600003004 0.75
vt 0.399996996 0.75
vt 0.600003004 0.75
vt 0.392668009 0.76127702
vt 0.375 1
vt 0.611168027 1
vt 0.611168027 1
vt 0.625 1
vt 0.61937201 0.779799998
vt 0.392668009 0.76127702
vt 0.611168027 1
vt 0.611168027 1
vt 0.611168027 1
vt 0.61937201 0.779799998
vt 0.392668009 0.76127702
vt 0.39892 0.500262976
vt 0.396275997 0.494356006
vt 0.393934995 0.490673006
vt 0.393934995 0.490673006
vt 0.125 0.5
vt 0.125 0.527778029
vt 0.125 0.564235985
vt 0.125 0.571180999
vt 0.125 0.59375
vt 0.393934995 0.490673006
vt 0.125 0.527778029
vt 0.125 0.564235985
vt 0.399726003 0.500108004
vt 0.39892 0.500262976
vt 0.393934995 0.490673006
vt 0.399996996 0.5
vt 0.399996996 0.5
vt 0.399726003 0.500108004
vt 0.399668008 0.749858975
vt 0.399996996 0.75
vt 0.399996996 0.75
vt 0.399996996 0.75
vt 0.399996996 0.5
vt 0.399726003 0.500108004
vt 0.399726003 0.500108004
vt 0.393934995 0.490673006
vt 0.125 0.564235985
vt 0.125 0.564235985
vt 0.125 0.59375
vt 0.125 0.600694001
vt 0.125 0.649305999
vt 0.125 0.65625
vt 0.125 0.678819001
vt 0.399726003 0.500108004
vt 0.125 0.564235985
vt 0.125 0.600694001
vt 0.125 0.649305999
vt 0.125 0.678819001
vt 0.125 0.685764015
vt 0.399726003 0.500108004
vt 0.125 0.600694001
vt 0.125 0.649305999
vt 0.399668008 0.749858975
vt 0.399996996 0.75
vt 0.399726003 0.500108004
vt 0.395502001 0.756799996
vt 0.398685992 0.749641001
vt 0.399668008 0.749858975
vt 0.125 0.75
vt 0.392668009 0.76127702
vt 0.395502001 0.756799996
vt 0.125 0.685764015
vt 0.125 0.722221971
vt 0.125 0.75
vt 0.399726003 0.500108004
vt 0.125 0.649305999
vt 0.125 0.685764015
vt 0.395502001 0.756799996
vt 0.399668008 0.749858975
vt 0.399726003 0.500108004
vt 0.125 0.685764015
vt 0.125 0.75
vt 0.395502001 0.756799996
vt 0.125 0.685764015
vt 0.395502001 0.756799996
vt 0.399726003 0.500108004
vt 0 0
vt 0 0
vt 0 0
vt 0 0
vt 0 0
vt 0 0
vt 0 0
vt 0 0
vt 0 0
vt 0 0
vt 0 0
vt 0 0
vt 0 0
vt 0 0
vt 0 0
vt 0 0
vt 0 0
vt 0 0
vt 0 0
vt 0 0
vt 0 0
vt 0 0
vt 0 0
vt 0 0
vt 0 0
vt 0 0
vt 0 0
vt 0 0
vt 0 0
vt 0 0
vt 0 0
vt 0 0
vt 0 0
vt 0 0
vt 0 0
vt 0 0
vt 0 0
vt 0 0
vt 0 0
vt 0 0
vt 0 0
vt 0 0
vt 0 0
vt 0 0
vt 0 0
vt 0 0
vt 0 0
vt 0 0
vt 0 0
vt 0 0
vt 0 0
vt 0 0
vt 0 0
vt 0 0
vt 0 0
vt 0 0
vt 0 0
vt 0 0
vt 0 0
vt 0 0
vt 0 0
vt 0 0
vt 0 0
vt 0 0
vt 0 0
vt 0 0
vt 0 0
vt 0 0
vt 0 0
vt 0 0
vt 0 0
vt 0 0
vt 0 0
vt 0 0
vt 0 0
vt 0 0
vt 0 0
vt 0 0
vt 0 0
vt 0 0
vt 0 0
vt 0 0
vt 0 0
vt 0 0
vt 0 0
vt 0 0
vt 0 0
vt 0 0
vt 0 0
vt 0 0
vt 0 0
vt 0 0
vt 0 0
vt 0 0
vt 0 0
vt 0 0
vt 0 0
vt 0 0
vt 0 0
vt 0 0
vt 0 0
vt 0 0
vt 0 0
vt 0 0
vt 0 0
vt 0 0
vt 0 0
vt 0 0
vt 0 0
vt 0 0
vt 0 0
vt 0 0
vt 0 0
vt 0 0
vt 0 0
vt 0 0
vt 0 0
vt 0 0
vt 0 0
vt 0 0
vt 0 0
vt 0 0
vt 0 0
vt 0 0
vt 0 0
vt 0 0
vt 0 0
vt 0 0
vt 0 0
vt 0 0
vt 0 0
vt 0 0
vt 0.590883017 0.729664028
vt 0.591745019 0.725018024
vt 0.592042029 0.719866991
vt 0.592042029 0.719866991
vt 0.592042029 0.616665342
vt 0.591884747 0.616665333
vt 0.592042029 0.616665342
vt 0.592042029 0.530131996
vt 0.591745019 0.524981976
vt 0.592042029 0.616665342
vt 0.591745019 0.524981976
vt 0.591884747 0.616665333
vt 0.591745019 0.524981976
vt 0.590883017 0.520335972
vt 0.584535003 0.514527023
vt 0.584535003 0.514527023
vt 0.579456985 0.513737977
vt 0.573828995 0.513466001
vt 0.573828995 0.513466001
vt 0.426171005 0.513466001
vt 0.420542985 0.513737977
vt 0.420542985 0.513737977
vt 0.415464997 0.514527023
vt 0.409117013 0.520335972
vt 0.409117013 0.520335972
vt 0.408255011 0.524981976
vt 0.407958001 0.530131996
vt 0.407958001 0.61666533
vt 0.407958001 0.719866991
vt 0.408255011 0.725018024
vt 0.407958001 0.61666533
vt 0.408255011 0.725018024
vt 0.40808988 0.61666579
vt 0.407958001 0.530131996
vt 0.407958001 0.61666533
vt 0.40808988 0.61666579
vt 0.408255011 0.725018024
vt 0.409117013 0.729664028
vt 0.415464997 0.735472977
vt 0.415464997 0.735472977
vt 0.420542985 0.736262023
vt 0.426171005 0.736533999
vt 0.426171005 0.736533999
vt 0.573828995 0.736533999
vt 0.579456985 0.736262023
vt 0.579456985 0.736262023
vt 0.584535003 0.735472977
vt 0.590883017 0.729664028
vt 0.590883017 0.729664028
vt 0.592042029 0.719866991
vt 0.591884747 0.616665333
vt 0.590883017 0.729664028
vt 0.591884747 0.616665333
vt 0.591358901 0.6166655
vt 0.591884747 0.616665333
vt 0.591745019 0.524981976
vt 0.591358901 0.6166655
vt 0.591745019 0.524981976
vt 0.584535003 0.514527023
vt 0.573828995 0.513466001
vt 0.573828995 0.513466001
vt 0.420542985 0.513737977
vt 0.409117013 0.520335972
vt 0.40808988 0.61666579
vt 0.408255011 0.725018024
vt 0.408711326 0.616666159
vt 0.409117013 0.520335972
vt 0.407958001 0.530131996
vt 0.40808988 0.61666579
vt 0.409117013 0.520335972
vt 0.40808988 0.61666579
vt 0.408711326 0.616666159
vt 0.408255011 0.725018024
vt 0.415464997 0.735472977
vt 0.426171005 0.736533999
vt 0.426171005 0.736533999
vt 0.579456985 0.736262023
vt 0.590883017 0.729664028
vt 0.590883017 0.729664028
vt 0.591358901 0.6166655
vt 0.581969554 0.61666587
vt 0.591358901 0.6166655
vt 0.591745019 0.524981976
vt 0.573828995 0.513466001
vt 0.591358901 0.6166655
vt 0.573828995 0.513466001
vt 0.581969554 0.61666587
vt 0.408711326 0.616666159
vt 0.408255011 0.725018024
vt 0.493058009 0.616666184
vt 0.573828995 0.513466001
vt 0.409117013 0.520335972
vt 0.408711326 0.616666159
vt 0.573828995 0.513466001
vt 0.408711326 0.616666159
vt 0.493058009 0.616666184
vt 0.408255011 0.725018024
vt 0.426171005 0.736533999
vt 0.590883017 0.729664028
vt 0.493058009 0.616666184
vt 0.408255011 0.725018024
vt 0.590883017 0.729664028
vt 0.493058009 0.616666184
vt 0.590883017 0.729664028
vt 0.581969554 0.61666587
vt 0.573828995 0.513466001
vt 0.493058009 0.616666184
vt 0.581969554 0.61666587
vn -0.477261245 -0.279123396 0.833253801
vn -0.480883062 -0.276052177 0.832193911
vn -0.46799016 -0.139544472 0.872646868
vn 0.495528072 -0.51712364 -0.697878957
vn 0.502719879 -0.614109099 -0.60839355
vn 0.497065783 -0.513129652 -0.699731171
vn -0.494896203 -0.519760609 -0.696366727
vn -0.481661946 -0.400917262 -0.77927345
vn -0.500879765 -0.514675379 -0.695865512
vn 0.471357971 0.000995652052 -0.881941378
vn 0.470379263 0.000146466962 -0.882464349
vn 0.466818094 -0.139647499 -0.873257995
vn -0.0583325624 -0.12718223 0.990162671
vn -0.00185253727 -0.121485099 0.9925915
vn -0.191549167 -0.127279401 0.973195195
vn -0.0047943457 -0.122260012 0.992486537
vn -0.00185253727 -0.121485099 0.9925915
vn -0.0228447039 -0.124814808 0.991917014
vn -0.191549167 -0.127279401 0.973195195
vn -0.00185253727 -0.121485099 0.9925915
vn -0.216870055 -0.126904681 0.967916667
vn -0.0228447039 -0.124814808 0.991917014
vn -0.00185253727 -0.121485099 0.9925915
vn -0.0583325624 -0.12718223 0.990162671
vn -1.2880782e-09 0.0170611124 -0.999854505
vn -1.28832822e-09 0.0170644242 -0.999854445
vn -1.28814714e-09 0.0170620251 -0.999854445
vn -0.923880577 -0.376868606 -0.0664436892
vn -0.923864603 -0.376905143 -0.0664589256
vn -1 -6.29457099e-06 -4.55791309e-07
vn -0.210990712 0.531693816 0.820234537
vn -0.209062144 0.694307685 0.688643515
vn -0.202651381 0.369628578 0.906811535
vn -0.923877358 0.376872689 0.0664651692
vn -1 1.67625021e-05 1.02855902e-05
vn -0.923873484 0.376880348 0.06647522
vn -0 0 1
vn -0 0 1
vn -0 0 1
vn 0.382635802 0.923899233 -0
vn 0.382633328 0.923900306 -0
vn 0.0980338305 0.99518311 -0
vn -0 0 -1
vn -0 0 -1
vn -1.18092846e-13 1.56418707e-06 -1
vn 4.63182654e-14 -6.13504028e-07 -1
vn -1.33419792e-13 1.76719868e-06 -1
vn 8.59483789e-14 -1.13842077e-06 -1
vn -0.808994591 -6.10773938e-08 0.58781606
vn -0.808988988 -6.10769675e-08 0.587823868
vn -0.9510566 -7.18027806e-08 0.309016854
vn 0.70711726 0.69634831 0.122817606
vn 0.382685661 0.909841597 0.160437331
vn 0.38275975 0.909807146 0.160455987
vn -0.866013646 -0.500020444 -0
vn -0.866013408 -0.500020921 -0
vn -0.991441607 -0.130550444 -0
vn -6.51084008e-07 -0.984802961 -0.173675418
vn 0.382659316 -0.909857094 -0.160412058
vn 8.40234051e-08 -0.984815359 -0.173605338
vn 1.3329792e-06 0.984802783 0.17367658
vn -0.382644296 0.909857869 0.160443217
vn -0.382759392 0.909804344 0.16047211
vn 1.66323662e-05 0.173659161 -0.984805822
vn -1.03695641e-06 0.17365323 -0.984806836
vn -4.17339434e-05 0.173640862 -0.984809041
vn 0.356467575 -0.0147928111 0.934190631
vn 0.385813624 -0.160190091 0.908563137
vn 0.356452733 -0.0147876218 0.934196353
vn -0.478609741 -0.276027381 -0.83351171
vn -0.47019434 1.02024629e-08 -0.882562876
vn -0.472524047 -2.05959179e-08 -0.881317794
vn -0.472524047 -2.05959179e-08 -0.881317794
vn -0.47019434 1.02024629e-08 -0.882562876
vn -0.47657308 0.278291106 -0.833925784
vn 3.03385877e-06 0.173649013 -0.984807611
vn 6.39252539e-06 0.173647776 -0.984807909
vn 5.9602562e-06 0.173648462 -0.98480773
vn -3.28769352e-06 0.17363964 -0.984809279
vn 2.64763294e-05 0.173633605 -0.984810293
vn -2.34795207e-05 0.17362158 -0.984812438
vn -0.9510566 -7.18027806e-08 -0.309016854
vn -0.95105654 -7.18027735e-08 -0.309016943
vn -0.808991551 -6.10771664e-08 -0.587820292
vn 0.500020266 0.866013706 -0
vn 0.130549923 0.991441727 -0
vn 0.130550265 0.991441667 -0
vn -0.0003437665 0.978413761 0.206655234
vn -0.000227600132 0.978229344 0.207526833
vn -0.000236532549 0.97824353 0.207459807
vn -0.991441727 0.13055028 -0
vn -0.991441786 0.130549788 -0
vn -0.866014063 0.50001961 -0
vn 0.587785602 4.43765806e-08 0.809016705
vn 0.809024751 6.10796675e-08 0.587774634
vn 0.809023261 6.1079561e-08 0.587776661
vn 0.990107954 0.0243506283 -0.138178274
vn 0.914718509 0.397556007 -0.0723828077
vn 0.990113616 0.0243538897 -0.138137937
vn 0.923877716 0.376871943 0.066464968
vn 0.70711726 0.69634831 0.122817606
vn 0.923873365 0.376880825 0.0664746538
vn 3.61811118e-07 1 -0
vn -3.90663132e-07 1 -0
vn 2.33321907e-06 1 -0
vn -0.210986823 -0.531499326 -0.820361614
vn -0.209097058 -0.694308877 -0.688631773
vn -0.202685788 -0.369609743 -0.906811535
vn 0.382644922 0.90985769 0.160442784
vn 1.3329792e-06 0.984802783 0.17367658
vn 0.382761776 0.909803212 0.160472825
vn 0.996919513 7.52653335e-08 -0.0784319118
vn 0.951045692 7.18019564e-08 -0.309050232
vn 0.951045454 7.18019351e-08 -0.309051007
vn 0.923899412 0.382635474 -0
vn 0.995182812 0.098036848 -4.66955612e-08
vn 0.995182931 0.0980355069 -2.73989453e-08
vn 0.707119465 -0.696345329 -0.122822359
vn 0.923878014 -0.376871139 -0.0664655715
vn 0.707095683 -0.696368754 -0.12282607
vn 0.121591672 -0.49153477 -0.862327695
vn 0.121647581 -0.86227113 -0.491620004
vn 1.37368306e-06 -0.866044462 -0.499967009
vn -0.923851907 -0.376935124 -0.0664650947
vn -1 -5.39526127e-06 -8.20936179e-07
vn -1 5.40897508e-06 9.92670266e-07
vn -0.471262306 0.00116064213 0.881992459
vn -0.477261245 -0.279123396 0.833253801
vn -0.46799016 -0.139544472 0.872646868
vn 0.522759259 -0.693440437 -0.495845884
vn 0.516647398 -0.698332429 -0.495386124
vn 0.534395993 -0.805244863 -0.25690788
vn -0.435957223 0.881885946 -0.179495215
vn -0.723144531 0.654885054 -0.219516888
vn -0.723139763 0.654884517 -0.219534054
vn 1 7.54979013e-08 -0
vn 1 7.54979013e-08 -0
vn 1 7.54979013e-08 -0
vn 0.448850036 -0.448850185 -0.772701204
vn 0.772704005 -0.44887808 -0.448817521
vn 0.448882103 -0.772703886 -0.448813498
vn 0.0632055551 0.99693203 -0.046168644
vn 0.255713493 0.953933477 -0.156912476
vn 0.103590831 0.992192805 -0.0694425702
vn 0.103590831 0.992192805 -0.0694425702
vn 0.255713493 0.953933477 -0.156912476
vn 0.415240586 0.875179887 -0.248265132
vn -0.991441727 0.13055028 -0
vn -0.991441786 -0.130549744 -0
vn -0.991441607 -0.130550444 -0
vn 0.58777833 4.437603e-08 -0.809022069
vn 0.308926791 2.33233237e-08 -0.951085865
vn 0.308934033 2.33238708e-08 -0.951083481
vn 7.43508934e-08 -0.984807432 -0.173649952
vn 7.43508792e-08 -0.984807253 -0.17365092
vn 7.43508934e-08 -0.984807432 -0.173650354
vn 1 1.6130105e-05 9.56627264e-06
vn 0.923877716 0.376871943 0.066464968
vn 0.923873365 0.376880825 0.0664746538
vn 0.38271594 0.909825981 0.160452932
vn 0.707088232 0.696379185 0.12281017
vn 0.707104206 0.696365297 0.122796506
vn 0.480901957 -0.276014 -0.83219564
vn 0.476616621 -0.2783764 -0.833872378
vn 0.495528072 -0.51712364 -0.697878957
vn -0.516065001 -0.698028326 -0.496420622
vn -0.494896203 -0.519760609 -0.696366727
vn -0.500879765 -0.514675379 -0.695865512
vn 0.472496748 7.83952672e-08 0.881332397
vn 0.470166624 1.04048539e-07 0.882577658
vn 0.476547152 0.278295219 0.833939254
vn 0.480878323 0.276017159 0.832208276
vn 0.476547152 0.278295219 0.833939254
vn 0.493921518 0.518866122 0.697724521
vn 0.500863016 0.514664888 0.695885301
vn 0.493921518 0.518866122 0.697724521
vn 0.516051173 0.698049545 0.496405154
vn -0.188609272 -0.968546212 -0.162311167
vn -0.185188472 -0.911653459 -0.366869688
vn -0.203806117 -0.912548244 -0.35456869
vn -0.177962005 -0.970360577 0.163492814
vn -0.178019747 -0.964190781 -0.196583495
vn -0.184142113 -0.964223504 -0.190695271
vn -0.500020146 -0.866013825 -0
vn -0.130551264 -0.991441607 -0
vn -0.500021458 -0.866012931 -0
vn -0.173445985 -0.982138932 -0.0729354173
vn -0.164415881 -0.98159343 -0.0971686542
vn -0.185188472 -0.911653459 -0.366869688
vn -0.923862636 -0.376909733 -0.0664596036
vn -0.923865139 -0.376903862 -0.0664584786
vn -1 2.89407944e-06 4.83644499e-07
vn 9.93962999e-07 0.173655748 -0.984806418
vn 4.1702373e-05 0.173640504 -0.984809101
vn 6.11201103e-05 0.173660383 -0.984805584
vn 0.866014779 0.492437243 0.08674106
vn 0.866014779 0.492437243 0.08674106
vn 0.866014779 0.492437243 0.08674106
vn -0.203803778 0.91252768 0.354622513
vn -0.185142532 0.91164887 0.36690405
vn -0.209062144 0.694307685 0.688643515
vn 1 7.54979013e-08 3.96959754e-09
vn 1 7.54979013e-08 4.72334243e-08
vn 1 7.54979013e-08 3.51678651e-08
vn -0.188609034 0.968516529 0.162488595
vn -0.185142532 0.91164887 0.36690405
vn -0.203803778 0.91252768 0.354622513
vn -0.951053858 -7.18025674e-08 -0.309025466
vn -0.809050977 -6.108165e-08 -0.587738454
vn -0.809050143 -6.1081586e-08 -0.587739706
vn 1.06440354e-14 -1.40984525e-07 -1
vn -9.10484727e-14 1.2059736e-06 -1
vn 4.64334409e-13 -6.15029558e-06 -1
vn 0.538411736 -0.802433491 0.257319838
vn 0.543855071 -0.839179158 4.55318805e-08
vn 0.541643441 -0.840608358 9.09324793e-09
vn 0.541642845 0.840608656 5.9106096e-08
vn 0.534394622 0.805251241 -0.256891102
vn 0.538412035 0.802437425 -0.257306606
vn 0.522749603 0.693458021 0.495831549
vn 0.516051173 0.698049545 0.496405154
vn 0.534391046 0.805254817 0.256887078
vn -7.4350595e-08 0.984803438 0.173672602
vn -7.4350595e-08 0.984803438 0.173672602
vn -7.4350595e-08 0.984803438 0.173672602
vn 3.03401284e-05 0.173647389 -0.984807909
vn 1.63462046e-05 0.173648998 -0.984807551
vn -7.47707008e-06 0.173643768 -0.984808564
vn -3.55064767e-05 0.173641741 -0.984808922
vn -2.16197514e-05 0.173688903 -0.984800577
vn -1.84552191e-05 0.173644334 -0.984808505
vn -0.516051412 0.698049486 0.496405035
vn -0.493921727 0.518866122 0.697724342
vn -0.500863135 0.514664829 0.695885181
vn 0.493928492 0.518869877 -0.697716773
vn 0.47657308 0.278291255 -0.833925724
vn 0.480897963 0.276021808 -0.832195461
vn -0.480883062 -0.276052177 0.832193911
vn -0.477261245 -0.279123396 0.833253801
vn -0.493933141 -0.51886481 0.697717249
vn 0.500874341 -0.514668643 0.695874333
vn 0.52274847 -0.693455756 0.495835871
vn 0.51605618 -0.698039711 0.496413708
vn 0.47657308 0.278291255 -0.833925724
vn 0.470379263 0.000146466962 -0.882464349
vn 0.471357971 0.000995652052 -0.881941378
vn -0.522760093 0.693442941 -0.495841444
vn -0.516060233 0.698037982 -0.496412009
vn -0.534394681 0.805251122 -0.256891102
vn 0.52274847 -0.693455756 0.495835871
vn 0.538411736 -0.802433491 0.257319838
vn 0.534392774 -0.80524838 0.256903827
vn 0.538411856 0.802437603 0.257306576
vn 0.534391046 0.805254817 0.256887078
vn 0.541642845 0.840608656 5.9106096e-08
vn -0.541643023 0.840608537 -2.72797358e-08
vn -0.534391284 0.805254757 0.256887019
vn -0.538412035 0.802437484 0.257306516
vn -0.538412154 0.802437305 -0.257306635
vn -0.534394681 0.805251122 -0.256891102
vn -0.541643023 0.840608537 -2.72797358e-08
vn -0.534395635 -0.805245101 -0.25690791
vn -0.516065001 -0.698028326 -0.496420622
vn -0.522758245 -0.693441033 -0.495846152
vn 0.534394622 0.805251241 -0.256891102
vn 0.516060054 0.698038101 -0.496411979
vn 0.522759974 0.69344306 -0.495841444
vn -0.476547271 0.278295249 0.833939135
vn -0.471262306 0.00116064213 0.881992459
vn -0.471331984 0.00112977705 0.881955147
vn 0.480882376 -0.27602005 0.832205057
vn 0.500874341 -0.514668643 0.695874333
vn 0.493933231 -0.518864751 0.697717249
vn 0.472496748 7.83952672e-08 0.881332397
vn 0.480882376 -0.27602005 0.832205057
vn 0.476547718 -0.278305173 0.833935559
vn -0.493921727 0.518866122 0.697724342
vn -0.476547271 0.278295249 0.833939135
vn -0.480878383 0.276017159 0.832208276
vn -0.480897963 0.276021689 -0.832195401
vn -0.47657308 0.278291106 -0.833925784
vn -0.493928522 0.518869758 -0.697716832
vn -0.500868082 0.514668643 -0.695878804
vn -0.493928522 0.518869758 -0.697716832
vn -0.516060233 0.698037982 -0.496412009
vn -0.500874162 -0.514668763 0.695874333
vn -0.493933141 -0.51886481 0.697717249
vn -0.516056061 -0.69803983 0.496413708
vn -0.534391284 0.805254757 0.256887019
vn -0.516051412 0.698049486 0.496405035
vn -0.522749782 0.693457901 0.49583143
vn 0.500867963 0.514668763 -0.695878804
vn 0.522759974 0.69344306 -0.495841444
vn 0.516060054 0.698038101 -0.496411979
vn -0.92387867 0.376871645 0.06645298
vn -1 -3.18036314e-06 -4.89669162e-07
vn -1 2.89407944e-06 4.83644499e-07
vn -0.538411558 -0.802433491 0.257319808
vn -0.534392595 -0.805248439 0.256903827
vn -0.541643202 -0.840608537 -9.09324793e-09
vn 2.023856e-05 0.914486229 0.404617161
vn -0.641626298 0.765800178 -0.0431967601
vn -0.703080714 0.662274599 0.258978456
vn 0.949854076 -0.0542845614 0.307945639
vn 0.877547026 -0.412275106 0.244827569
vn 0.877549171 -0.412268579 0.2448304
vn -0.28218466 -0.437114328 0.853992343
vn -0.152699634 -0.522290826 0.838984609
vn -0.152688608 -0.522295892 0.838983536
vn -1 -7.54979013e-08 -4.90598562e-10
vn -1 -7.54979013e-08 -3.05686854e-08
vn -1 -7.54979013e-08 -3.00780876e-08
vn 1.56817005e-05 -0.984807253 -0.173651442
vn -0.382713407 -0.909831047 -0.160430744
vn -0.382728755 -0.909824789 -0.160429612
vn 1 7.54979013e-08 4.31298531e-07
vn 1 7.54979013e-08 -1.70087624e-08
vn 1 7.54979013e-08 -4.39217075e-07
vn -6.94082628e-05 0.173619255 -0.984812796
vn -3.2954722e-06 0.173641711 -0.984808981
vn -4.37554481e-05 0.173622668 -0.98481226
vn 0.700109065 -0.665130794 -0.259708285
vn 0.914748967 -0.348780721 -0.203927279
vn 0.700120211 -0.665118933 -0.259708494
vn -0.382628411 0.909868896 0.160418704
vn -0.382608742 0.9098773 0.160417736
vn -1.39554077e-05 0.984812319 0.173622712
vn -4.37554481e-05 0.173622668 -0.98481226
vn -3.2954722e-06 0.173641711 -0.984808981
vn -1.30989601e-08 0.173658729 -0.984805882
vn 0.304088503 -0.895785809 -0.324188262
vn 0.472023517 -0.817526579 -0.329915553
vn 0.472038209 -0.817542791 -0.329854041
vn -0.926490009 0.373852164 0.043021746
vn -0.998873532 0.0471403897 0.00542469881
vn -0.994810641 0.101077192 0.0116317589
vn -7.81879044e-06 0.999854267 0.0170689523
vn -5.37216602e-06 0.999854386 0.0170652624
vn -7.54869163e-08 0.999854505 0.0170568395
vn 0.538411856 -0.802433372 -0.257319957
vn 0.534395993 -0.805244863 -0.25690788
vn 0.541643441 -0.840608358 9.09324793e-09
vn 0.999990344 -0.00303959171 -0.00317680137
vn 0.99999088 -0.00316648441 -0.00288641709
vn 0.999990821 -0.00314480532 -0.00293602841
vn -0.555552542 0.831481457 -0
vn -0.555552483 0.831481457 -0
vn -0.555552542 0.831481457 -0
vn 0.671633601 0.715726078 -0.191427782
vn 0.671619356 0.715727031 -0.191473871
vn 0.877493441 0.412313789 -0.24495469
vn 3.33237222e-06 -0.96166718 -0.274219126
vn -0.368011922 -0.888470411 -0.274203479
vn -0.367951959 -0.88848573 -0.274234474
vn -1 -7.54979013e-08 1.02615971e-07
vn -1 -7.54979013e-08 1.73772628e-06
vn -1 -7.54979013e-08 -0
vn -2.8992176e-13 3.84012992e-06 -1
vn -1.01472087e-13 1.34403854e-06 -1
vn -0 0 -1
vn 0.80902338 6.10795681e-08 -0.587776542
vn 0.58777833 4.437603e-08 -0.809022069
vn 0.587784708 4.43765131e-08 -0.80901742
vn -0 0 1
vn -6.05571679e-15 8.02103983e-08 1
vn -0 0 1
vn -0.923899412 0.382635385 -0
vn -0.707106948 0.70710665 -0
vn -0.707106173 0.707107365 -0
vn 0.476616621 -0.2783764 -0.833872378
vn 0.480901957 -0.276014 -0.83219564
vn 0.466818094 -0.139647499 -0.873257995
vn -7.49812159e-08 0.993156314 0.116792947
vn -7.49812159e-08 0.993156314 0.116792947
vn -7.49812159e-08 0.993156314 0.116792947
vn 0.3826482 -0.90985626 -0.160443142
vn 0.707115829 -0.696348786 -0.122823335
vn 0.707114041 -0.696350515 -0.122823775
vn 0.378917158 0.925199151 0.0206994526
vn -2.31867823e-08 0.999429166 0.0337845869
vn 6.22987599e-08 0.999428749 0.0337963328
vn -0.58778137 -4.43762609e-08 0.809019864
vn -0.587780654 -4.4376204e-08 0.80902034
vn -0.808988988 -6.10769675e-08 0.587823868
vn 3.41947282e-13 -4.52922905e-06 -1
vn -1.41984853e-13 1.88064632e-06 -1
vn -0 0 -1
vn 7.48442107e-14 -9.91341608e-07 -1
vn -0 0 -1
vn -0 0 -1
vn 0.0784496292 5.92278226e-09 0.996918082
vn 0.0784472078 5.92259974e-09 0.996918321
vn 0.308930159 2.33235777e-08 0.951084733
vn 7.54979013e-08 -1 -0
vn 7.54979013e-08 -1 -0
vn 7.54979013e-08 -1 -0
vn -1.26625273e-05 0.173619598 -0.984812737
vn -1.96213914e-05 0.173647851 -0.984807789
vn -0.000126279148 0.173663035 -0.984805167
vn 0.356438965 -0.305627167 0.882917583
vn 0.356438905 -0.305625707 0.88291806
vn 0.385813624 -0.160190091 0.908563137
vn -2.71787917e-06 -0.130451456 -0.991454661
vn 0.127987981 -0.127983555 -0.983483315
vn 0.121591672 -0.49153477 -0.862327695
vn -0.990114391 0.0243428275 -0.138133749
vn -0.914749682 -0.348778874 -0.203927189
vn -0.990113556 0.0243543144 -0.138138011
vn -0 0 1
vn -0 0 1
vn -0 0 1
vn 1 7.54979013e-08 -3.53643093e-09
vn 1 7.54979013e-08 -4.80577391e-08
vn 1 7.54979013e-08 -4.47300721e-08
vn -7.23171116e-14 9.57869133e-07 -1
vn 8.97665731e-14 -1.18899425e-06 -1
vn -5.90475883e-14 7.82108998e-07 -1
vn 0.923891962 -0.376841784 -0.0664383769
vn 0.707088411 -0.696385384 -0.122773975
vn 0.923904896 -0.37680912 -0.0664424747
vn -0.866013646 -0.500020444 -0
vn -0.500019729 -0.866014063 -0
vn -0.500021458 -0.86601305 -0
vn -0.737609684 -0.527004063 -0.4221358
vn -0.606749117 -0.654949725 -0.450440317
vn -0.606723487 -0.654972732 -0.450441301
vn 1 7.54979013e-08 -0
vn 1 7.54979013e-08 -0
vn 1 7.54979013e-08 -0
vn -0 0 -1
vn -0 0 -1
vn -0 0 -1
vn 0.866013587 -0.500020504 -0
vn 0.500017881 -0.866015077 -0
vn 0.500023603 -0.866011858 -0
vn 1 7.54979013e-08 2.82768497e-07
vn 1 7.54979013e-08 -3.00269392e-08
vn 1 7.54979013e-08 1.42291356e-07
vn -1 -7.54979013e-08 -2.6497931e-08
vn -1 -7.54979013e-08 -3.77055862e-08
vn -1 -7.54979013e-08 -0
vn -0.522748351 -0.693455875 0.495835871
vn -0.516056061 -0.69803983 0.496413708
vn -0.534392595 -0.805248439 0.256903827
vn -0.481661946 -0.400917262 -0.77927345
vn -0.494896203 -0.519760609 -0.696366727
vn -0.478609741 -0.276027381 -0.83351171
vn -2.43893295e-14 3.23046464e-07 -1
vn -2.31659039e-13 3.06841707e-06 -1
vn -7.75507588e-14 1.02719093e-06 -1
vn -1 -7.54979013e-08 4.4067562e-08
vn -1 -7.54979013e-08 4.49084112e-08
vn -1 -7.54979013e-08 -4.40675691e-08
vn 0.282183737 -0.437113315 0.853993058
vn 0.282180279 -0.43711707 0.853992343
vn 0.368682057 -0.309621841 0.876474738
vn -0.928482175 1.05110097e-07 -0.371376902
vn -0.857820928 -0.355274677 -0.371380061
vn -0.928476453 6.47966999e-07 -0.371391326
vn -5.37216602e-06 0.999854386 0.0170652624
vn -7.81879044e-06 0.999854267 0.0170689523
vn -3.3643903e-07 0.999854267 0.0170759223
vn -0.809050262 -6.10816002e-08 0.587739468
vn -0.809050381 -6.10816073e-08 0.587739348
vn -0.587830663 -4.43799806e-08 0.808984101
vn 4.77910083e-14 -6.33011098e-07 -1
vn 1.70242021e-13 -2.25492386e-06 -1
vn 6.66522013e-13 -8.82835138e-06 -1
vn 3.2494813e-14 -4.30406857e-07 -1
vn 5.52440411e-14 -7.31729472e-07 -1
vn -0 0 -1
vn -0 0 -1
vn 5.52440411e-14 -7.31729472e-07 -1
vn 4.17031556e-14 -5.52375013e-07 -1
vn 7.53579954e-08 -0.998146892 -0.0608507656
vn 7.53579954e-08 -0.998146892 -0.0608507693
vn 7.53579954e-08 -0.998146892 -0.0608507581
vn -1.66631526e-05 0.173659235 -0.984805822
vn 9.93962999e-07 0.173655748 -0.984806418
vn -2.38217967e-06 0.17365697 -0.98480624
vn 0.13054499 -0.991442382 5.5140531e-06
vn 7.54979013e-08 -1 -0
vn -5.61426532e-06 -0.991442382 -0.130545005
vn -7.54979013e-08 1 -0
vn -7.54979013e-08 1 -0
vn -7.54979013e-08 1 -0
vn 1.06440354e-14 -1.40984525e-07 -1
vn 1.18013333e-13 -1.56313388e-06 -1
vn -0 0 -1
vn 4.64333789e-05 0.173634499 -0.984810174
vn 3.52036077e-05 0.173644632 -0.984808385
vn -5.45930197e-05 0.173612401 -0.984814048
vn 0.502719879 -0.614109099 -0.60839355
vn 0.495528072 -0.51712364 -0.697878957
vn 0.516647398 -0.698332429 -0.495386124
vn 0.991441786 -0.130550236 -0
vn 0.991441846 -0.130549356 -0
vn 0.866013944 -0.500019908 -0
vn 0.384111136 0.909260631 0.160324141
vn 0.384102732 0.909264922 0.160319492
vn 0.384113848 0.90925914 0.160325661
vn 0.500020444 -0.866013706 -0
vn 0.500021517 -0.86601299 -0
vn 0.13055025 -0.991441727 -0
vn -0.382635921 0.923899233 -0
vn -0.0980383307 0.995182633 -0
vn -0.0980343223 0.995182991 -0
vn -0.19526042 -0.0760671645 0.977797151
vn -0.187593669 -0.0962287933 0.977521718
vn -0.209156707 -0.36416626 0.907544196
vn 0.86229974 -0.491579622 -0.121607944
vn 0.772704005 -0.44887808 -0.448817521
vn 0.862271726 -0.121646382 -0.491619498
vn 0.49153176 -0.121591799 -0.862329483
vn 0.448850036 -0.448850185 -0.772701204
vn 0.121591672 -0.49153477 -0.862327695
vn -7.42546646e-08 0.983532846 0.180729613
vn -2.35095627e-07 0.983532906 0.180729404
vn -7.42592405e-08 0.983593464 0.180399358
vn 0.527232289 0.634933352 -0.564699709
vn 0.527242959 0.634927332 -0.56469655
vn 0.285330981 0.79412353 -0.536613524
vn 0.500020266 0.866013706 -0
vn 0.866013527 0.500020623 -0
vn 0.866013527 0.500020623 -0
vn 5.3919058e-07 -0.95071888 -0.310054243
vn 0.378904402 -0.876498282 -0.296955049
vn 0.378902107 -0.876493692 -0.296971172
vn -0.996916771 -7.52651275e-08 0.0784668997
vn -0.951053739 -7.18025603e-08 0.309025556
vn -0.951054752 -7.18026385e-08 0.309022635
vn 0.500020266 0.866013706 -0
vn 0.500020862 0.866013348 -0
vn 0.866013527 0.500020623 -0
vn -1.28794431e-09 0.0170593392 -0.999854565
vn -1.2879442e-09 0.0170593373 -0.999854505
vn -1.28794431e-09 0.0170593392 -0.999854565
vn -7.43508863e-08 0.984807312 0.173650384
vn -7.43508863e-08 0.984807312 0.173650384
vn -7.43508863e-08 0.984807312 0.173650384
vn 0.707107067 0.707106471 -0
vn 0.707106352 0.707107246 -0
vn 0.382666856 0.923886478 -0
vn -0.951054573 -7.18026243e-08 -0.309023082
vn -0.996917009 -7.52651417e-08 -0.0784637481
vn -0.996916771 -7.52651275e-08 -0.0784668997
vn 0.0784491152 5.92274407e-09 -0.996918201
vn 0.0784477293 5.92263882e-09 -0.996918261
vn -0.0784172416 -5.92033755e-09 -0.996920705
vn 0.991441667 0.130550236 -0
vn 0.866013527 0.500020623 -0
vn 0.866013527 0.500020623 -0
vn -0.809050143 -6.1081586e-08 -0.587739706
vn -0.809050977 -6.108165e-08 -0.587738454
vn -0.587773263 -4.43756463e-08 -0.809025824
vn -1 -7.54979013e-08 -2.6497931e-08
vn -1 -7.54979013e-08 -6.54683561e-08
vn -1 -7.54979013e-08 -3.77055862e-08
vn -0.173445985 -0.982138932 -0.0729354173
vn -0.164399326 -0.981707215 0.0960405245
vn -0.164409325 -0.981596291 0.0971509293
vn -7.54979013e-08 1 -0
vn -7.54979013e-08 1 -0
vn -7.54979013e-08 1 -0
vn 0.308926791 2.33233237e-08 -0.951085865
vn 0.0784477293 5.92263882e-09 -0.996918261
vn 0.0784491152 5.92274407e-09 -0.996918201
vn -0.541643202 -0.840608537 -9.09324793e-09
vn -0.534395635 -0.805245101 -0.25690791
vn -0.538411558 -0.802433431 -0.257319987
vn -0.954528093 -0.293591768 -0.0517685413
vn -0.954528093 -0.293591768 -0.0517685413
vn -0.954528093 -0.293591768 -0.0517685413
vn 0.9978894 0.0112241311 0.0639591739
vn 0.70316571 0.673677683 -0.227412328
vn 0.705619872 0.706164479 -0.0585861802
vn -2.67976857e-13 3.5494611e-06 -1
vn 3.25763552e-14 -4.31486882e-07 -1
vn -1.28990529e-15 1.70853127e-08 -1
vn -0.923857391 -0.37692076 -0.0664689764
vn -1 -1.4294279e-05 1.51014092e-06
vn -1 1.26827608e-05 -1.65523659e-06
vn 7.54979013e-08 -1 -0
vn 7.54979013e-08 -1 -0
vn 7.54979013e-08 -1 -0
vn 0.923879266 0.376868278 0.0664638132
vn 1 -5.225515e-06 6.78345896e-06
vn 0.923882246 0.376859725 0.0664708391
vn 1.63462046e-05 0.173648998 -0.984807551
vn -1.31101308e-08 0.173648939 -0.98480767
vn -7.47707008e-06 0.173643768 -0.984808564
vn -0.923878729 0.376872122 0.0664491653
vn -0.707106233 0.696366847 0.12277627
vn -0.707118154 0.696353018 0.122785896
vn -0.877467871 0.412366599 -0.244957179
vn -0.671634436 0.715726554 -0.191422895
vn -0.877540767 0.412211776 -0.244956478
vn 0.121647581 -0.86227113 -0.491620004
vn 0.448882103 -0.772703886 -0.448813498
vn 0.491579771 -0.862299919 -0.121607415
vn -0.194707856 -0.171364114 -0.965775907
vn -0.202685788 -0.369609743 -0.906811535
vn -0.187620029 -0.0962109193 -0.97751838
vn -0.130550325 0.991441667 -0
vn -0.500020325 0.866013765 -0
vn -0.130549893 0.991441727 -0
vn 6.90166891e-13 -9.1415377e-06 -1
vn 3.25763552e-14 -4.31486882e-07 -1
vn -2.67976857e-13 3.5494611e-06 -1
vn -7.89704864e-05 0.820452213 -0.571715117
vn 0.426314205 0.281371087 -0.859701455
vn -0.000100708152 0.455385149 -0.890294552
vn -0.707106173 0.707107365 -0
vn -0.382635921 0.923899233 -0
vn -0.382633388 0.923900187 -0
vn 1 7.54979013e-08 -5.57457867e-08
vn 0.992186248 -2.02218962e-06 -0.124766208
vn 1 7.54979013e-08 -1.64293592e-08
vn -4.57026908e-05 0.173635885 -0.984809995
vn -2.28618374e-05 0.17364867 -0.98480767
vn -0.000182797055 0.173632964 -0.984810412
vn -0.173404604 0.982150197 0.072882928
vn -0.164358929 0.981604993 0.0971480906
vn -0.185142532 0.91164887 0.36690405
vn -0.218496546 -0.827056944 -0.517915189
vn -0.209097058 -0.694308877 -0.688631773
vn -0.225127891 -0.675690591 -0.701968431
vn -0.58778137 -4.43762609e-08 -0.809019864
vn -0.587780654 -4.4376204e-08 -0.80902034
vn -0.308969945 -2.33265816e-08 -0.951071799
vn 1 7.54979013e-08 8.48643822e-08
vn 1 7.54979013e-08 8.66196785e-08
vn 1 7.54979013e-08 6.33393e-08
vn -0.208307728 0.165364504 -0.963982642
vn -0.209134445 0.364091307 -0.907579362
vn -0.211102426 0.356331795 -0.910199761
vn -0.171995595 0.970482647 -0.16905947
vn -0.185002983 0.911694586 -0.366860807
vn -0.164371669 0.98160243 -0.0971528441
vn 1 7.54979013e-08 -4.90598562e-10
vn 1 7.54979013e-08 -0
vn 1 7.54979013e-08 -3.00780876e-08
vn -7.43498845e-08 0.98479408 0.173726141
vn -7.43499342e-08 0.984794676 0.173722386
vn -7.43498489e-08 0.984793603 0.173728302
vn 7.54979013e-08 -1 -0
vn 7.54979013e-08 -1 -0
vn 7.54979013e-08 -1 -0
vn -0.20829761 -0.165434122 0.963972867
vn -0.209156707 -0.36416626 0.907544196
vn -0.211103186 -0.356491894 0.910136819
vn -0.195260659 0.0760841817 -0.97779572
vn -0.187593922 0.0962434486 -0.977520168
vn -0.209134445 0.364091307 -0.907579362
vn -1 -7.54979013e-08 -0
vn -1 -7.54979013e-08 -0
vn -1 -7.54979013e-08 -0
vn -0.218517572 0.827298045 0.517521083
vn -0.209062144 0.694307685 0.688643515
vn -0.225096941 0.675627828 0.702038825
vn -0.203806117 -0.912548244 -0.35456869
vn -0.185188472 -0.911653459 -0.366869688
vn -0.209097058 -0.694308877 -0.688631773
vn -2.05211782e-05 0.960558474 -0.278078139
vn -0.641636312 0.558795035 -0.525405467
vn -0.703179955 0.673611641 -0.227563798
vn -0.587830245 -4.43799486e-08 0.808984339
vn -0.587830663 -4.43799806e-08 0.808984101
vn -0.30894807 -2.33249313e-08 0.951078892
vn 1 7.54979013e-08 -0
vn 0.997876585 -0.0651329383 2.76590276e-06
vn 1 7.54979013e-08 -0
vn 1 7.54979013e-08 -8.51286686e-08
vn 1 7.54979013e-08 -7.61551462e-08
vn 1 7.54979013e-08 -3.39551107e-08
vn -4.92116123e-06 0.0788545087 -0.996886134
vn 3.32369091e-05 0.0788594261 -0.996885777
vn 4.96837947e-06 0.0788517892 -0.996886373
vn 0.184098631 -0.970191717 0.1575941
vn 0.177962065 -0.970360518 0.163492829
vn 7.14127992e-08 -0.945891142 0.32448402
vn -0.202293947 0.826977789 -0.524580777
vn -0.185002983 0.911694586 -0.366860807
vn -0.194838315 0.916845083 -0.348472595
vn -2.77407453e-05 -0.173719242 0.984795213
vn 4.04228667e-05 -0.173623085 0.9848122
vn 0.000104099701 -0.173493356 0.984835029
vn 1.28808353e-09 -0.0170611832 0.999854445
vn 1.28808242e-09 -0.0170611683 0.999854445
vn 1.28808253e-09 -0.0170611702 0.999854445
vn -1 -7.54979013e-08 -6.46129106e-09
vn -1 -7.54979013e-08 -3.05956611e-08
vn -1 -7.54979013e-08 -1.02549151e-08
vn -0.923874199 0.376882195 0.0664548799
vn -1 -1.70313197e-05 -3.27896373e-06
vn -0.923873007 0.376885086 0.066455245
vn -0 0 1
vn 1.48367487e-15 -1.96518695e-08 1
vn -0 0 1
vn -0.308955282 -2.33254749e-08 -0.951076567
vn -0.156448215 -1.18115118e-08 -0.987686217
vn -0.156447843 -1.18114833e-08 -0.987686276
vn 0.866642177 -1.39802014e-05 -0.498930156
vn 0.49153176 -0.121591799 -0.862329483
vn 0.486026496 -1.1407873e-05 -0.873944104
vn -1 -7.54979013e-08 1.71837101e-07
vn -1 -7.54979013e-08 7.1415279e-08
vn -1 -7.54979013e-08 -0
vn 7.53579954e-08 -0.998146892 -0.0608507283
vn 7.53579954e-08 -0.998146832 -0.0608507171
vn 7.53579954e-08 -0.998146892 -0.0608507432
vn 7.28982135e-15 -9.65566116e-08 1
vn 3.38239528e-13 -4.48011815e-06 1
vn 7.94009227e-14 -1.05169704e-06 1
vn -0.923878729 0.376872122 0.0664491653
vn -0.707118154 0.696353018 0.122785896
vn -0.92387116 0.376889586 0.066456452
vn 1.85288837e-13 -2.45422507e-06 -1
vn 1.2330985e-13 -1.63328843e-06 -1
vn -0 0 -1
vn -7.54979013e-08 1 0.000124796832
vn -7.55125669e-08 1 -0.000210771759
vn -7.54979013e-08 1 0.000124796788
vn 0.923899412 0.382635474 -0
vn 0.923899353 0.382635564 -0
vn 0.707106054 0.707107484 -0
vn -7.54979013e-08 1 -0
vn -7.54979013e-08 1 -0
vn -7.54979013e-08 1 -0
vn 0.500017881 -0.866015077 -0
vn 0.130544454 -0.991442442 -0
vn 0.130551875 -0.991441488 -0
vn -0.923880756 -0.376864225 -0.0664647818
vn -0.707117438 -0.696347356 -0.122822396
vn -0.707114637 -0.696350038 -0.122823283
vn 1 7.54979013e-08 -9.43981533e-08
vn 1 7.54979013e-08 -0
vn 1 7.54979013e-08 -0
vn 0.997888625 -0.0324382484 0.056268964
vn 0.703113139 0.662298083 0.258830279
vn 0.70554316 0.578682244 0.409066975
vn -0.130544856 -0.991442382 -0
vn 0.130551875 -0.991441488 -0
vn 0.130544454 -0.991442442 -0
vn -1 -7.54979013e-08 -4.71009656e-07
vn -1 -7.54979013e-08 -2.17977359e-07
vn -1 -7.54979013e-08 -4.24870268e-06
vn -0.866013587 -0.500020504 -0
vn -0.866013587 -0.500020444 -0
vn -0.500020146 -0.866013825 -0
vn 1.06153211e-05 0.928478241 -0.371386796
vn 4.54061592e-06 0.928478897 -0.371385157
vn -0.355306983 0.85780704 -0.371381372
vn 5.90493502e-14 -7.82132304e-07 -1
vn -0 0 -1
vn -0 0 -1
vn 1 7.54979013e-08 -0
vn 0.991441667 -0.130550668 -0
vn 1 7.54979013e-08 -0
vn -0.86600399 0.492450446 0.0867737457
vn -0.865985394 0.492471993 0.0868368745
vn -0.866014838 0.492437929 0.0867369473
vn -1 -7.54979013e-08 -0
vn -1 -7.54979013e-08 1.74137838e-07
vn -1 -7.54979013e-08 3.83726587e-07
vn 1 7.54979013e-08 -0
vn 1 7.54979013e-08 -0
vn 1 7.54979013e-08 -0
vn -1.40385055e-05 -0.984806836 -0.173653856
vn -0.382681966 -0.909843743 -0.160433963
vn -0.382690936 -0.909840167 -0.160432905
vn -1 -7.54979013e-08 -0
vn -1 -7.54979013e-08 -0
vn -1 -7.54979013e-08 -0
vn -0.700912356 0.713202357 0.00802164804
vn -3.15412905e-07 0.994021714 -0.109182946
vn -0.705616534 0.706167817 -0.0585864261
vn -0.92387265 -0.376887649 -0.0664446056
vn -1 7.20246953e-06 1.16423303e-06
vn -0.923863053 -0.37690866 -0.0664599687
vn -1 -2.31069826e-05 -1.14274762e-05
vn -0.923874915 -0.376877248 -0.0664736256
vn -0.923880756 -0.376864225 -0.0664647818
vn 5.33850759e-08 -0.707106769 0.707106769
vn 5.33850795e-08 -0.707106769 0.707106769
vn 5.33850759e-08 -0.707106769 0.707106769
vn 5.68907517e-08 -0.753540874 -0.657401204
vn 5.68907517e-08 -0.753540814 -0.657401204
vn 5.68907517e-08 -0.753540874 -0.657401204
vn -5.68907517e-08 0.753540874 -0.657401204
vn -5.68907517e-08 0.753540814 -0.657401204
vn -5.68907517e-08 0.753540874 -0.657401204
vn 0.70312804 -0.55528307 -0.444152743
vn 0.907333195 0.210203275 -0.3640894
vn 0.994258642 0.0536393858 -0.0925880149
vn 2.33634546e-06 -0.121312514 0.992614388
vn -0.00185253727 -0.121485099 0.9925915
vn -0.0047943457 -0.122260012 0.992486537
vn 0.983486831 -0.127979875 -0.127964437
vn 0.862271726 -0.121646382 -0.491619498
vn 0.866642177 -1.39802014e-05 -0.498930156
vn 0.923860788 0.382728636 -0
vn 0.92386049 0.382729501 -0
vn 0.707106352 0.707107246 -0
vn 0.914753258 0.397481352 -0.0723534003
vn 0.700105846 0.713846684 -0.0165759213
vn 0.700107992 0.713844597 -0.0165756084
vn -1 -7.54979013e-08 5.87457635e-07
vn -1 -7.54979013e-08 -5.64840718e-07
vn -1 -7.54979013e-08 3.02492964e-07
vn -1 -7.54979013e-08 -0
vn -1 -7.54979013e-08 -0
vn -1 -7.54979013e-08 -0
vn -1 -7.54979013e-08 -4.20533386e-10
vn -1 -7.54979013e-08 -4.49084361e-08
vn -1 -7.54979013e-08 -4.44879014e-08
vn 1 7.54979013e-08 -0
vn 1 7.54979013e-08 -0
vn 1 7.54979013e-08 -0
vn -0.707106292 0.707107246 -0
vn -0.707106948 0.70710665 -0
vn -0.707106769 0.707106829 -0
vn -1 -7.54979013e-08 -0
vn -1 -7.54979013e-08 3.02492964e-07
vn -1 -7.54979013e-08 -5.03100239e-07
vn 1 7.54979013e-08 -0
vn 1 7.54979013e-08 -0
vn 1 7.54979013e-08 -0
vn 4.22884394e-09 -0.0560127348 0.998430073
vn 4.22884394e-09 -0.0560127385 0.998430133
vn 4.22884394e-09 -0.0560127348 0.998430073
vn -1 -7.54979013e-08 1.53806809e-07
vn -1 -7.54979013e-08 -0
vn -1 -7.54979013e-08 2.35164507e-07
vn 1 7.54979013e-08 -8.51286686e-08
vn 1 7.54979013e-08 -3.39551107e-08
vn 1 7.54979013e-08 -9.43981533e-08
vn 0.382669479 -0.923885286 -0
vn 0.707109988 -0.70710361 -0
vn 0.707103729 -0.707109809 -0
vn 0.382666945 0.923886359 -0
vn 0.382666856 0.923886478 -0
vn 0.194965988 0.980809987 -0
vn -0.0784172416 -5.92033755e-09 -0.996920705
vn -0.308970541 -2.33266277e-08 -0.95107162
vn -0.308969945 -2.33265816e-08 -0.951071799
vn 0.382669479 -0.923885286 -0
vn 0.382669717 -0.923885226 -0
vn 6.53616416e-06 -1 -0
vn 1 7.54979013e-08 -3.53643093e-09
vn 1 7.54979013e-08 -4.47300721e-08
vn 1 7.54979013e-08 -0
vn -0.38266331 -0.923887849 -0
vn 6.31404146e-06 -1 -0
vn 6.53616416e-06 -1 -0
vn -1 -7.54979013e-08 -6.31690455e-07
vn -1 -7.54979013e-08 -5.89666683e-07
vn -1 -7.54979013e-08 -0
vn -1 1.06511507e-05 -0
vn -1 2.47800585e-06 -0
vn -0.923884451 -0.382671654 -0
vn 1 7.54979013e-08 -0
vn 1 7.54979013e-08 -0
vn 1 7.54979013e-08 -0
vn 0.923874915 -0.382694632 -0
vn 0.707103729 -0.707109809 -0
vn 0.707109988 -0.70710361 -0
vn 0.923872352 0.382700741 -0
vn 0.923872769 0.382699877 -0
vn 1 1.19479246e-05 -0
vn -0.866013646 -0.500020444 -0
vn -0.500021458 -0.86601305 -0
vn -0.866013408 -0.500020921 -0
vn -0 0 -1
vn -0 0 -1
vn -0 0 -1
vn -0.707103968 0.707109571 -0
vn -0.707109928 0.70710361 -0
vn -0.923886895 0.382665634 -0
vn -0 0 -1
vn -0 0 -1
vn 1.2330985e-13 -1.63328843e-06 -1
vn -2.71787917e-06 -0.130451456 -0.991454661
vn 0.121591672 -0.49153477 -0.862327695
vn 4.49606887e-06 -0.500003994 -0.866023123
vn 0.857807815 -0.355303973 -0.371382266
vn 0.928479433 5.48307389e-06 -0.371383816
vn 0.92847836 1.10538804e-05 -0.371386468
vn -1 -7.54979013e-08 -0
vn -1 -7.54979013e-08 -8.28167231e-07
vn -1 -7.54979013e-08 -4.43504376e-07
vn -0.382678092 0.923881829 -0
vn -0.382680774 0.923880696 9.42565657e-06
vn -0.707109928 0.70710361 -0
vn -1 -7.54979013e-08 -0
vn -1 -7.54979013e-08 -0
vn -1 -7.54979013e-08 -0
vn -1 -7.54979013e-08 -1.05876711e-06
vn -0.995182931 0.0980353579 -5.27378177e-08
vn -1 -7.54979013e-08 -1.01265937e-06
vn -0.38266331 -0.923887849 -0
vn -0.382663429 -0.923887849 -0
vn -0.752337873 -0.658777416 -0
vn 0.866080046 0.492326826 0.086717099
vn 0.866080046 0.492326826 0.086717099
vn 0.866080046 0.492326826 0.086717099
vn 1.56817005e-05 -0.984807253 -0.173651442
vn 1.56848764e-05 -0.984807312 -0.173650846
vn 0.382703155 -0.9098351 -0.160431519
vn -1 -7.54979013e-08 -2.11769269e-08
vn -1 -7.54979013e-08 -0
vn -1 -7.54979013e-08 -1.87085849e-08
vn 7.54979013e-08 -1 -0
vn 7.54979013e-08 -1 -0
vn 7.54979013e-08 -1 -0
vn -0.656517506 -0.656540871 -0.371401221
vn -0.355299324 -0.857812822 -0.371375173
vn -0.355273664 -0.857816994 -0.371390373
vn 0.923873782 0.376883417 0.0664548203
vn 1 -1.70060666e-05 -2.42899637e-06
vn 1 -1.00127145e-05 -2.09163545e-06
vn 0.688834786 0.396714091 -0.606732726
vn 0.745601416 0.115727246 -0.65626657
vn 0.745595217 0.115714453 -0.656275809
vn 0.888473213 0.368014455 -0.274190992
vn 0.888492227 0.367982358 -0.274172544
vn 0.961682141 -6.0117668e-06 -0.274166793
vn -0.368011922 -0.888470411 -0.274203479
vn -0.680032611 -0.679986715 -0.274178356
vn -0.680027246 -0.679987252 -0.274190217
vn 3.33237222e-06 -0.96166718 -0.274219126
vn 8.65144193e-06 -0.961669326 -0.274211913
vn -0.368011922 -0.888470411 -0.274203479
vn -0.688825488 -0.165297672 -0.705830097
vn -0.745590866 0.115716673 -0.656280339
vn -0.688824177 -0.165317476 -0.705826759
vn -0.888478339 -0.368015707 -0.274173051
vn -0.680027246 -0.679987252 -0.274190217
vn -0.680032611 -0.679986715 -0.274178356
vn 0.679990172 0.680017889 -0.274206161
vn 0.368034452 0.888470352 -0.274173498
vn 0.368020833 0.888467133 -0.274202466
vn 0.680004418 -0.680008531 -0.274194092
vn 0.680034637 -0.679979026 -0.274192363
vn 0.368003458 -0.888473213 -0.274205804
vn 0.368003458 -0.888473213 -0.274205804
vn 8.65144193e-06 -0.961669326 -0.274211913
vn 3.33237222e-06 -0.96166718 -0.274219126
vn 3.16383239e-06 0.961676538 -0.27418682
vn 0.368020833 0.888467133 -0.274202466
vn 0.368034452 0.888470352 -0.274173498
vn 0.888487697 -0.367988706 -0.274178952
vn 0.680034637 -0.679979026 -0.274192363
vn 0.680004418 -0.680008531 -0.274194092
vn -0.680012465 0.679996729 -0.27420336
vn -0.679995298 0.680018187 -0.27419275
vn -0.368029028 0.888464451 -0.274199903
vn -0.961672068 -4.17582157e-07 -0.274202168
vn -0.888475835 0.367995858 -0.274207264
vn -0.888468385 0.368023366 -0.274194807
vn -0.368029028 0.888464451 -0.274199903
vn 8.54650898e-06 0.961669385 -0.274211556
vn 3.16383239e-06 0.961676538 -0.27418682
vn 0.355273813 -0.857816935 -0.371390253
vn 0.355299383 -0.857812703 -0.371375442
vn 0.656533599 -0.656533182 -0.371386439
vn 1.02767563e-05 0.173641726 -0.984808922
vn -9.15563987e-07 0.173653275 -0.984806895
vn 5.19535934e-05 0.173795462 -0.984781802
vn 0.656551719 0.656519294 -0.371378958
vn 0.656531453 0.656538486 -0.371380746
vn 0.355300248 0.857813001 -0.371373892
vn 0.857813776 0.355292708 -0.371379435
vn 0.656531453 0.656538486 -0.371380746
vn 0.656551719 0.656519294 -0.371378958
vn 3.16383239e-06 0.961676538 -0.27418682
vn 8.54650898e-06 0.961669385 -0.274211556
vn 0.368020833 0.888467133 -0.274202466
vn 0.928479433 5.48307389e-06 -0.371383816
vn 0.857813776 0.355292708 -0.371379435
vn 0.857804835 0.355313689 -0.371379942
vn -0.857812524 -0.355283797 -0.371390909
vn -0.656517506 -0.656540871 -0.371401221
vn -0.65651679 -0.656537771 -0.371407896
vn 7.00984302e-08 -0.928481817 -0.371377856
vn 0.355299383 -0.857812703 -0.371375442
vn 0.355273813 -0.857816935 -0.371390253
vn 0.355332702 0.857797086 -0.371379584
vn 0.355300248 0.857813001 -0.371373892
vn 4.54061592e-06 0.928478897 -0.371385157
vn -1 -7.54979013e-08 -1.70368928e-08
vn -1 -7.54979013e-08 -1.87085849e-08
vn -1 -7.54979013e-08 -0
vn 7.54979013e-08 -1 -0
vn 7.54979013e-08 -1 -0
vn 7.54979013e-08 -1 -0
vn 0.857820392 -0.355269939 -0.371385902
vn 0.656525314 -0.656523228 -0.371418625
vn 0.656533599 -0.656533182 -0.371386439
vn -0.355306983 0.85780704 -0.371381372
vn -0.656536341 0.656535208 -0.371378064
vn -0.65655607 0.65651381 -0.371380985
vn 0.809023261 6.1079561e-08 0.587776661
vn 0.951044202 7.18018427e-08 0.309054971
vn 0.951046646 7.18020274e-08 0.309047341
vn 0.991279721 -0.065801315 0.114169635
vn 0.705663979 -0.643501818 -0.296553284
vn 0.997888625 -0.0324382484 0.056268964
vn 0.700126648 -0.665116489 -0.259697378
vn 0.914738894 -0.348774195 -0.203983665
vn 0.914738655 -0.348803014 -0.20393531
vn -0.923880517 0.376867503 0.0664520562
vn -0.707141221 0.696330309 0.12278185
vn -0.707109153 0.696363866 0.12277662
vn -0.363425881 -0.809878528 -0.460454762
vn -0.363533705 -0.809821129 -0.460470438
vn -0.671579778 -0.607132494 -0.424700886
vn 1.28812316e-09 -0.0170617085 0.999854445
vn 1.29185507e-09 -0.0171111394 0.999853611
vn 1.28807154e-09 -0.0170610249 0.999854505
vn -0.748948693 0.574654281 -0.329921603
vn -0.472008407 0.817519844 -0.329953671
vn -0.471976429 0.817544281 -0.32993874
vn 0.693323672 -0.648832083 -0.313558996
vn 0.905928731 -0.335514098 -0.258308679
vn 0.693361342 -0.648804128 -0.313533664
vn -0.382660866 -0.923888862 -6.48267996e-06
vn 7.54979013e-08 -1 -0
vn 7.54979013e-08 -1 -0
vn 0.980791628 -0.19505851 -0
vn 0.980791748 -0.195057705 -0
vn 0.980791688 -0.195058167 -0
vn 2.36764827e-05 0.173628479 -0.984811246
vn 4.4909968e-05 0.173636273 -0.984809875
vn 1.53865749e-05 0.173666134 -0.98480463
vn -8.03343028e-08 1 -0
vn -0.195129409 0.980777502 -0
vn -0.195130393 0.980777323 -0
vn 0.980578661 0.0340378545 -0.193150446
vn 0.905928731 0.403625846 -0.127982333
vn 0.905933678 0.403611898 -0.127990469
vn 2.86034765e-06 0.173607737 -0.984814882
vn 1.97901636e-06 0.17364347 -0.984808564
vn 1.08173992e-07 0.173646256 -0.984808087
vn -0.980793297 0.195049956 -0
vn -0.980793178 0.195050776 -0
vn -0.980793297 0.195050299 -0
vn -0.923869848 -0.382706881 -0
vn -0.707142591 -0.707070947 -0
vn -0.707142651 -0.707070887 -0
vn 0.375226945 0.92623955 -0.0358496569
vn -5.90584136e-07 0.999738574 -0.0228652358
vn 0.37522918 0.926239431 -0.0358290747
vn 7.54979013e-08 -1 -0
vn 7.54979013e-08 -1 -0
vn 0.195129082 -0.980777621 -0
vn 0.707109272 0.696363688 0.122776791
vn 0.923906565 0.376805305 0.0664410442
vn 0.923907161 0.376803994 0.0664408803
vn 0.707146525 0.707067072 -0
vn 0.555670857 0.831402361 -0
vn 0.555672705 0.83140105 -0
vn -0.911854923 0.244316787 -0.329893917
vn -0.935926676 -0.123294637 -0.32990855
vn -0.935937762 -0.123239093 -0.329898
vn 0.707139254 0.707074344 -0
vn 0.923858583 0.382734001 -0
vn 0.923863053 0.38272348 -0
vn 0.98077035 0.195165679 -0
vn 0.923863053 0.38272348 -0
vn 0.923858583 0.382734001 -0
vn -0.17789112 0.964241862 0.196449444
vn 1.6774753e-07 0.934204757 0.356737345
vn -0.18400678 0.964275062 0.190565228
vn 0.911852121 -0.244322762 -0.329897344
vn 0.935931087 0.123221248 -0.329923689
vn 0.935932398 0.123219706 -0.32992065
vn 0.70711261 0.696357191 0.122794427
vn 0.707119942 0.696348906 0.122799039
vn 0.923904538 0.376809806 0.0664436296
vn 0.555582285 -0.831461549 -0
vn 0.555582285 -0.831461549 -0
vn 0.555582285 -0.831461549 -0
vn -0 0 -1
vn 5.07316662e-14 -6.71961288e-07 -1
vn -1.55697205e-13 2.06227196e-06 -1
vn 0.472038209 -0.817542791 -0.329854041
vn 0.472023517 -0.817526579 -0.329915553
vn 0.748975098 -0.574662447 -0.329847455
vn -0.961672068 -4.17582157e-07 -0.274202168
vn -0.888468385 0.368023366 -0.274194807
vn -0.961682618 -2.59028283e-08 -0.274165243
vn -0.382628411 0.909868896 0.160418704
vn -1.39554077e-05 0.984812319 0.173622712
vn -1.52989414e-05 0.984807551 0.173649177
vn -0.888478339 -0.368015707 -0.274173051
vn -0.680032611 -0.679986715 -0.274178356
vn -0.888468146 -0.368008167 -0.274215996
vn -0.817495704 -0.47208029 -0.329910874
vn -0.711111009 -0.623834729 -0.324270427
vn -0.711198747 -0.623747885 -0.324245334
vn -0.723144531 0.654885054 -0.219516888
vn -0.829540849 0.504088938 -0.240325794
vn -0.829329014 0.504447341 -0.240304217
vn 7.54960325e-08 -0.999975204 -0.00704821339
vn 7.54960325e-08 -0.999975204 -0.00704821153
vn 7.54960254e-08 -0.999975204 -0.00704821246
vn -0.568825006 0.768750012 -0.292338252
vn -0.471976429 0.817544281 -0.32993874
vn -0.472008407 0.817519844 -0.329953671
vn 0.246247515 0.919232607 -0.307202697
vn 0.246290073 0.919224024 -0.307194322
vn 0.246321023 0.919212937 -0.307203054
vn 0.555671394 0.831402004 -0
vn 0.382757694 0.923848748 -0
vn 0.382759184 0.923848152 -0
vn 0.915899754 -0.360829026 -0.175869539
vn 0.911859989 -0.373196691 -0.170984507
vn 0.919300616 -0.349913388 -0.180130348
vn 0.384050488 -0.909284472 -0.160333946
vn 0.384050488 -0.909284472 -0.160333946
vn 0.384050488 -0.909284472 -0.160333946
vn -0.59474057 0.761080384 -0.258921444
vn -0.76428616 0.623854756 -0.163315445
vn -0.806560397 0.557246447 -0.197323829
vn 0.895592034 0.361754626 -0.258937269
vn 0.876985133 0.381361157 -0.292336822
vn 0.977117777 0.0793074891 -0.19736059
vn -0.973608077 0.14552626 -0.175811037
vn -0.968003094 0.169540763 -0.185002953
vn -0.97108829 0.15669407 -0.180096
vn -2.12017881e-07 1 -0
vn -1.09172083e-06 1 -0
vn 2.57402849e-06 1 -0
vn 1 7.54979013e-08 -5.69940448e-06
vn 1 7.54979013e-08 -6.5431218e-06
vn 1 7.54979013e-08 7.74461296e-06
vn -0.705670714 -0.683565199 0.186460257
vn -0.700904906 -0.667457581 0.251461267
vn -0.991311312 0.0229880251 0.129512876
vn 7.4350929e-08 -0.984807849 -0.173647508
vn 7.4350929e-08 -0.984807849 -0.173647553
vn 7.4350929e-08 -0.984807909 -0.173647448
vn -0.748896718 0.574737906 -0.329894006
vn -0.911854923 0.244316787 -0.329893917
vn -0.911846936 0.244380966 -0.329868257
vn -2.58040984e-07 1 -0
vn 6.5294048e-06 1 -0
vn -5.22066739e-06 1 -0
vn -1.16397516e-07 1 -0
vn -7.51743244e-07 1 -0
vn -7.54979013e-08 1 -0
vn 1 7.54979013e-08 -1.10930032e-05
vn 1 7.54979013e-08 7.89997375e-06
vn 1 7.54979013e-08 6.51469963e-06
vn -0.246321768 -0.919202805 -0.30723244
vn -0.246335462 -0.919202149 -0.307223618
vn -0.246310204 -0.91920352 -0.30723989
vn -1 -7.54979013e-08 -1.10930032e-05
vn -1 -7.54979013e-08 -1.24776625e-05
vn -1 -7.54979013e-08 6.51469963e-06
vn -0.356440336 -0.305635333 0.882914126
vn -0.356444508 -0.305621207 0.882917285
vn -0.272812992 -0.428885639 0.861179471
vn -1.24852193e-06 1 -0
vn -7.51743244e-07 1 -0
vn -1.16397516e-07 1 -0
vn 0.38271594 0.909825981 0.160452932
vn 0.707104206 0.696365297 0.122796506
vn 0.382713258 0.909827292 0.160452679
vn -0.375228792 0.926238775 -0.0358491316
vn -0.693395317 0.716875017 -0.07275372
vn -0.693353891 0.716917217 -0.0727329403
vn -9.12934723e-08 0.99688828 0.078827709
vn -7.52411609e-08 0.996876895 0.078971073
vn -7.52629745e-08 0.99688828 0.078827709
vn -5.95213434e-09 0.078838408 -0.996887386
vn -5.95245275e-09 0.078842625 -0.996887088
vn -5.95228267e-09 0.0788403749 -0.996887267
vn -1 -7.54979013e-08 -3.15227382e-08
vn -1 -7.54979013e-08 -1.04896927e-07
vn -0.991441905 -0.130549327 -1.53763775e-08
vn -1.10849965e-06 1 -0
vn -7.51743244e-07 1 -0
vn -1.24852193e-06 1 -0
vn 7.4253812e-08 -0.983521581 -0.180791199
vn 7.42538049e-08 -0.983521461 -0.180791467
vn 2.35099549e-07 -0.983582854 -0.180456951
vn -5.95311045e-09 0.0788513348 -0.996886432
vn -5.95322325e-09 0.0788528323 -0.996886253
vn -5.26565645e-06 0.0788530409 -0.996886253
vn 1 7.54979013e-08 9.57252908e-08
vn 1 7.54979013e-08 3.60964606e-07
vn 1 7.54979013e-08 -0
vn -1.55697205e-13 2.06227196e-06 -1
vn 5.07316662e-14 -6.71961288e-07 -1
vn -7.48957035e-14 9.92023615e-07 -1
vn -0.905925691 -0.335524738 -0.258305699
vn -0.905924499 -0.335522026 -0.258313417
vn -0.693323612 -0.648831666 -0.313560039
vn -5.90584136e-07 0.999738574 -0.0228652358
vn 2.92490654e-07 0.999738216 -0.0228803121
vn -0.375228792 0.926238775 -0.0358491316
vn -0.980578065 0.0340542048 -0.193149969
vn -0.905924499 -0.335522026 -0.258313417
vn -0.905925691 -0.335524738 -0.258305699
vn -0.693323612 -0.648831666 -0.313560039
vn -0.375259608 -0.858102143 -0.350486696
vn -0.375220597 -0.85813421 -0.35044995
vn 0.980578661 0.0340378545 -0.193150446
vn 0.905928731 -0.335514098 -0.258308679
vn 0.905926168 -0.335522264 -0.258307427
vn 0.375226945 0.92623955 -0.0358496569
vn 2.92490654e-07 0.999738216 -0.0228803121
vn -5.90584136e-07 0.999738574 -0.0228652358
vn 0.375219256 -0.858134329 -0.350451112
vn 0.375257909 -0.858103454 -0.350485384
vn 0.693323672 -0.648832083 -0.313558996
vn 0.246247515 0.919232607 -0.307202697
vn 0.246321023 0.919212937 -0.307203054
vn 0.24642998 0.919189394 -0.307186067
vn 0.693355441 0.716915488 -0.0727352276
vn 0.693392813 0.71687752 -0.0727532953
vn 0.375226945 0.92623955 -0.0358496569
vn 4.26183105e-05 0.173661023 -0.984805465
vn 1.02767563e-05 0.173641726 -0.984808922
vn 0.00010159197 0.173672795 -0.984803379
vn 0.905933678 0.403611898 -0.127990469
vn 0.905928731 0.403625846 -0.127982333
vn 0.693392813 0.71687752 -0.0727532953
vn 0.980578661 0.0340378545 -0.193150446
vn 0.980580568 0.0340570547 -0.193137303
vn 0.905928731 0.403625846 -0.127982333
vn 0.693323672 -0.648832083 -0.313558996
vn 0.905926168 -0.335522264 -0.258307427
vn 0.905928731 -0.335514098 -0.258308679
vn -0.375220597 -0.85813421 -0.35044995
vn -0.375259608 -0.858102143 -0.350486696
vn -1.14686861e-06 -0.931614935 -0.363447011
vn -1 -7.54979013e-08 1.47617115e-07
vn -1 -7.54979013e-08 -5.26145129e-07
vn -1 -7.54979013e-08 -0
vn -0.693395317 0.716875017 -0.07275372
vn -0.905927002 0.403626978 -0.127989784
vn -0.90592885 0.403625488 -0.127981558
vn -1 -7.54979013e-08 -6.07723905e-07
vn -1 -7.54979013e-08 6.07723791e-07
vn -1 -7.54979013e-08 -7.53911934e-07
vn -0.688825488 -0.165297672 -0.705830097
vn -0.74560082 0.115730107 -0.656266689
vn -0.745590866 0.115716673 -0.656280339
vn 5.51888952e-05 0.173628613 -0.984811246
vn -3.87834152e-05 0.173656911 -0.984806299
vn 4.26183105e-05 0.173661023 -0.984805465
vn -0.382716119 0.909829736 0.160431579
vn 4.18964532e-07 0.984807611 0.173649177
vn 5.06025629e-07 0.984806776 0.173654065
vn 1 -1.00127145e-05 -2.09163545e-06
vn 1 -1.70060666e-05 -2.42899637e-06
vn 0.923869193 -0.376894444 -0.0664565563
vn 0.680004418 -0.680008531 -0.274194092
vn 0.368003458 -0.888473213 -0.274205804
vn 0.36798802 -0.888476193 -0.274216771
vn 0.923869193 -0.376894444 -0.0664565563
vn 0.707105398 -0.696365178 -0.122790515
vn 0.707093358 -0.696377397 -0.122790925
vn 0.17802 -0.964190364 -0.196585581
vn 0.184098631 -0.970191717 0.1575941
vn 0.184142262 -0.964222968 -0.190697804
vn -0.707098365 0.696372032 0.122792214
vn -0.382716119 0.909829736 0.160431579
vn -0.382706612 0.90983361 0.16043219
vn -0.866017938 -0.492408365 -0.0868738964
vn -0.866017938 -0.492408365 -0.0868738964
vn -0.866017938 -0.492408365 -0.0868738964
vn 0.382706791 0.909833491 0.160432398
vn 0.38271594 0.909829855 0.160431549
vn 0.70709759 0.696372807 0.12279211
vn -0.707098544 -0.696371853 -0.12279214
vn -0.382717073 -0.909829438 -0.160431311
vn -0.382704318 -0.909834504 -0.160432532
vn 0.907378316 -0.0730264783 -0.413922459
vn 0.641819894 -0.704590619 -0.302686781
vn 0.426407844 -0.558440268 -0.711562335
vn -7.07431553e-08 -0.984806657 -0.173654228
vn -0.382704318 -0.909834504 -0.160432532
vn -0.382717073 -0.909829438 -0.160431311
vn -0.705670714 -0.683565199 0.186460257
vn -0.9978894 0.011222383 0.0639600083
vn -0.994259715 -0.0185647737 -0.105370387
vn 3.38239528e-13 -4.48011815e-06 1
vn 7.28982135e-15 -9.65566116e-08 1
vn -0 0 1
vn 0.923873782 0.376883417 0.0664548203
vn 0.923872948 0.376885295 0.0664557591
vn 1 -1.70060666e-05 -2.42899637e-06
vn -1.16181491e-06 -0.924351633 -0.381541818
vn -0.70097363 -0.672879517 -0.236366749
vn -0.705663025 -0.643502057 -0.296554923
vn 1 7.54979013e-08 -3.70816338e-07
vn 1 7.54979013e-08 -1.27594694e-06
vn 1 7.54979013e-08 1.25441943e-07
vn -0.866069019 0.492339909 0.0867529437
vn -0.866039276 0.492373884 0.0868557096
vn -0.866050243 0.492361397 0.0868178681
vn 0.707139254 0.707074344 -0
vn 0.923863053 0.38272348 -0
vn 0.707146525 0.707067072 -0
vn 7.43498205e-08 -0.984793246 -0.173730612
vn 7.43498205e-08 -0.984793246 -0.173730358
vn 7.43498205e-08 -0.984793246 -0.173730448
vn 0.865987241 -0.49247846 -0.0867828205
vn 0.866018534 -0.492407709 -0.0868709683
vn 0.86600697 -0.492433727 -0.0868385062
vn 1 7.54979013e-08 -0
vn 1 7.54979013e-08 -7.53923246e-07
vn 1 7.54979013e-08 -2.50150988e-14
vn -0.426255345 0.0296363775 -0.904117286
vn -0.641581595 -0.345356643 -0.684910119
vn -0.907268882 0.210280508 -0.364205062
vn 0.923883796 0.376859456 0.0664510652
vn 0.923891664 0.376841247 0.0664435923
vn 1 6.93334187e-06 1.22720587e-06
vn 1 7.54979013e-08 3.70818981e-07
vn 1 7.54979013e-08 -7.53923246e-07
vn 1 7.54979013e-08 -0
vn 2.18527366e-05 -0.807593167 -0.589739978
vn -0.703112066 -0.555398464 -0.444033831
vn -0.641581595 -0.345356643 -0.684910119
vn -0.907268882 0.210280508 -0.364205062
vn -0.641626298 0.765800178 -0.0431967601
vn -0.426352441 0.768044353 -0.477840364
vn 8.15949388e-05 0.995973825 0.0896447003
vn 0.641573191 0.765836358 -0.0433414429
vn 0.426429033 0.768004 -0.477836877
vn -0.703080714 0.662274599 0.258978456
vn -0.641626298 0.765800178 -0.0431967601
vn -0.907268882 0.210280508 -0.364205062
vn 0.991279721 -0.065801315 0.114169635
vn 0.700970054 -0.67288357 -0.236365706
vn 0.705663979 -0.643501818 -0.296553284
vn 4.49178827e-07 -0.896655917 -0.442728311
vn 2.18527366e-05 -0.807593167 -0.589739978
vn 0.70312804 -0.55528307 -0.444152743
vn -0.705663025 -0.643502057 -0.296554923
vn -0.70097363 -0.672879517 -0.236366749
vn -0.991286039 -0.0657491833 0.114145108
vn 0.866043627 0.492365986 0.0868580714
vn 0.866043627 0.492365986 0.0868580714
vn 0.866043627 0.492365986 0.0868580714
vn -0.426352441 0.768044353 -0.477840364
vn 9.19752492e-05 0.499806583 -0.866137028
vn -0.602936268 0.398585439 -0.691084325
vn 0.70554316 0.578682244 0.409066975
vn 0.700725436 0.541342854 0.464684695
vn 0.991279721 -0.065801315 0.114169635
vn -0.70554167 0.578664482 0.409094661
vn 3.02963343e-07 0.83167392 0.555264473
vn 2.023856e-05 0.914486229 0.404617161
vn 9.82138663e-05 0.921020269 -0.389514714
vn 9.19752492e-05 0.499806583 -0.866137028
vn -0.426352441 0.768044353 -0.477840364
vn 8.15949388e-05 0.995973825 0.0896447003
vn 9.82138663e-05 0.921020269 -0.389514714
vn -0.426352441 0.768044353 -0.477840364
vn 0.907333195 0.210203275 -0.3640894
vn 0.602933705 0.398665458 -0.691040397
vn 0.426429033 0.768004 -0.477836877
vn 0.426429033 0.768004 -0.477836877
vn 9.19752492e-05 0.499806583 -0.866137028
vn 9.82138663e-05 0.921020269 -0.389514714
vn 2.023856e-05 0.914486229 0.404617161
vn 0.703113139 0.662298083 0.258830279
vn 0.641573191 0.765836358 -0.0433414429
vn -0.641581595 -0.345356643 -0.684910119
vn -0.426255345 0.0296363775 -0.904117286
vn 7.95140295e-05 -0.12317463 -0.99238503
vn 0.602933705 0.398665458 -0.691040397
vn 9.19752492e-05 0.499806583 -0.866137028
vn 0.426429033 0.768004 -0.477836877
vn -0.703112066 -0.555398464 -0.444033831
vn -0.994280398 0.0535291843 -0.0924179778
vn -0.907268882 0.210280508 -0.364205062
vn -0.997886658 -0.0324686766 0.0562861748
vn -0.991286039 -0.0657491833 0.114145108
vn -0.70098722 0.541178346 0.464481413
vn 0.426209897 0.0296747275 -0.904137433
vn 9.19752492e-05 0.499806583 -0.866137028
vn 0.602933705 0.398665458 -0.691040397
vn -7.43498845e-08 0.98479408 0.173726037
vn -7.43499626e-08 0.984795153 0.173719853
vn -7.43499413e-08 0.984794796 0.173722133
vn -0.641636312 0.558795035 -0.525405467
vn -0.426469475 0.281338066 -0.859635234
vn -0.602986455 -0.138419136 -0.785650969
vn 7.95140295e-05 -0.12317463 -0.99238503
vn 9.19752492e-05 0.499806583 -0.866137028
vn 0.426209897 0.0296747275 -0.904137433
vn -3.15412905e-07 0.994021714 -0.109182946
vn 2.15030514e-06 0.999100864 -0.0423965491
vn 0.700908124 0.71320647 0.00802170392
vn 0.641529679 -0.345297784 -0.684988379
vn 7.90519043e-05 -0.575478971 -0.817816556
vn 7.95140295e-05 -0.12317463 -0.99238503
vn -0.426255345 0.0296363775 -0.904117286
vn 9.19752492e-05 0.499806583 -0.866137028
vn 7.95140295e-05 -0.12317463 -0.99238503
vn 2.18527366e-05 -0.807593167 -0.589739978
vn 7.90519043e-05 -0.575478971 -0.817816556
vn 0.641529679 -0.345297784 -0.684988379
vn 0.641529679 -0.345297784 -0.684988379
vn 0.426209897 0.0296747275 -0.904137433
vn 0.602933705 0.398665458 -0.691040397
vn -0.602936268 0.398585439 -0.691084325
vn 9.19752492e-05 0.499806583 -0.866137028
vn -0.426255345 0.0296363775 -0.904117286
vn 0.70312804 -0.55528307 -0.444152743
vn 0.641529679 -0.345297784 -0.684988379
vn 0.907333195 0.210203275 -0.3640894
vn -0.70554167 0.578664482 0.409094661
vn -0.703080714 0.662274599 0.258978456
vn -0.994280398 0.0535291843 -0.0924179778
vn 0.703113139 0.662298083 0.258830279
vn 0.994258642 0.0536393858 -0.0925880149
vn 0.907333195 0.210203275 -0.3640894
vn -0.86600399 0.492450446 0.0867737457
vn -0.865974605 0.49248457 0.0868736804
vn -0.865985394 0.492471993 0.0868368745
vn 0.70554316 0.578682244 0.409066975
vn 0.703113139 0.662298083 0.258830279
vn 2.023856e-05 0.914486229 0.404617161
vn 4.49178827e-07 -0.896655917 -0.442728311
vn -0.705663025 -0.643502057 -0.296554923
vn -0.703112066 -0.555398464 -0.444033831
vn -0.997886658 -0.0324686766 0.0562861748
vn -0.994280398 0.0535291843 -0.0924179778
vn -0.703112066 -0.555398464 -0.444033831
vn -0.700912356 0.713202357 0.00802164804
vn 2.15030514e-06 0.999100864 -0.0423965491
vn -3.15412905e-07 0.994021714 -0.109182946
vn 0.997888625 -0.0324382484 0.056268964
vn 0.705663979 -0.643501818 -0.296553284
vn 0.70312804 -0.55528307 -0.444152743
vn 0.997888625 -0.0324382484 0.056268964
vn 0.994258642 0.0536393858 -0.0925880149
vn 0.703113139 0.662298083 0.258830279
vn 0.705663979 -0.643501818 -0.296553284
vn 0.700970054 -0.67288357 -0.236365706
vn -1.16181491e-06 -0.924351633 -0.381541818
vn -0.991311312 0.0229880251 0.129512876
vn -0.700912356 0.713202357 0.00802164804
vn -0.705616534 0.706167817 -0.0585864261
vn 0.86605227 -0.492367923 -0.0867604017
vn 0.866083682 -0.492297292 -0.0868470222
vn 0.866072059 -0.49232325 -0.0868151113
vn -0.994259715 -0.0185647737 -0.105370387
vn -0.703179955 0.673611641 -0.227563798
vn -0.641636312 0.558795035 -0.525405467
vn -0.866083384 -0.492298126 -0.0868464336
vn -0.866083384 -0.492298126 -0.0868464336
vn -0.866083384 -0.492298126 -0.0868464336
vn -2.28566205e-05 0.173648328 -0.98480773
vn 6.85228006e-05 0.173625454 -0.984811842
vn -1.31164022e-08 0.173732013 -0.984792948
vn -3.08721859e-14 4.08914474e-07 1
vn -0.0522424132 2.28315553e-08 0.998634517
vn -2.86523904e-14 3.79512414e-07 1
vn 0.705619872 0.706164479 -0.0585861802
vn 0.700908124 0.71320647 0.00802170392
vn 0.991311073 0.0229822602 0.129515633
vn -0.907268882 -0.073073335 -0.414154112
vn -0.602986455 -0.138419136 -0.785650969
vn -0.426479936 -0.55841881 -0.711535931
vn -0.923874199 0.376882195 0.0664548799
vn -1 -1.00863308e-05 -1.54273221e-06
vn -1 -1.70313197e-05 -3.27896373e-06
vn 0.703087091 -0.710905135 0.0168084148
vn 0.641819894 -0.704590619 -0.302686781
vn 0.907378316 -0.0730264783 -0.413922459
vn 0.70566684 -0.683571517 0.186451748
vn 0.700897932 -0.667463481 0.251464993
vn -7.03160993e-07 -0.953343034 0.301889449
vn -7.54979013e-08 1 -0
vn -7.54979013e-08 1 -0
vn -7.54979013e-08 1 -0
vn -7.03160993e-07 -0.953343034 0.301889449
vn -0.700904906 -0.667457581 0.251461267
vn -0.705670714 -0.683565199 0.186460257
vn 0.99423641 -0.0187591612 -0.105555691
vn 0.907378316 -0.0730264783 -0.413922459
vn 0.641676724 0.558892488 -0.525252461
vn -0.426469475 0.281338066 -0.859635234
vn -9.15190249e-05 -0.173675239 -0.984803021
vn -0.602986455 -0.138419136 -0.785650969
vn -0.70554167 0.578664482 0.409094661
vn -0.70098722 0.541178346 0.464481413
vn 1.19196102e-06 0.792608321 0.609731138
vn 0.907378316 -0.0730264783 -0.413922459
vn 0.602892041 -0.138484612 -0.785711944
vn 0.426314205 0.281371087 -0.859701455
vn -0.000100708152 0.455385149 -0.890294552
vn -9.15190249e-05 -0.173675239 -0.984803021
vn -0.426469475 0.281338066 -0.859635234
vn -0.426469475 0.281338066 -0.859635234
vn -0.641636312 0.558795035 -0.525405467
vn -7.89704864e-05 0.820452213 -0.571715117
vn -0.705616534 0.706167817 -0.0585864261
vn -3.15412905e-07 0.994021714 -0.109182946
vn -2.05211782e-05 0.960558474 -0.278078139
vn 0.426314205 0.281371087 -0.859701455
vn -9.15190249e-05 -0.173675239 -0.984803021
vn -0.000100708152 0.455385149 -0.890294552
vn -0.70292002 -0.711064875 0.0170377586
vn -0.64173311 -0.704742789 -0.302516609
vn -5.4189728e-05 -0.966568589 -0.256408095
vn -7.89704864e-05 0.820452213 -0.571715117
vn 0.641676724 0.558892488 -0.525252461
vn 0.426314205 0.281371087 -0.859701455
vn 0.602892041 -0.138484612 -0.785711944
vn -9.15190249e-05 -0.173675239 -0.984803021
vn 0.426314205 0.281371087 -0.859701455
vn -2.05211782e-05 0.960558474 -0.278078139
vn 0.70316571 0.673677683 -0.227412328
vn 0.641676724 0.558892488 -0.525252461
vn 1.19196102e-06 0.792608321 0.609731138
vn 0.700725436 0.541342854 0.464684695
vn 0.70554316 0.578682244 0.409066975
vn 0.426407844 -0.558440268 -0.711562335
vn -9.15190249e-05 -0.173675239 -0.984803021
vn 0.602892041 -0.138484612 -0.785711944
vn -0.9978894 0.011222383 0.0639600083
vn -0.705616534 0.706167817 -0.0585864261
vn -0.703179955 0.673611641 -0.227563798
vn -0.130550325 0.991441667 -0
vn -0.50002104 0.866013348 -0
vn -0.500020325 0.866013765 -0
vn -9.65372092e-05 -0.732463896 -0.680805922
vn -9.15190249e-05 -0.173675239 -0.984803021
vn 0.426407844 -0.558440268 -0.711562335
vn 0.703087091 -0.710905135 0.0168084148
vn -2.35720063e-06 -0.997707129 0.0676804557
vn -5.4189728e-05 -0.966568589 -0.256408095
vn 0.705619872 0.706164479 -0.0585861802
vn 0.70316571 0.673677683 -0.227412328
vn -2.05211782e-05 0.960558474 -0.278078139
vn -0.426479936 -0.55841881 -0.711535931
vn -9.15190249e-05 -0.173675239 -0.984803021
vn -9.65372092e-05 -0.732463896 -0.680805922
vn 0.70566684 -0.683571517 0.186451748
vn 0.703087091 -0.710905135 0.0168084148
vn 0.99423641 -0.0187591612 -0.105555691
vn -0.877467871 0.412366599 -0.244957179
vn -0.671607196 0.715748072 -0.191437975
vn -0.671634436 0.715726554 -0.191422895
vn -0.602986455 -0.138419136 -0.785650969
vn -9.15190249e-05 -0.173675239 -0.984803021
vn -0.426479936 -0.55841881 -0.711535931
vn -0.994259715 -0.0185647737 -0.105370387
vn -0.907268882 -0.073073335 -0.414154112
vn -0.64173311 -0.704742789 -0.302516609
vn -5.4189728e-05 -0.966568589 -0.256408095
vn -0.64173311 -0.704742789 -0.302516609
vn -0.426479936 -0.55841881 -0.711535931
vn -0.911854923 0.244316787 -0.329893917
vn -0.935937762 -0.123239093 -0.329898
vn -0.911846936 0.244380966 -0.329868257
vn 7.43509077e-08 -0.98480767 -0.173648968
vn 7.43509148e-08 -0.98480773 -0.173648641
vn 7.43509077e-08 -0.98480767 -0.173648953
vn 0.70709759 0.696372807 0.12279211
vn 0.923872948 0.376885295 0.0664557591
vn 0.923873782 0.376883417 0.0664548203
vn 0.9978894 0.0112241311 0.0639591739
vn 0.99423641 -0.0187591612 -0.105555691
vn 0.70316571 0.673677683 -0.227412328
vn -0.382672161 0.909849107 0.160426304
vn -6.69025076e-06 0.984807551 0.173649356
vn -6.78733568e-06 0.984807014 0.173652843
vn 1.66507689e-05 -0.971461952 0.237195805
vn -2.35720063e-06 -0.997707129 0.0676804557
vn 0.703087091 -0.710905135 0.0168084148
vn -0.216404364 -0.53066355 0.81949091
vn -0.2151746 -0.697181523 0.683840513
vn -0.224701792 -0.708564758 0.668913364
vn -0.954528093 -0.293591559 -0.051768668
vn -0.954528093 -0.293591559 -0.051768668
vn -0.954528093 -0.293591559 -0.051768668
vn -7.43508721e-08 0.984807134 0.173651785
vn -7.43508721e-08 0.984807134 0.173651785
vn -7.43508721e-08 0.984807134 0.173651785
vn 0.707114816 0.696356416 0.122786328
vn 0.707114816 0.696356416 0.122786328
vn 0.707114816 0.696356416 0.122786328
vn 7.68335497e-07 0.173648432 -0.98480773
vn 1.58200726e-06 0.173646942 -0.984808028
vn 1.17762465e-06 0.173646897 -0.984807968
vn 7.95350616e-07 1 -0
vn 7.73613556e-06 1 -0
vn 8.18690205e-06 1 -0
vn -7.43509148e-08 0.98480767 0.173648641
vn -7.4350929e-08 0.984807849 0.173647508
vn -7.43509148e-08 0.98480773 0.173648253
vn -7.54979013e-08 1 -0
vn -7.54979013e-08 1 -0
vn 2.52482806e-07 1 -0
vn 0.914733112 0.397524834 -0.0723693073
vn 0.70014894 0.713805318 -0.0165361278
vn 0.700108349 0.71384418 -0.0165757686
vn 1 7.54979013e-08 -0
vn 1 7.54979013e-08 -0
vn 1 7.54979013e-08 -0
vn 1 7.54979013e-08 2.77156111e-08
vn 1 7.54979013e-08 1.99150762e-07
vn 1 7.54979013e-08 -0
vn -3.90663132e-07 1 -0
vn 7.07869674e-07 1 -0
vn 7.73614738e-06 1 -0
vn 5.3919058e-07 -0.95071888 -0.310054243
vn -2.70329764e-07 -0.950722098 -0.310044497
vn 0.378904402 -0.876498282 -0.296955049
vn -0.0823162869 0.983423233 -0.161563769
vn -0.0824033618 0.983412147 -0.161586553
vn -0.436005741 0.881863058 -0.179490209
vn -1.14686861e-06 -0.931614935 -0.363447011
vn 0.375257909 -0.858103454 -0.350485384
vn 0.375219256 -0.858134329 -0.350451112
vn 7.4350595e-08 -0.984803498 -0.17367281
vn 7.43506021e-08 -0.984803557 -0.173672467
vn 7.43505808e-08 -0.984803259 -0.17367357
vn 3.86891602e-10 -0.00512453448 0.999986887
vn 3.8689163e-10 -0.00512453495 0.999986887
vn 3.86891602e-10 -0.00512453448 0.999986887
vn 0.86229974 -0.491579622 -0.121607944
vn 0.448882103 -0.772703886 -0.448813498
vn 0.772704005 -0.44887808 -0.448817521
vn 1.56817005e-05 -0.984807253 -0.173651442
vn 0.382703155 -0.9098351 -0.160431519
vn 0.382687032 -0.909841716 -0.160432771
vn 0.384111136 0.909260631 0.160324141
vn 0.384113848 0.90925914 0.160325661
vn 0.384122133 0.909254789 0.160330281
vn -1 -7.54979013e-08 -1.57299667e-07
vn -1 -7.54979013e-08 -1.57299667e-07
vn -1 -7.54979013e-08 -1.57299667e-07
vn -7.42546646e-08 0.983532846 0.180729613
vn -5.81481672e-08 0.983532846 0.180729613
vn -2.35095627e-07 0.983532906 0.180729404
vn -0.283905953 -0.82935518 -0.481214464
vn 0.0823420659 -0.868836284 -0.488204241
vn 0.0823211595 -0.868839025 -0.4882029
vn 0.49153176 -0.121591799 -0.862329483
vn 0.772704005 -0.44887808 -0.448817521
vn 0.448850036 -0.448850185 -0.772701204
vn -0.737609684 -0.527004063 -0.4221358
vn -0.737630069 -0.52697444 -0.42213729
vn -0.606749117 -0.654949725 -0.450440317
vn -1.12970997e-06 1 -0
vn 2.4028393e-06 1 -0
vn 2.88191563e-06 1 -0
vn -4.91445178e-07 1 -0
vn -5.07029381e-06 1 -0
vn -7.54979013e-08 1 -0
vn 0.923860788 0.382728636 -0
vn 0.98078382 0.195097864 -0
vn 0.92386049 0.382729501 -0
vn 0.435888022 -0.767362893 -0.470272303
vn 0.435750991 -0.76742363 -0.470299959
vn 0.723069131 -0.540382326 -0.430299819
vn -4.62522214e-15 6.12629236e-08 1
vn -4.07094944e-14 5.39213602e-07 1
vn -0 0 1
vn 0.0823420659 -0.868836284 -0.488204241
vn 0.435750991 -0.76742363 -0.470299959
vn 0.435888022 -0.767362893 -0.470272303
vn 4.04228667e-05 -0.173623085 0.9848122
vn 9.55791256e-06 -0.173699826 0.984798729
vn -5.33271414e-05 -0.173657507 0.98480612
vn 0.378904402 -0.876498282 -0.296955049
vn 0.700126648 -0.665116489 -0.259697378
vn 0.700106561 -0.665145516 -0.259677202
vn -0.700121522 -0.665124357 -0.259691268
vn -0.700128019 -0.665128291 -0.259663582
vn -0.378875315 -0.876510501 -0.296956301
vn -0.0258441325 -0.9385885 -0.344069272
vn -0.0388946496 -0.939867437 -0.339317501
vn -0.0143761933 -0.937314451 -0.348188132
vn -0.705670714 -0.683565199 0.186460257
vn -0.70292002 -0.711064875 0.0170377586
vn -2.35720063e-06 -0.997707129 0.0676804557
vn 0.511758626 0.851706386 -0.112691291
vn 0.324786544 0.945786893 0.000973102055
vn 0.24775885 0.968370557 -0.0295637026
vn 0.646247804 -0.662004232 -0.379623771
vn 0.658412933 -0.632265031 -0.408329874
vn 0.408792585 -0.843232512 -0.349066943
vn -0.196289346 0.980529666 -0.00567751471
vn -0.171723887 0.985042632 -0.0142089939
vn -0.184928179 0.982704878 -0.00962959323
vn -0.680012465 0.679996729 -0.27420336
vn -0.888468385 0.368023366 -0.274194807
vn -0.888475835 0.367995858 -0.274207264
vn 7.24960185e-14 -9.60238822e-07 1
vn -1.58427306e-15 2.09843325e-08 1
vn -6.05571679e-15 8.02103983e-08 1
vn -0.700121522 -0.665124357 -0.259691268
vn -0.914749146 -0.34878099 -0.203925714
vn -0.914764583 -0.348754972 -0.203901157
vn 0.130549923 0.991441727 -0
vn -0.130550325 0.991441667 -0
vn -0.130549893 0.991441727 -0
vn -0.70010972 0.713843226 -0.0165601876
vn -0.700126708 0.713827193 -0.0165323392
vn -0.914767385 0.39745149 -0.0723392963
vn -0.947997808 -0.0283734649 -0.317009747
vn -0.947996259 -0.02837901 -0.317013741
vn -0.947998762 -0.0283699241 -0.317007214
vn -0.707121253 -0.696343601 -0.122821651
vn -0.382763714 -0.909802318 -0.160473749
vn -0.382681817 -0.90984273 -0.160439566
vn 0.283950418 0.943906665 -0.168560222
vn -0.0824033618 0.983412147 -0.161586553
vn -0.0823162869 0.983423233 -0.161563769
vn -0.00244934135 0.151458621 -0.9884606
vn -0.00244738907 0.151455134 -0.988461137
vn -0.00244756113 0.151465639 -0.988459527
vn -0.382677674 0.9098441 0.160441771
vn -0.707116902 0.696347654 0.122823641
vn -0.707121372 0.696343482 0.122821629
vn -0.914744854 0.397500753 -0.0723537952
vn -0.914767385 0.39745149 -0.0723392963
vn -0.990114391 0.0243422519 -0.138133824
vn 0.707110345 0.696363986 0.12276911
vn 0.923882246 0.376865238 0.0664401799
vn 0.923881412 0.376867205 0.0664399192
vn 0.378917158 0.925199151 0.0206994526
vn 0.378911138 0.925201356 0.0207061749
vn -2.31867823e-08 0.999429166 0.0337845869
vn 0.679988861 0.680018246 -0.274208575
vn 0.888492227 0.367982358 -0.274172544
vn 0.888473213 0.368014455 -0.274190992
vn -7.54979013e-08 1 -0
vn -7.54979013e-08 1 -0
vn -8.90990862e-07 1 -0
vn 7.54979013e-08 -1 -0
vn 7.54979013e-08 -1 -0
vn 7.54979013e-08 -1 -0
vn -0.888478339 -0.368015707 -0.274173051
vn -0.888468146 -0.368008167 -0.274215996
vn -0.961672068 -4.17582157e-07 -0.274202168
vn -0.378900737 0.925205886 0.0206951983
vn -0.700107455 0.713845134 -0.0165756438
vn -0.700108707 0.713843822 -0.0165756959
vn -0.990114391 0.0243428275 -0.138133749
vn -0.914751351 -0.348776788 -0.2039233
vn -0.914749682 -0.348778874 -0.203927189
vn -0.914749682 -0.348778874 -0.203927189
vn -0.914751351 -0.348776788 -0.2039233
vn -0.700109541 -0.665130436 -0.259707928
vn -0.700109541 -0.665130436 -0.259707928
vn -0.378891617 -0.87650013 -0.296965986
vn -0.37887466 -0.876504779 -0.296973825
vn 0.857807815 -0.355303973 -0.371382266
vn 0.92847836 1.10538804e-05 -0.371386468
vn 0.857820392 -0.355269939 -0.371385902
vn 4.18715615e-07 0.999429166 0.033784654
vn -0.378900737 0.925205886 0.0206951983
vn -0.378892899 0.925208986 0.0207014289
vn 0.700107992 0.713844597 -0.0165756084
vn 0.700105846 0.713846684 -0.0165759213
vn 0.378900856 0.925205827 0.020695217
vn -0.923883677 0.382673442 -0
vn -0.923886895 0.382665634 -0
vn -1 2.47800585e-06 -0
vn 3.71905855e-07 -0.950718999 -0.310053945
vn 3.66369903e-07 -0.950721741 -0.310045451
vn 0.378892303 -0.876499653 -0.296966225
vn -0.0003437665 0.978413761 0.206655234
vn -0.000236532549 0.97824353 0.207459807
vn -0.000353768497 0.978429615 0.206580207
vn -0.923885405 -0.376858473 -0.0664329976
vn -0.707060277 -0.69641012 -0.1227955
vn -0.707124412 -0.696352482 -0.122753374
vn -0.382644296 0.909857869 0.160443217
vn -0.707113385 0.696351469 0.12282265
vn -0.707076848 0.696391046 0.122807972
vn 0.700109065 -0.665130794 -0.259708285
vn 0.914751053 -0.348777592 -0.203923181
vn 0.914748967 -0.348780721 -0.203927279
vn 0.37887457 -0.876505017 -0.296973288
vn 0.378892303 -0.876499653 -0.296966225
vn 0.700109065 -0.665130794 -0.259708285
vn -0.378891617 -0.87650013 -0.296965986
vn 3.66369903e-07 -0.950721741 -0.310045451
vn 3.71905855e-07 -0.950718999 -0.310053945
vn -0 0 -1
vn -0 0 -1
vn -0 0 -1
vn -2.64185815e-07 -0.984802544 -0.173677951
vn 0.382761359 -0.909803271 -0.1604736
vn 0.3826482 -0.90985626 -0.160443142
vn 0.923903644 -0.376811683 -0.0664456487
vn 0.707116008 -0.696354032 -0.122792333
vn 0.707117975 -0.696352065 -0.122792505
vn -1 1.26827608e-05 -1.65523659e-06
vn -0.923858285 0.376918823 0.0664687306
vn -0.923869431 0.376894921 0.0664493218
vn 0.3826482 -0.90985626 -0.160443142
vn 0.382761359 -0.909803271 -0.1604736
vn 0.707115829 -0.696348786 -0.122823335
vn -1 2.2656126e-05 1.36305107e-05
vn -0.923878789 0.37686792 0.0664734542
vn -0.923877478 0.37687254 0.0664642751
vn -0.382660508 -0.909856558 -0.160412163
vn -0.382660031 -0.909845173 -0.160477445
vn -6.51084008e-07 -0.984802961 -0.173675418
vn -0.707117438 -0.696347356 -0.122822396
vn -0.38276276 -0.909802794 -0.160473332
vn -0.382650942 -0.909855366 -0.160441935
vn -2.11040242e-06 0.984803021 0.17367515
vn -5.96633981e-07 0.984815598 0.173603877
vn -0.382677674 0.9098441 0.160441771
vn 0.38267678 0.909844458 0.160441712
vn -5.96633981e-07 0.984815598 0.173603877
vn -2.11040242e-06 0.984803021 0.17367515
vn -5.68907659e-08 0.753541052 -0.657400966
vn -5.68907623e-08 0.753540993 -0.657400966
vn -5.68907659e-08 0.753541052 -0.657400966
vn 0.378893644 0.925208628 0.0207014792
vn 0.378900856 0.925205827 0.020695217
vn 4.18715615e-07 0.999429166 0.033784654
vn 0.999990344 -0.00303959171 -0.00317680137
vn 0.999990821 -0.00314480532 -0.00293602841
vn 0.999990284 -0.00301438803 -0.00323447865
vn -0.382650942 -0.909855366 -0.160441935
vn -0.38276276 -0.909802794 -0.160473332
vn -2.64185815e-07 -0.984802544 -0.173677951
vn 0.923882902 -0.37686491 -0.0664319098
vn 0.92388624 -0.376856923 -0.0664319471
vn 1 -5.225515e-06 6.78345896e-06
vn 0.382659316 -0.909857094 -0.160412058
vn 0.382657677 -0.909846187 -0.160477385
vn 0.707060099 -0.696410418 -0.122794747
vn 0.707077742 0.696390033 0.122808836
vn 0.707113028 0.696351826 0.122822344
vn 0.382644922 0.90985769 0.160442784
vn 0.707124352 -0.696352482 -0.122753538
vn 0.707060099 -0.696410418 -0.122794747
vn 0.92388624 -0.376856923 -0.0664319471
vn -0.923880756 -0.376864225 -0.0664647818
vn -0.923874915 -0.376877248 -0.0664736256
vn -0.707117438 -0.696347356 -0.122822396
vn -2.89131186e-13 3.82965845e-06 -1
vn 7.89935812e-14 -1.04630169e-06 -1
vn 1.19646448e-12 -1.58476523e-05 -1
vn -0.382678092 0.923881829 -0
vn -0.707109928 0.70710361 -0
vn -0.707103968 0.707109571 -0
vn -0.707060277 -0.69641012 -0.1227955
vn -0.382660031 -0.909845173 -0.160477445
vn -0.382660508 -0.909856558 -0.160412163
vn 0.707110047 0.696360886 0.122787908
vn 0.382704943 0.909834981 0.160428241
vn 0.382693708 0.909839213 0.160431698
vn -0 0 -1
vn -0 0 -1
vn 5.90493502e-14 -7.82132304e-07 -1
vn 9.93962999e-07 0.173655748 -0.984806418
vn 5.58531974e-06 0.173658565 -0.984805942
vn -2.38217967e-06 0.17365697 -0.98480624
vn 1 1.6130105e-05 9.56627264e-06
vn 1 -2.33574137e-05 -1.15000221e-05
vn 0.923877716 0.376871943 0.066464968
vn -0.500020146 -0.866013825 -0
vn -0.130544856 -0.991442382 -0
vn -0.130551264 -0.991441607 -0
vn -0.382681817 -0.90984273 -0.160439566
vn -0.382763714 -0.909802318 -0.160473749
vn -9.41420353e-07 -0.984802604 -0.173677668
vn 0.707115829 -0.696348786 -0.122823335
vn 0.923874736 -0.376877636 -0.0664742291
vn 0.923881114 -0.376863629 -0.0664643347
vn 0.923877716 0.376871943 0.066464968
vn 0.707091928 0.696372688 0.122825824
vn 0.70711726 0.69634831 0.122817606
vn -0.866012871 0.500021577 -0
vn -0.866014063 0.50001961 -0
vn -0.500020325 0.866013765 -0
vn -0 0 -1
vn -0 0 -1
vn -0 0 -1
vn -2.72634821e-07 0.984805107 0.17366311
vn 2.47866797e-06 0.984815478 0.173604414
vn -0.382684469 0.909842074 0.160436928
vn -0.363488317 -0.918519974 0.155554831
vn -0.363476455 -0.918527782 0.155536786
vn 8.81844517e-06 -0.989724278 0.14298901
vn 0.707119465 -0.696345329 -0.122822359
vn 0.923872054 -0.376884013 -0.066474326
vn 0.923878014 -0.376871139 -0.0664655715
vn -0.382660121 -0.909855545 -0.160418928
vn -0.707103372 -0.696368337 -0.122784398
vn -0.707081914 -0.696393311 -0.122765899
vn 0.923878014 -0.376871139 -0.0664655715
vn 0.923872054 -0.376884013 -0.066474326
vn 1 -1.26327923e-05 -9.91686647e-06
vn 2.22882463e-05 -0.999854505 -0.0170562342
vn -2.6844823e-06 -0.999854207 -0.0170738921
vn 1.94024469e-05 -0.999854624 -0.0170535259
vn -0 0 1
vn -0 0 1
vn -0 0 1
vn -1 -1.28031397e-05 -1.05128775e-05
vn -0.923871934 -0.376884371 -0.0664749965
vn -0.923877716 -0.376871824 -0.0664657727
vn -0.195260659 0.0760841817 -0.97779572
vn -0.187629595 -0.0964243338 -0.977495492
vn -0.187620029 -0.0962109193 -0.97751838
vn -0.707101703 0.69637239 0.122770637
vn -0.382683665 0.909846604 0.160413042
vn -0.38269484 0.909842432 0.160410121
vn 0.923872352 0.382700741 -0
vn 1 1.19479246e-05 -0
vn 1 1.61335186e-06 -0
vn -0.0784172416 -5.92033755e-09 -0.996920705
vn -0.308969945 -2.33265816e-08 -0.951071799
vn -0.0784149915 -5.92016747e-09 -0.996920824
vn 0.382644922 0.90985769 0.160442784
vn 3.02856051e-07 0.984815657 0.173603192
vn 1.3329792e-06 0.984802783 0.17367658
vn 4.22884394e-09 -0.0560127348 0.998430073
vn 4.22884394e-09 -0.0560127348 0.998430073
vn 4.22884394e-09 -0.0560127385 0.998430133
vn -0.707119107 0.696346521 0.122817159
vn -0.707091749 0.696372926 0.122825272
vn -0.923877358 0.376872689 0.0664651692
vn 0.923881114 0.376865447 0.0664553493
vn 0.707113028 0.696351826 0.122822344
vn 0.707077742 0.696390033 0.122808836
vn 1 4.35585616e-06 1.22365043e-06
vn 1 -1.26327923e-05 -9.91686647e-06
vn 0.923881114 0.376865447 0.0664553493
vn -0.707121372 0.696343482 0.122821629
vn -0.707116902 0.696347654 0.122823641
vn -0.923877478 0.37687254 0.0664642751
vn 1.3329792e-06 0.984802783 0.17367658
vn 3.02856051e-07 0.984815657 0.173603192
vn -0.382644296 0.909857869 0.160443217
vn -1 -7.54979013e-08 -0
vn -1 -7.54979013e-08 -0
vn -1 -7.54979013e-08 -0
vn 0.707118154 0.696353078 0.122785792
vn 0.707106411 0.696366608 0.122776397
vn 0.923891664 0.376841247 0.0664435923
vn -5.90475883e-14 7.82108998e-07 -1
vn 8.97665731e-14 -1.18899425e-06 -1
vn -0 0 -1
vn 0.923882246 0.376859725 0.0664708391
vn 0.707116187 0.696348548 0.122823074
vn 0.707120001 0.696344793 0.122821815
vn 0.707095563 -0.696369946 -0.122820482
vn 0.707107663 -0.696360409 -0.122804329
vn 0.382664472 -0.909843683 -0.160475776
vn -0.707098544 -0.696371853 -0.12279214
vn -0.707102954 -0.696368039 -0.122788318
vn -0.923869252 -0.376894206 -0.0664565489
vn -1 7.20246953e-06 1.16423303e-06
vn -1 1.14050608e-05 1.88118679e-06
vn -0.923866332 0.376902968 0.0664469153
vn 0.382680863 0.909848154 0.160411179
vn 0.382662833 0.909855127 0.160414696
vn 0.707110345 0.696363986 0.12276911
vn 0.382690609 -0.90983665 -0.160452709
vn 0.382664472 -0.909843683 -0.160475776
vn 3.45369226e-05 -0.984808624 -0.173643276
vn 1.19718197e-05 0.98481077 0.173631161
vn 6.63823857e-06 0.984810889 0.173630536
vn 0.382662833 0.909855127 0.160414696
vn -0.707097471 -0.696370661 -0.12280526
vn -0.92387265 -0.376887649 -0.0664446056
vn -0.923863053 -0.37690866 -0.0664599687
vn -0.378875315 -0.876510501 -0.296956301
vn -2.70329764e-07 -0.950722098 -0.310044497
vn 5.3919058e-07 -0.95071888 -0.310054243
vn 0.486026496 -1.1407873e-05 -0.873944104
vn 0.49153176 -0.121591799 -0.862329483
vn 0.127987981 -0.127983555 -0.983483315
vn 0.923878491 -0.376872212 -0.0664532632
vn 0.92388761 -0.376852155 -0.0664386749
vn 0.707107663 -0.696360409 -0.122804329
vn -0.923875809 -0.37687844 -0.0664552599
vn -0.707097113 -0.696373343 -0.1227917
vn -0.707089365 -0.696380913 -0.122793503
vn -3.17259946e-05 0.173684523 -0.984801412
vn -2.73045825e-05 0.173645586 -0.984808207
vn 3.05915019e-05 0.173646614 -0.984808028
vn 1 7.01495492e-06 1.2065467e-06
vn 1 1.06662401e-05 1.96944279e-06
vn 0.92388761 -0.376852155 -0.0664386749
vn 0.923877001 -0.37687549 -0.066454716
vn 0.923879087 -0.376870453 -0.0664532632
vn 1 5.5793148e-06 1.06037953e-06
vn -5.4189728e-05 -0.966568589 -0.256408095
vn -0.426479936 -0.55841881 -0.711535931
vn -9.65372092e-05 -0.732463896 -0.680805922
vn -0.707097113 -0.696373343 -0.1227917
vn -0.382698447 -0.909837484 -0.160430223
vn -0.382671684 -0.909849107 -0.160427421
vn 0.382687986 -0.909841418 -0.160432383
vn 0.707092941 -0.696377456 -0.122793004
vn 0.707095802 -0.696374714 -0.122791857
vn -0.707118154 0.696353018 0.122785896
vn -0.707106233 0.696366847 0.12277627
vn -0.382672161 0.909849107 0.160426304
vn -6.78733568e-06 0.984807014 0.173652843
vn -6.69025076e-06 0.984807551 0.173649356
vn 0.382665902 0.90985167 0.160426781
vn 0.923889041 -0.376846969 -0.06644959
vn 0.707092941 -0.696377456 -0.122793004
vn 0.923885405 -0.376855522 -0.0664504319
vn -2.31867823e-08 0.999429166 0.0337845869
vn -0.378882796 0.925212979 0.0207093563
vn -0.378892899 0.925208986 0.0207012407
vn -1 1.05449617e-05 1.74589525e-06
vn -0.923875809 -0.37687844 -0.0664552599
vn -0.923873246 -0.376884609 -0.0664554238
vn 0.382668346 -0.909850717 -0.160426363
vn -6.78312654e-06 -0.984810114 -0.173635066
vn -6.58026511e-06 -0.984807968 -0.173647165
vn 0.948005795 0.135029435 -0.288187712
vn 0.948006094 0.135026217 -0.28818804
vn 0.94800365 0.13504836 -0.288185775
vn 0.951045454 7.18019351e-08 -0.309051007
vn 0.951045692 7.18019564e-08 -0.309050232
vn 0.80902338 6.10795681e-08 -0.587776542
vn -1 2.55541568e-06 7.15763235e-07
vn -0.923878729 0.376872122 0.0664491653
vn -0.92387116 0.376889586 0.066456452
vn 0.923889041 -0.376846969 -0.06644959
vn 0.707095802 -0.696374714 -0.122791857
vn 0.707092941 -0.696377456 -0.122793004
vn 0.688849926 -0.165268838 -0.70581305
vn 0.688835382 -0.165255293 -0.705830336
vn 0.745595217 0.115714453 -0.656275809
vn 1 6.93334187e-06 1.22720587e-06
vn 0.923889041 -0.376846969 -0.06644959
vn 0.923885405 -0.376855522 -0.0664504319
vn -5.09344363e-06 -0.618596137 -0.785709202
vn -0.285348147 -0.56270051 -0.775850832
vn -0.285340577 -0.562705159 -0.775850296
vn -2.93445282e-06 -0.540171564 0.84155494
vn -2.02107117e-06 -0.540190995 0.841542482
vn 0.147676274 -0.511237741 0.846656799
vn -0.382698208 -0.909834087 -0.160449266
vn -0.707097471 -0.696370661 -0.12280526
vn -0.707086086 -0.696379125 -0.122822829
vn 2.91253054e-05 -0.984808683 -0.173643366
vn 3.45369226e-05 -0.984808624 -0.173643276
vn -0.382698208 -0.909834087 -0.160449266
vn -0.527240396 -0.403520018 -0.747789562
vn -0.688825488 -0.165297672 -0.705830097
vn -0.688824177 -0.165317476 -0.705826759
vn -0.688833416 0.396734625 -0.606720924
vn -0.527230144 0.634941101 -0.564693093
vn -0.527234852 0.634927392 -0.564704001
vn -0.285340577 -0.562705159 -0.775850296
vn -0.285348147 -0.56270051 -0.775850832
vn -0.527240396 -0.403520018 -0.747789562
vn -5.4189728e-05 -0.966568589 -0.256408095
vn -9.65372092e-05 -0.732463896 -0.680805922
vn 0.426407844 -0.558440268 -0.711562335
vn -2.93445282e-06 -0.540171564 0.84155494
vn -0.147690862 -0.511222899 0.846663296
vn -0.14767839 -0.511236846 0.846656978
vn 0.272814006 -0.428887457 0.861178279
vn 0.147687957 -0.51122272 0.846663773
vn 0.147676274 -0.511237741 0.846656799
vn -0.500019729 -0.866014063 -0
vn -0.130549446 -0.991441846 -0
vn -0.130550995 -0.991441607 -0
vn -0.688833416 0.396734625 -0.606720924
vn -0.688826382 0.396733522 -0.606729627
vn -0.745590866 0.115716673 -0.656280339
vn 0.889311314 0.409824371 -0.202902228
vn 0.889315367 0.409812957 -0.202908114
vn 0.680672526 0.717343926 -0.148669243
vn 0.285341412 0.794115007 -0.536620736
vn 0.285330981 0.79412353 -0.536613524
vn 6.33174977e-06 0.850003302 -0.526777387
vn -0.272805423 -0.428889066 0.861180305
vn -0.272812992 -0.428885639 0.861179471
vn -0.14767839 -0.511236846 0.846656978
vn 3.69810465e-07 0.850001752 -0.52677989
vn 6.33174977e-06 0.850003302 -0.526777387
vn -0.285343379 0.794112504 -0.53662324
vn -0.382696539 0.909836233 0.160441875
vn -0.382684618 0.909841239 0.160441503
vn 5.84511872e-06 0.984805226 0.173662424
vn -0.889313281 0.409822732 -0.202897206
vn -0.680656254 0.717360258 -0.148664981
vn -0.680658877 0.717359662 -0.148656324
vn -0.527230144 0.634941101 -0.564693093
vn -0.285356194 0.794113576 -0.536614895
vn -0.285343379 0.794112504 -0.53662324
vn 0.527235687 -0.403544784 -0.747779548
vn 0.285343409 -0.562706053 -0.775848567
vn 0.285334915 -0.562707901 -0.775850415
vn -5.09344363e-06 -0.618596137 -0.785709202
vn -6.32450656e-06 -0.618593454 -0.785711229
vn 0.285334915 -0.562707901 -0.775850415
vn -0.147620127 0.190845191 0.970456839
vn 8.44229271e-06 0.219757318 0.975554645
vn 1.88126717e-06 0.219757169 0.975554645
vn -0.356471926 -0.0147803351 0.934189141
vn -0.272871882 0.108480707 0.955914676
vn -0.272869319 0.108482733 0.955915153
vn -0.36836797 0.922857523 -0.112423636
vn -0.368380159 0.922852933 -0.112420693
vn -0.680658877 0.717359662 -0.148656324
vn 0.272814006 -0.428887457 0.861178279
vn 0.272811115 -0.428884536 0.861180723
vn 0.356438905 -0.305625707 0.88291806
vn 0.356467575 -0.0147928111 0.934190631
vn 0.356452733 -0.0147876218 0.934196353
vn 0.272869259 0.108482681 0.955915272
vn 0.527232289 0.634933352 -0.564699709
vn 0.688834786 0.396714091 -0.606732726
vn 0.688839674 0.396713704 -0.606727421
vn 0.877542496 0.303696543 0.371063024
vn 0.877547622 0.303662568 0.371078461
vn 0.671626031 0.607164562 0.424581707
vn 5.68907659e-08 -0.753541052 -0.657400966
vn 5.68907623e-08 -0.753540993 -0.657400966
vn 5.68907659e-08 -0.753541052 -0.657400966
vn 0.356467575 -0.0147928111 0.934190631
vn 0.385809064 -0.160189584 0.908565164
vn 0.385813624 -0.160190091 0.908563137
vn 0.147642195 0.19085075 0.970452428
vn 0.147612035 0.190856904 0.970455706
vn 0.272871912 0.10848017 0.955914736
vn -0.272871882 0.108480707 0.955914676
vn -0.147620127 0.190845191 0.970456839
vn -0.147653341 0.190854669 0.970449865
vn -0.36836797 0.922857523 -0.112423636
vn -5.60222907e-06 0.995018065 -0.0996948779
vn -7.06476339e-06 0.995018005 -0.0996952727
vn -0.356471926 -0.0147803351 0.934189141
vn -0.356452674 -0.0147830974 0.934196413
vn -0.385823935 -0.160192266 0.908558369
vn 0.680665612 -0.623238444 -0.385056108
vn 0.368355632 -0.828754365 -0.421284258
vn 0.368360937 -0.828748941 -0.421290278
vn -1 -7.54979013e-08 -3.19127942e-08
vn -1 -7.54979013e-08 -0
vn -1 -7.54979013e-08 -7.80073606e-09
vn -0.356440336 -0.305635333 0.882914126
vn -0.385832608 -0.16019924 0.908553481
vn -0.385823935 -0.160192266 0.908558369
vn 8.44229271e-06 0.219757318 0.975554645
vn 0.147612035 0.190856904 0.970455706
vn 0.147642195 0.19085075 0.970452428
vn -9.10484727e-14 1.2059736e-06 -1
vn -2.31659039e-13 3.06841707e-06 -1
vn 4.64334409e-13 -6.15029558e-06 -1
vn 3.86891602e-10 -0.00512453448 0.999986887
vn 3.86891602e-10 -0.00512453448 0.999986887
vn 3.8689163e-10 -0.00512453495 0.999986887
vn -0.889313281 0.409822732 -0.202897206
vn -0.889324427 0.409804046 -0.202886209
vn -0.962587953 0.047046788 -0.266854286
vn 0.889311314 0.409824371 -0.202902228
vn 0.962580919 0.0470535606 -0.266878456
vn 0.962581336 0.047050789 -0.266877413
vn 0.368355632 -0.828754365 -0.421284258
vn -5.15939564e-06 -0.900909007 -0.434007853
vn -6.73444038e-06 -0.900910795 -0.434004396
vn 0.368362516 0.922859728 -0.112423755
vn 0.680656135 0.717360377 -0.148665056
vn 0.680672526 0.717343926 -0.148669243
vn -5.72913586e-06 0.768112004 -0.640315473
vn 0.246938586 0.719762921 -0.648816347
vn 0.246945232 0.719756424 -0.648821115
vn 0.889307141 -0.3157188 -0.330839217
vn 0.889312744 -0.315707296 -0.330835074
vn 0.962581336 0.047050789 -0.266877413
vn -0.368688762 -0.00881329644 0.92951113
vn -0.368687719 -0.0088065872 0.929511607
vn -0.399018288 -0.159237623 0.903010428
vn 0.152710065 -0.522315264 0.838967443
vn -3.23726113e-06 -0.55226922 0.833665848
vn -1.59045385e-06 -0.552251816 0.833677471
vn -0.28218466 -0.437114328 0.853992343
vn -0.282189697 -0.437124044 0.853985727
vn -0.152699634 -0.522290826 0.838984609
vn -0.889313102 -0.315716565 -0.330825239
vn -0.96258086 0.0470534191 -0.266878515
vn -0.962587953 0.047046788 -0.266854286
vn -0.282189697 -0.437124044 0.853985727
vn -0.28218466 -0.437114328 0.853992343
vn -0.368730068 -0.309612185 0.876457989
vn -0.680662215 -0.62324661 -0.385048747
vn -0.889313102 -0.315716565 -0.330825239
vn -0.889322221 -0.315696359 -0.330819905
vn 0.368653029 -0.00883850735 0.929525077
vn 0.399005622 -0.1592291 0.903017521
vn 0.399015009 -0.159224868 0.903014183
vn -0.456293523 0.581998467 -0.673107803
vn -0.24694325 0.719736814 -0.648843527
vn -0.246936619 0.719747603 -0.648834109
vn 0.680665612 -0.623238444 -0.385056108
vn 0.680681944 -0.62321949 -0.385057867
vn 0.889312744 -0.315707296 -0.330835074
vn -0.645329952 0.132650197 -0.752298653
vn -0.596178472 0.375843227 -0.709445596
vn -0.596185029 0.375830084 -0.709447086
vn 0.368674219 -0.309620827 0.876478314
vn 0.368682057 -0.309621841 0.876474738
vn 0.399015009 -0.159224868 0.903014183
vn 0.28214711 0.118625969 0.952008963
vn 0.282142997 0.118624173 0.952010393
vn 0.152686685 0.20382753 0.967027009
vn 0.246921077 -0.454431087 -0.855875254
vn -1.42536046e-05 -0.502835035 -0.864382386
vn -2.17504476e-05 -0.502842546 -0.864378035
vn 0.363520443 0.918482423 -0.155701354
vn 0.671619356 0.715727031 -0.191473871
vn 0.671633601 0.715726078 -0.191427782
vn -0.59618777 -0.11053282 -0.795199811
vn -0.645329952 0.132650197 -0.752298653
vn -0.645330191 0.132648945 -0.752298653
vn 3.92725224e-06 0.233733043 0.972300828
vn 1.92077619e-06 0.233738095 0.972299576
vn -0.152695864 0.203802556 0.967030704
vn 1.92077619e-06 0.233738095 0.972299576
vn 3.92725224e-06 0.233733043 0.972300828
vn 0.152696133 0.203825101 0.967025936
vn 1.93489451e-15 -2.5628454e-08 -1
vn -2.25340071e-14 2.98471974e-07 -1
vn -4.58070505e-14 6.06732783e-07 -1
vn -0.152688608 -0.522295892 0.838983536
vn -0.152699634 -0.522290826 0.838984609
vn -1.59045385e-06 -0.552251816 0.833677471
vn 0.282180279 -0.43711707 0.853992343
vn 0.282183737 -0.437113315 0.853993058
vn 0.152710065 -0.522315264 0.838967443
vn 0.991441667 0.130550236 -0
vn 0.866013527 0.500020623 -0
vn 0.991441786 0.130549759 -0
vn 0.596157253 -0.110514186 -0.795225263
vn 0.596135139 -0.110533722 -0.795239151
vn 0.645318389 0.132673621 -0.752304494
vn -0.24694325 0.719736814 -0.648843527
vn -5.72913586e-06 0.768112004 -0.640315473
vn -9.97814186e-06 0.768110454 -0.64031738
vn 1.8546524e-07 0.999854267 0.0170759223
vn 5.22119262e-06 0.999854386 0.0170652643
vn -7.5486895e-08 0.999854207 0.0170759298
vn -0.456293523 0.581998467 -0.673107803
vn -0.456276089 0.582020462 -0.673100591
vn -0.596185029 0.375830084 -0.709447086
vn 0.38267678 0.909844458 0.160441712
vn -2.11040242e-06 0.984803021 0.17367515
vn 0.382754207 0.909806848 0.160470247
vn 0.596157253 -0.110514186 -0.795225263
vn 0.456265688 -0.316663384 -0.831592441
vn 0.45625937 -0.316673279 -0.831592083
vn 0.456265688 -0.316663384 -0.831592441
vn 0.246921077 -0.454431087 -0.855875254
vn 0.246934116 -0.45441559 -0.855879724
vn -0.152689323 0.203804046 0.967031479
vn -0.152695864 0.203802556 0.967030704
vn -0.282144606 0.118623368 0.952009916
vn -7.03160993e-07 -0.953343034 0.301889449
vn -0.705670714 -0.683565199 0.186460257
vn 1.66507689e-05 -0.971461952 0.237195805
vn 1.06153211e-05 0.928478241 -0.371386796
vn -0.355306983 0.85780704 -0.371381372
vn -0.355329245 0.857800782 -0.371374339
vn 0.491579771 -0.862299919 -0.121607415
vn 0.500026703 -0.86601007 -2.54152951e-07
vn 0.13054499 -0.991442382 5.5140531e-06
vn 0.456295669 0.581991971 -0.673111916
vn 0.596131742 0.375824183 -0.709494948
vn 0.596152306 0.375825733 -0.709476948
vn -1.42536046e-05 -0.502835035 -0.864382386
vn -0.246907473 -0.454413414 -0.855888546
vn -2.17504476e-05 -0.502842546 -0.864378035
vn 7.66781613e-06 0.999854267 0.0170689523
vn 5.22119262e-06 0.999854386 0.0170652643
vn 1.8546524e-07 0.999854267 0.0170759223
vn 8.60018008e-06 0.881127238 0.472879261
vn 0.36350286 0.809916377 0.460327238
vn 0.363497466 0.809919775 0.460325658
vn -1.42536046e-05 -0.502835035 -0.864382386
vn -0.246911034 -0.454400629 -0.855894327
vn -0.246907473 -0.454413414 -0.855888546
vn -0.152689323 0.203804046 0.967031479
vn -0.282144606 0.118623368 0.952009916
vn -0.282149732 0.118634112 0.952007115
vn -0.923869252 -0.376894206 -0.0664565489
vn -1 -1.00863308e-05 -1.54273221e-06
vn -0.923867226 -0.376899093 -0.0664576814
vn 0.220838636 -0.0525506437 -0.973893642
vn -1.98800012e-06 0.173645005 -0.984808326
vn 0.288541853 0.0472497679 -0.956300735
vn 0.36350286 0.809916377 0.460327238
vn 0.671649814 0.60714376 0.424574047
vn 0.671626031 0.607164562 0.424581707
vn 0.28214711 0.118625969 0.952008963
vn 0.368653029 -0.00883850735 0.929525077
vn 0.368652076 -0.00883487053 0.929525554
vn 0.707109272 0.696363688 0.122776791
vn 0.70714134 0.696330249 0.122781642
vn 0.923906565 0.376805305 0.0664410442
vn -0.949855387 -0.054307349 0.307937592
vn -0.949857295 -0.0542928427 0.307934016
vn -0.877543509 0.30369702 0.371059924
vn 0.877542496 0.303696543 0.371063024
vn 0.949854076 -0.0542845614 0.307945639
vn 0.949854076 -0.0543102659 0.30794102
vn 0.382677615 -0.909845829 -0.160431772
vn 0.382672936 -0.909846783 -0.160437256
vn -1.40385055e-05 -0.984806836 -0.173653856
vn -0.671674609 -0.71571672 0.191318572
vn -0.877552688 -0.412269652 0.244816184
vn -0.877557814 -0.412256241 0.244820386
vn -0.877552688 -0.412269652 0.244816184
vn -0.949857295 -0.0542928427 0.307934016
vn -0.949855387 -0.054307349 0.307937592
vn 0.382626146 -0.909869373 -0.160421401
vn 0.382673919 -0.909847558 -0.160430849
vn -4.34608501e-06 -0.98480773 -0.173648432
vn -0.680662215 -0.62324661 -0.385048747
vn -0.68065995 -0.623241007 -0.385062069
vn -0.368367791 -0.82874614 -0.421289921
vn -2.89131186e-13 3.82965845e-06 -1
vn 1.19646448e-12 -1.58476523e-05 -1
vn -1.34441167e-12 1.78072714e-05 -1
vn 1.22275509e-07 -0.881045938 -0.473030657
vn 2.97535877e-07 -0.881036282 -0.473048657
vn -0.363533705 -0.809821129 -0.460470438
vn -0.707109153 0.696363866 0.12277662
vn -0.707141221 0.696330309 0.12278185
vn -0.382608742 0.9098773 0.160417736
vn -0.363492668 0.809921563 0.460326135
vn -0.36347869 0.809930801 0.460320771
vn -0.671633124 0.607162356 0.42457372
vn 1 6.56568363e-06 1.12804457e-06
vn 0.923892438 -0.376838863 -0.0664470345
vn 0.923890293 -0.376844168 -0.0664479956
vn -0.220855162 0.382445633 -0.897194803
vn -1.98800012e-06 0.173645005 -0.984808326
vn -0.288568795 0.282659709 -0.914784968
vn 0.288541853 0.0472497679 -0.956300735
vn -1.98800012e-06 0.173645005 -0.984808326
vn 0.312329203 0.164984554 -0.935537577
vn -0.312336713 0.164985135 -0.935535014
vn -1.98800012e-06 0.173645005 -0.984808326
vn -0.2885423 0.0472510122 -0.956300557
vn -0.288568795 0.282659709 -0.914784968
vn -1.98800012e-06 0.173645005 -0.984808326
vn -0.312336713 0.164985135 -0.935535014
vn 0.312329203 0.164984554 -0.935537577
vn -1.98800012e-06 0.173645005 -0.984808326
vn 0.288568169 0.28266111 -0.914784729
vn -0.2885423 0.0472510122 -0.956300557
vn -1.98800012e-06 0.173645005 -0.984808326
vn -0.220840082 -0.0525572002 -0.973892987
vn 0.288568169 0.28266111 -0.914784729
vn -1.98800012e-06 0.173645005 -0.984808326
vn 0.220853448 0.382441431 -0.897196949
vn -0.220840082 -0.0525572002 -0.973892987
vn -1.98800012e-06 0.173645005 -0.984808326
vn -0.11952249 -0.119215459 -0.985648036
vn 0.220853448 0.382441431 -0.897196949
vn -1.98800012e-06 0.173645005 -0.984808326
vn 0.1195198 0.44913426 -0.885434031
vn -0.11952249 -0.119215459 -0.985648036
vn -1.98800012e-06 0.173645005 -0.984808326
vn 7.81713609e-08 -0.142636433 -0.989775181
vn 0.1195198 0.44913426 -0.885434031
vn -1.98800012e-06 0.173645005 -0.984808326
vn -6.26876329e-10 0.472543746 -0.881307185
vn 7.81713609e-08 -0.142636433 -0.989775181
vn -1.98800012e-06 0.173645005 -0.984808326
vn 0.11951758 -0.119218729 -0.985648215
vn -6.26876329e-10 0.472543746 -0.881307185
vn -1.98800012e-06 0.173645005 -0.984808326
vn -0.119525038 0.449130267 -0.885435462
vn 0.11951758 -0.119218729 -0.985648215
vn -1.98800012e-06 0.173645005 -0.984808326
vn 0.220838636 -0.0525506437 -0.973893642
vn -0.119525038 0.449130267 -0.885435462
vn -1.98800012e-06 0.173645005 -0.984808326
vn -0.220855162 0.382445633 -0.897194803
vn -0.877543509 0.30369702 0.371059924
vn -0.67165029 0.607142985 0.424574226
vn -0.671633124 0.607162356 0.42457372
vn 7.28982135e-15 -9.65566116e-08 1
vn 2.04996e-13 -2.71525437e-06 1
vn 2.05037549e-12 -2.71580466e-05 1
vn 0.671676815 -0.71571672 0.191310927
vn 0.363501608 -0.918516219 0.155546144
vn 0.363493472 -0.918518364 0.155552208
vn 7.50029656e-08 -0.993444443 -0.114316352
vn 7.50029727e-08 -0.993444443 -0.114316359
vn 7.50029727e-08 -0.993444443 -0.114316285
vn 0.382677615 -0.909845829 -0.160431772
vn 0.707111478 -0.696359575 -0.122787386
vn 0.707115769 -0.696354926 -0.122788899
vn 1 -5.93106688e-06 -1.09177302e-06
vn 0.923907161 0.376803994 0.0664408803
vn 0.923906565 0.376805305 0.0664410442
vn -1.39554077e-05 0.984812319 0.173622712
vn 0.382596046 0.909882545 0.160418749
vn 0.382615536 0.909874082 0.160419956
vn -0.707099974 -0.696370602 -0.122791097
vn -0.923851907 -0.376935124 -0.0664650947
vn -0.923854053 -0.376930058 -0.0664641932
vn -1.40385055e-05 -0.984806836 -0.173653856
vn -0.382690936 -0.909840167 -0.160432905
vn -1.48509098e-05 -0.98480767 -0.173648626
vn -7.54979013e-08 1 -0
vn -7.54979013e-08 1 -0
vn -7.54979013e-08 1 -0
vn -0.707115352 -0.69635576 -0.122786678
vn -0.923865139 -0.376903862 -0.0664584786
vn -0.923862636 -0.376909733 -0.0664596036
vn -0.707113683 -0.696357012 -0.122789085
vn -0.382690936 -0.909840167 -0.160432905
vn -0.382681966 -0.909843743 -0.160433963
vn 0.889311314 0.409824371 -0.202902228
vn 0.962581336 0.047050789 -0.266877413
vn 0.889315367 0.409812957 -0.202908114
vn 0.923890293 -0.376844168 -0.0664479956
vn 0.923892438 -0.376838863 -0.0664470345
vn 0.707115769 -0.696354926 -0.122788899
vn -0.282189697 -0.437124044 0.853985727
vn -0.368730068 -0.309612185 0.876457989
vn -0.368713111 -0.309624314 0.876460791
vn -0.59618777 -0.11053282 -0.795199811
vn -0.596187294 -0.110554241 -0.795197248
vn -0.456265062 -0.316671044 -0.831589818
vn 1.37543711e-05 0.173653081 -0.984806895
vn -1.8613222e-05 0.173658416 -0.984805942
vn 9.71864119e-06 0.173676461 -0.984802783
vn -3.50882488e-06 0.173623472 -0.98481214
vn -2.38217967e-06 0.17365697 -0.98480624
vn 5.58531974e-06 0.173658565 -0.984805942
vn -0.368688762 -0.00881329644 0.92951113
vn -0.399018288 -0.159237623 0.903010428
vn -0.399018824 -0.159245223 0.903008878
vn -0.996920705 -7.52654188e-08 0.0784166902
vn -0.95105654 -7.18027735e-08 0.309016943
vn -0.9510566 -7.18027806e-08 0.309016854
vn -1.77609454e-05 0.173508018 -0.984832466
vn -2.38217967e-06 0.17365697 -0.98480624
vn -3.50882488e-06 0.173623472 -0.98481214
vn 1.11482927e-14 -1.47663613e-07 1
vn -3.50569107e-15 4.6434284e-08 1
vn -0 0 1
vn 1.2448937e-05 -0.989724159 0.142989799
vn 8.81844517e-06 -0.989724278 0.14298901
vn 0.363493472 -0.918518364 0.155552208
vn -0.889313102 -0.315716565 -0.330825239
vn -0.962587953 0.047046788 -0.266854286
vn -0.889322221 -0.315696359 -0.330819905
vn 0.707114577 -0.696356177 -0.122788712
vn 0.707117319 -0.696353495 -0.122788131
vn 0.923879087 -0.376870453 -0.0664532632
vn 0.707110047 0.696360886 0.122787908
vn 0.923874974 0.376880288 0.0664554536
vn 0.923874795 0.376881033 0.0664530918
vn 0.923874974 0.376880288 0.0664554536
vn 1 -5.22491928e-06 -4.65479161e-07
vn 1 5.5793148e-06 1.06037953e-06
vn 0.363416404 -0.80987829 -0.460462421
vn 0.671512842 -0.607197881 -0.424713105
vn 0.671600342 -0.607094169 -0.424723178
vn -0.382713407 -0.909831047 -0.160430744
vn -0.707099974 -0.696370602 -0.122791097
vn -0.70710206 -0.696368456 -0.122791
vn -1 -7.54979013e-08 -6.46129106e-09
vn -1 -7.54979013e-08 -1.02549151e-08
vn -1 -7.54979013e-08 2.20011586e-07
vn -0.877522051 -0.303566009 -0.371218026
vn -0.877482414 -0.303713322 -0.371191353
vn -0.949801743 0.0543639399 -0.308093071
vn -2.10549433e-06 0.984807074 0.173652306
vn 0.382670194 0.90984863 0.160433769
vn 0.382676125 0.909846246 0.160433695
vn 0.382687032 -0.909841716 -0.160432771
vn 0.382703155 -0.9098351 -0.160431519
vn 0.707117319 -0.696353495 -0.122788131
vn -0.707095861 0.696374774 0.122790836
vn -0.382720768 0.909828007 0.160430402
vn -0.382731706 0.909824014 0.160426289
vn -0.688833416 0.396734625 -0.606720924
vn -0.527234852 0.634927392 -0.564704001
vn -0.688826382 0.396733522 -0.606729627
vn 1.52419652e-05 0.984807312 0.173651099
vn 1.55274483e-05 0.984807253 0.173651531
vn -0.382731706 0.909824014 0.160426289
vn 0.923858345 0.376918465 0.0664687827
vn 1 -1.35822702e-05 1.73140268e-06
vn 1 1.29691743e-05 -1.86561726e-06
vn -0.935926676 -0.123294637 -0.32990855
vn -0.817495704 -0.47208029 -0.329910874
vn -0.817501366 -0.472075433 -0.329903454
vn -3.54097392e-06 -0.999854445 -0.0170609672
vn 7.81471135e-06 -0.999854386 -0.0170681737
vn -2.6844823e-06 -0.999854207 -0.0170738921
vn -0.707095861 0.696374774 0.122790836
vn -0.707106888 0.69636488 0.122783966
vn -0.923850238 0.376939297 0.066463992
vn 4.08829828e-06 -0.98480767 -0.173648715
vn -4.34608501e-06 -0.98480773 -0.173648432
vn -0.382715017 -0.909830868 -0.160427853
vn 0.363488019 -0.809839487 -0.460474283
vn 2.97535877e-07 -0.881036282 -0.473048657
vn 1.22275509e-07 -0.881045938 -0.473030657
vn -0.382660121 -0.909855545 -0.160418928
vn -0.382715017 -0.909830868 -0.160427853
vn -0.707103372 -0.696368337 -0.122784398
vn -0.382713079 0.909830749 0.160433099
vn -2.10549433e-06 0.984807074 0.173652306
vn 5.72880617e-06 0.984807014 0.173652396
vn -1 -7.54979013e-08 -0
vn -1 -7.54979013e-08 -1.60520734e-08
vn -1 -7.54979013e-08 2.27022721e-08
vn -0.923880577 -0.376868606 -0.0664436892
vn -0.707081914 -0.696393311 -0.122765899
vn -0.707103372 -0.696368337 -0.122784398
vn 0.707116008 -0.696354032 -0.122792333
vn 0.382695764 -0.909837306 -0.160437152
vn 0.382686079 -0.90984112 -0.160438612
vn 0.382687986 -0.909841418 -0.160432383
vn 0.707095802 -0.696374714 -0.122791857
vn 0.382668346 -0.909850717 -0.160426363
vn -1 -7.54979013e-08 -0
vn -1 -7.54979013e-08 1.00720898e-09
vn -1 -7.54979013e-08 -0
vn 0.707115889 -0.696357608 -0.122773215
vn 0.382673919 -0.909847558 -0.160430849
vn 0.382626146 -0.909869373 -0.160421401
vn -0 0 -1
vn -0 0 -1
vn -0 0 -1
vn 0.707104266 0.696366191 0.122791037
vn 0.707113266 0.696357071 0.122791544
vn 0.923891068 0.376841784 0.0664501488
vn -0.671579778 -0.607132494 -0.424700886
vn -0.877482414 -0.303713322 -0.371191353
vn -0.877522051 -0.303566009 -0.371218026
vn 0.382635802 0.923899233 -0
vn 0.707106829 0.707106769 -0
vn 0.707106054 0.707107484 -0
vn -0.671634436 0.715726554 -0.191422895
vn -0.671607196 0.715748072 -0.191437975
vn -0.363564134 0.918465734 -0.155698076
vn -0.923867583 0.376897573 0.0664597824
vn -0.707098603 0.696371555 0.122793809
vn -0.707089543 0.696380734 0.122793354
vn 0.877493441 0.412313789 -0.24495469
vn 0.949809849 0.0543432347 -0.308071524
vn 0.949809551 0.0543491431 -0.308071434
vn 0.949809849 0.0543432347 -0.308071524
vn 0.877505779 -0.303644955 -0.3711918
vn 0.877474666 -0.303721011 -0.371203363
vn 1.25947192e-15 -1.66822112e-08 1
vn -0 0 1
vn -0 0 1
vn -1.0485379e-07 0.989702463 -0.143139869
vn 0.363520443 0.918482423 -0.155701354
vn 0.363583624 0.918457687 -0.15569979
vn -0.38269484 0.909842432 0.160410121
vn -0.382683665 0.909846604 0.160413042
vn 6.63823857e-06 0.984810889 0.173630536
vn -0.707089543 0.696380734 0.122793354
vn -0.707098603 0.696371555 0.122793809
vn -0.382713079 0.909830749 0.160433099
vn -0.363584191 0.918457448 -0.155699953
vn -0.363564134 0.918465734 -0.155698076
vn -1.0485379e-07 0.989702463 -0.143139869
vn -0.92387265 -0.376887649 -0.0664446056
vn -1 1.14050608e-05 1.88118679e-06
vn -1 7.20246953e-06 1.16423303e-06
vn 0.707110047 0.696360886 0.122787908
vn 0.70712018 0.696351826 0.122781195
vn 0.382704943 0.909834981 0.160428241
vn 0.877505779 -0.303644955 -0.3711918
vn 0.671600342 -0.607094169 -0.424723178
vn 0.671512842 -0.607197881 -0.424713105
vn 0.382669479 -0.923885286 -0
vn 6.53616416e-06 -1 -0
vn 6.31404146e-06 -1 -0
vn 3.966441e-05 0.173629597 -0.984811068
vn -2.73045825e-05 0.173645586 -0.984808207
vn 3.89576016e-05 0.173676372 -0.984802783
vn 3.06895599e-05 0.180586487 -0.983559132
vn 8.83519606e-05 0.180507585 -0.983573616
vn 6.20784122e-05 0.18042627 -0.983588517
vn -0.9239043 0.3768107 0.0664434209
vn -0.707120597 0.69634831 0.12279892
vn -0.70711267 0.696357191 0.122794189
vn -0.70711267 0.696357191 0.122794189
vn -0.707120597 0.69634831 0.12279892
vn -0.382684618 0.909841239 0.160441503
vn -7.37556663e-13 9.76923366e-06 1
vn 7.28982135e-15 -9.65566116e-08 1
vn 7.94009227e-14 -1.05169704e-06 1
vn 1 -1.5458374e-05 -2.79894994e-06
vn 1 2.32205584e-05 3.88692933e-06
vn 0.923903346 -0.376813412 -0.0664414167
vn -1 -1.57544491e-05 -2.86302907e-06
vn -1 2.24795785e-05 3.97397798e-06
vn -0.9239043 0.3768107 0.0664434209
vn -0.923902988 -0.376814008 -0.066441454
vn -1 2.24795785e-05 3.97397798e-06
vn -1 -1.57544491e-05 -2.86302907e-06
vn -0.949807227 0.0543742664 -0.308074236
vn -0.949801743 0.0543639399 -0.308093071
vn -0.877467871 0.412366599 -0.244957179
vn 0.382693529 0.909836948 0.160444736
vn 0.707119942 0.696348906 0.122799039
vn 0.70711261 0.696357191 0.122794427
vn 0.382695764 -0.909837306 -0.160437152
vn 6.46801664e-06 -0.98480624 -0.173656732
vn -6.14496275e-06 -0.98480618 -0.173657581
vn 0.923903644 -0.376811683 -0.0664456487
vn 0.923903346 -0.376813412 -0.0664414167
vn 0.707116008 -0.696354032 -0.122792333
vn 0.606809616 0.769459367 -0.199284762
vn 0.606861055 0.769397438 -0.199367121
vn 0.283950418 0.943906665 -0.168560222
vn -1.19413362e-05 0.984805107 0.173663601
vn 5.84511872e-06 0.984805226 0.173662424
vn 0.382693529 0.909836948 0.160444736
vn -1.16181491e-06 -0.924351633 -0.381541818
vn -0.705663025 -0.643502057 -0.296554923
vn 4.49178827e-07 -0.896655917 -0.442728311
vn 6.46801664e-06 -0.98480624 -0.173656732
vn -0.382689416 -0.909839869 -0.160437539
vn -0.38269195 -0.909838736 -0.160438105
vn 1 -1.00127145e-05 -2.09163545e-06
vn 0.923869193 -0.376894444 -0.0664565563
vn 0.923867047 -0.376899362 -0.0664582625
vn -0.38271901 0.909824789 0.160452381
vn -3.23731228e-06 0.984802902 0.173675448
vn 3.0498436e-06 0.984803081 0.173674852
vn -1 1.26827608e-05 -1.65523659e-06
vn -1 -1.4294279e-05 1.51014092e-06
vn -0.923858285 0.376918823 0.0664687306
vn 0.656551719 0.656519294 -0.371378958
vn 0.355300248 0.857813001 -0.371373892
vn 0.355332702 0.857797086 -0.371379584
vn 1 7.54979013e-08 1.42291356e-07
vn 1 7.54979013e-08 -3.00269392e-08
vn 1 7.54979013e-08 -2.57047645e-07
vn 0.707122087 -0.696347713 -0.122793399
vn 0.382651031 -0.909852564 -0.160456717
vn 0.382710427 -0.909831643 -0.16043435
vn 0.641529679 -0.345297784 -0.684988379
vn 7.95140295e-05 -0.12317463 -0.99238503
vn 0.426209897 0.0296747275 -0.904137433
vn 0.382710427 -0.909831643 -0.16043435
vn 0.382651031 -0.909852564 -0.160456717
vn 1.51726738e-07 -0.984804392 -0.173667148
vn 1 7.54979013e-08 1.91074534e-08
vn 0.992186248 -2.02218962e-06 -0.124766208
vn 1 7.54979013e-08 1.43950463e-09
vn 1.51726738e-07 -0.984804392 -0.173667148
vn -0.382650912 -0.909852684 -0.160456732
vn -0.38270998 -0.909831822 -0.160434395
vn 3.52036077e-05 0.173644632 -0.984808385
vn 1.62794713e-05 0.173614442 -0.98481369
vn 0.000175375404 0.173575208 -0.984820604
vn 0.923904538 0.376809806 0.0664436296
vn 1 2.32205584e-05 3.88692933e-06
vn 1 -1.5458374e-05 -2.79894994e-06
vn -0.923858285 0.376918823 0.0664687306
vn -0.707087696 0.696379721 0.122810118
vn -0.707103968 0.696365535 0.122796543
vn -0.38270998 -0.909831822 -0.160434395
vn -0.382650912 -0.909852684 -0.160456732
vn -0.707121909 -0.696347952 -0.122793421
vn -3.23731228e-06 0.984802902 0.173675448
vn 0.38271594 0.909825981 0.160452932
vn 0.382713258 0.909827292 0.160452679
vn -0.707103968 0.696365535 0.122796543
vn -0.707087696 0.696379721 0.122810118
vn -0.38271901 0.909824789 0.160452381
vn 9.06731111e-06 0.173664734 -0.984804809
vn 1.50713981e-06 0.173638284 -0.984809518
vn 2.68854728e-05 0.173669726 -0.984803975
vn 1 4.35585616e-06 1.22365043e-06
vn 0.923881114 0.376865447 0.0664553493
vn 0.923854828 0.376931578 0.0664451197
vn 0.707120001 0.696344793 0.122821815
vn 0.707116187 0.696348548 0.122823074
vn 0.38267678 0.909844458 0.160441712
vn 1.19718197e-05 0.98481077 0.173631161
vn 0.382662833 0.909855127 0.160414696
vn 0.382680863 0.909848154 0.160411179
vn 0.92385745 -0.376920879 -0.0664690658
vn 0.923870146 -0.376893252 -0.0664489493
vn 0.707122087 -0.696347713 -0.122793399
vn -7.43505737e-08 0.9848032 0.1736743
vn -7.43505737e-08 0.9848032 0.1736743
vn -7.43505737e-08 0.9848032 0.1736743
vn -1.28814714e-09 0.0170620251 -0.999854445
vn -1.28832822e-09 0.0170644242 -0.999854445
vn -1.28840938e-09 0.017065499 -0.999854386
vn 1 -6.15324689e-06 -4.43701367e-07
vn 0.923891962 -0.376841784 -0.0664383769
vn 0.923904896 -0.37680912 -0.0664424747
vn 5.90493502e-14 -7.82132304e-07 -1
vn -8.97533932e-14 1.18881974e-06 -1
vn 3.54029855e-14 -4.68926743e-07 -1
vn -0.00244738907 0.151455134 -0.988461137
vn -0.00244795345 0.151451424 -0.988461673
vn -0.00244756113 0.151465639 -0.988459527
vn -0.957525194 -0.11167758 0.26584509
vn -0.998609185 -0.0172967799 0.0498056524
vn -0.999990761 0.00316468021 0.00290039927
vn -1.28832822e-09 0.0170644242 -0.999854445
vn -1.2880782e-09 0.0170611124 -0.999854505
vn -1.2883089e-09 0.017064169 -0.999854386
vn -0.0977006182 0.988690913 0.113775671
vn -7.50029159e-08 0.993443727 0.114322536
vn -7.50029159e-08 0.993443668 0.114322253
vn 0.000495877815 -0.988620043 -0.150433138
vn 0.000365253974 -0.988476813 -0.151372105
vn 0.000365253974 -0.988476813 -0.151372105
vn -0.873085499 0.453791559 0.178311691
vn -0.880235493 0.407109946 0.243817434
vn -0.88176322 0.375016451 0.286105514
vn 0.914638162 0.393431216 0.0929999426
vn 0.910635352 0.40656209 0.0738279745
vn 0.916980565 0.384726584 0.105508633
vn -0.246911034 -0.454400629 -0.855894327
vn -0.456265062 -0.316671044 -0.831589818
vn -0.246907473 -0.454413414 -0.855888546
vn 0.877547026 -0.412275106 0.244827569
vn 0.671632648 -0.715756893 0.19131574
vn 0.877549171 -0.412268579 0.2448304
vn 3.52071729e-05 0.173650503 -0.984807312
vn 2.42159622e-05 0.17363742 -0.984809637
vn -1.31087257e-08 0.173630327 -0.984810889
vn 4.63182654e-14 -6.13504028e-07 -1
vn 8.59483789e-14 -1.13842077e-06 -1
vn 1.85288837e-13 -2.45422507e-06 -1
vn 0.992186248 -2.02218962e-06 -0.124766208
vn 0.997876585 -0.0651329383 2.76590276e-06
vn 0.983486831 -0.127979875 -0.127964437
vn -3.07266491e-05 0.180585951 -0.983559191
vn -7.50899517e-06 0.1805906 -0.983558357
vn 3.06895599e-05 0.180586487 -0.983559132
vn 5.20649373e-05 0.173665553 -0.98480463
vn 3.52071729e-05 0.173650503 -0.984807312
vn 3.01153996e-05 0.173679903 -0.984802186
vn -0.923877716 -0.376871824 -0.0664657727
vn -0.707121253 -0.696343601 -0.122821651
vn -0.707096219 -0.696368337 -0.122825585
vn 0.246945232 0.719756424 -0.648821115
vn 0.456295669 0.581991971 -0.673111916
vn 0.456292182 0.582004845 -0.673103154
vn 1 7.54979013e-08 -0
vn 1 7.54979013e-08 -0
vn 1 7.54979013e-08 -0
vn 0.121647581 -0.86227113 -0.491620004
vn 0.127984568 -0.983486772 -0.127959967
vn -5.61426532e-06 -0.991442382 -0.130545005
vn 0.707106531 0.707107067 -0
vn 0.923872352 0.382700741 -0
vn 0.707105339 0.7071082 -0
vn -1.18092846e-13 1.56418707e-06 -1
vn -1.33419792e-13 1.76719868e-06 -1
vn -2.56117827e-13 3.39238341e-06 -1
vn -0.382684469 0.909842074 0.160436928
vn -0.707119107 0.696346521 0.122817159
vn -0.382762194 0.909805954 0.160456359
vn 0.923882246 0.376865238 0.0664401799
vn 1 7.01495492e-06 1.2065467e-06
vn 0.923881412 0.376867205 0.0664399192
vn -0 0 -1
vn -0 0 -1
vn -0 0 -1
vn 1.26019825e-14 -1.66918312e-07 -1
vn 1.82241131e-13 -2.41385692e-06 -1
vn -7.23171116e-14 9.57869133e-07 -1
vn -0.914744914 0.397500575 -0.072353512
vn -0.990114391 0.0243428275 -0.138133749
vn -0.990113556 0.0243543144 -0.138138011
vn -5.90475883e-14 7.82108998e-07 -1
vn -0 0 -1
vn -0 0 -1
vn -1.08211789e-05 0.173658282 -0.984806001
vn -3.2954722e-06 0.173641711 -0.984808981
vn -7.5803473e-06 0.173680738 -0.984802008
vn -0 0 1
vn -2.62991872e-14 3.48343292e-07 1
vn -1.58427306e-15 2.09843325e-08 1
vn -1 -7.54979013e-08 -0
vn -1 -7.54979013e-08 -0
vn -1 -7.54979013e-08 -0
vn -7.06476339e-06 0.995018005 -0.0996952727
vn 0.368362516 0.922859728 -0.112423755
vn 0.368373632 0.922855675 -0.112420402
vn -1 -5.54081407e-06 -2.41828138e-06
vn -0.923882008 -0.376867205 -0.066432111
vn -1 2.2656126e-05 1.36305107e-05
vn -0.70710659 -0.707107008 -0
vn -0.707106411 -0.707107186 -0
vn -0.707106233 -0.707107365 -0
vn 6.39252539e-06 0.173647776 -0.984807909
vn -1.31095597e-08 0.173641369 -0.984809041
vn 5.9602562e-06 0.173648462 -0.98480773
vn -0.707076848 0.696391046 0.122807972
vn -0.923880637 0.376866579 0.0664551482
vn -0.923854411 0.37693277 0.0664446428
vn -5.08000221e-06 0.173649371 -0.984807611
vn -1.98176404e-05 0.173650667 -0.984807312
vn 3.03385877e-06 0.173649013 -0.984807611
vn 3.01153996e-05 0.173679903 -0.984802186
vn 1.57627019e-05 0.173670873 -0.984803736
vn 9.33944102e-06 0.173667595 -0.984804332
vn 0.707118154 0.696353078 0.122785792
vn 0.923891664 0.376841247 0.0664435923
vn 0.923883796 0.376859456 0.0664510652
vn -1.03695641e-06 0.17365323 -0.984806836
vn -3.01325649e-08 0.17359826 -0.984816551
vn 6.08539885e-05 0.173723787 -0.984794438
vn -1.03695641e-06 0.17365323 -0.984806836
vn 9.93652179e-07 0.173654124 -0.984806716
vn -3.01325649e-08 0.17359826 -0.984816551
vn -0.478609741 -0.276027381 -0.83351171
vn -0.472524047 -2.05959179e-08 -0.881317794
vn -0.477774203 -0.27378127 -0.834730864
vn -0.472524047 -2.05959179e-08 -0.881317794
vn -0.47657308 0.278291106 -0.833925784
vn -0.480897963 0.276021689 -0.832195401
vn 5.9602562e-06 0.173648462 -0.98480773
vn 5.03013189e-06 0.173651636 -0.984807134
vn 3.03385877e-06 0.173649013 -0.984807611
vn -3.50889286e-06 0.173630923 -0.984810829
vn -2.38186021e-06 0.173657849 -0.984806061
vn 5.58475813e-06 0.173659638 -0.984805822
vn -4.17339434e-05 0.173640862 -0.984809041
vn -1.03695641e-06 0.17365323 -0.984806836
vn -6.1113722e-05 0.173663214 -0.984805107
vn -0.17782785 0.970408618 -0.16335319
vn -0.17789112 0.964241862 0.196449444
vn -0.18400678 0.964275062 0.190565228
vn -0.951053739 -7.18025603e-08 0.309025556
vn -0.809050262 -6.10816002e-08 0.587739468
vn -0.951054752 -7.18026385e-08 0.309022635
vn -0.58778137 -4.43762609e-08 0.809019864
vn -0.30897361 -2.33268587e-08 0.951070666
vn -0.587780654 -4.4376204e-08 0.80902034
vn -0.707101703 0.69637239 0.122770637
vn -0.38269484 0.909842432 0.160410121
vn -0.707106531 0.696368217 0.122767121
vn -1 -7.54979013e-08 -3.82658634e-08
vn -1 -7.54979013e-08 -3.82658634e-08
vn -1 -7.54979013e-08 -3.82658634e-08
vn 5.03013189e-06 0.173651636 -0.984807134
vn -5.08000221e-06 0.173649371 -0.984807611
vn 3.03385877e-06 0.173649013 -0.984807611
vn -1.77608563e-05 0.173527345 -0.984829068
vn -2.38186021e-06 0.173657849 -0.984806061
vn -3.50889286e-06 0.173630923 -0.984810829
vn -2.72634821e-07 0.984805107 0.17366311
vn -0.382684469 0.909842074 0.160436928
vn -0.382762194 0.909805954 0.160456359
vn 3.92393631e-05 0.173699975 -0.98479861
vn -2.34795207e-05 0.17362158 -0.984812438
vn -2.33646679e-05 0.173637927 -0.984809577
vn -1 -5.8499254e-06 -1.16189801e-06
vn -0.923867583 0.376897573 0.0664597824
vn -0.923868895 0.376894325 0.0664595738
vn 0.914738655 -0.348803014 -0.20393531
vn 0.990107954 0.0243506283 -0.138178274
vn 0.990113616 0.0243538897 -0.138137937
vn 4.17077499e-05 0.173640728 -0.984809041
vn 9.93652179e-07 0.173654124 -0.984806716
vn -1.66586087e-05 0.173659295 -0.984805822
vn -2.38217967e-06 0.17365697 -0.98480624
vn -1.77609454e-05 0.173508018 -0.984832466
vn 6.96852658e-05 0.173783869 -0.984783769
vn 0.121591672 -0.49153477 -0.862327695
vn 0.448850036 -0.448850185 -0.772701204
vn 0.448882103 -0.772703886 -0.448813498
vn -0.195260659 0.0760841817 -0.97779572
vn -0.187620029 -0.0962109193 -0.97751838
vn -0.187593922 0.0962434486 -0.977520168
vn 0.527232289 0.634933352 -0.564699709
vn 0.688839674 0.396713704 -0.606727421
vn 0.527242959 0.634927332 -0.56469655
vn -2.38186021e-06 0.173657849 -0.984806061
vn -1.77608563e-05 0.173527345 -0.984829068
vn 6.96852512e-05 0.173783824 -0.984783769
vn 0.700108349 0.71384418 -0.0165757686
vn 0.378911138 0.925201356 0.0207061749
vn 0.378917158 0.925199151 0.0206994526
vn -0.700108707 0.713843822 -0.0165756959
vn -0.914753735 0.397480309 -0.0723532736
vn -0.914744914 0.397500575 -0.072353512
vn 0.923878014 -0.376871139 -0.0664655715
vn 1 -1.26327923e-05 -9.91686647e-06
vn 1 4.35585616e-06 1.22365043e-06
vn 0.923881114 0.376865447 0.0664553493
vn 0.707077742 0.696390033 0.122808836
vn 0.923854828 0.376931578 0.0664451197
vn 0.914744556 0.397501677 -0.0723534375
vn 0.99011445 0.0243421476 -0.138133749
vn 0.914753258 0.397481352 -0.0723534003
vn 9.93652179e-07 0.173654124 -0.984806716
vn 4.17077499e-05 0.173640728 -0.984809041
vn 6.10874704e-05 0.17365931 -0.984805822
vn 0.38268289 -0.909842312 -0.160439476
vn 0.707119465 -0.696345329 -0.122822359
vn 0.707095683 -0.696368754 -0.12282607
vn -0 0 -1
vn 1.25203789e-13 -1.65837434e-06 -1
vn 3.91154394e-13 -5.18099705e-06 -1
vn 6.83023191e-13 -9.0469166e-06 -1
vn 4.6166326e-13 -6.11491487e-06 -1
vn 7.55318898e-12 -0.000100045021 -1
vn -0.216404364 -0.53066355 0.81949091
vn -0.209156707 -0.36416626 0.907544196
vn -0.2151746 -0.697181523 0.683840513
vn 3.71905855e-07 -0.950718999 -0.310053945
vn 0.378892303 -0.876499653 -0.296966225
vn 0.37887457 -0.876505017 -0.296973288
vn -0.707119107 0.696346521 0.122817159
vn -0.923877358 0.376872689 0.0664651692
vn -0.923873484 0.376880348 0.06647522
vn -3.14038698e-13 4.15956856e-06 -1
vn 1.25203789e-13 -1.65837434e-06 -1
vn -0 0 -1
vn 0.86229974 -0.491579622 -0.121607944
vn 0.491579771 -0.862299919 -0.121607415
vn 0.448882103 -0.772703886 -0.448813498
vn -0.707121372 0.696343482 0.122821629
vn -0.923877478 0.37687254 0.0664642751
vn -0.923878789 0.37686792 0.0664734542
vn -2.34795207e-05 0.17362158 -0.984812438
vn 3.92393631e-05 0.173699975 -0.98479861
vn -0.000396467716 0.173302457 -0.984868586
vn -5.79209261e-14 7.67185952e-07 -1
vn 6.83023191e-13 -9.0469166e-06 -1
vn -1.42611549e-13 1.88894717e-06 -1
vn 0.49153176 -0.121591799 -0.862329483
vn 0.862271726 -0.121646382 -0.491619498
vn 0.772704005 -0.44887808 -0.448817521
vn 0.923860788 0.382728636 -0
vn 0.980783939 0.195097476 -0
vn 0.98078382 0.195097864 -0
vn 0.991441667 0.130550236 -0
vn 0.991441786 0.130549759 -0
vn 0.991441846 -0.130549356 -0
vn 7.53579954e-08 -0.998146892 -0.0608507432
vn 7.53579954e-08 -0.998146832 -0.0608507171
vn 7.53579954e-08 -0.998146892 -0.0608507283
vn -1.42611549e-13 1.88894717e-06 -1
vn 1.25203789e-13 -1.65837434e-06 -1
vn -3.1959678e-13 4.23318761e-06 -1
vn -0.923883677 0.382673442 -0
vn -1 2.47800585e-06 -0
vn -1 1.06511507e-05 -0
vn -5.79209261e-14 7.67185952e-07 -1
vn 5.03430088e-13 -6.66813321e-06 -1
vn 8.67494173e-13 -1.14903087e-05 -1
vn 3.91154394e-13 -5.18099705e-06 -1
vn 1.25203789e-13 -1.65837434e-06 -1
vn 6.83023191e-13 -9.0469166e-06 -1
vn -0 0 -1
vn 6.83023191e-13 -9.0469166e-06 -1
vn -5.79209261e-14 7.67185952e-07 -1
vn -5.07029381e-06 1 -0
vn -4.91445178e-07 1 -0
vn 2.4028393e-06 1 -0
vn -0.923885405 -0.376858473 -0.0664329976
vn -0.707124412 -0.696352482 -0.122753374
vn -0.923882008 -0.376867205 -0.066432111
vn 5.56009763e-06 0.173675746 -0.984802842
vn 1.82774402e-05 0.173690706 -0.984800339
vn 8.88871455e-06 0.17364496 -0.984808326
vn -3.1959678e-13 4.23318761e-06 -1
vn 1.25203789e-13 -1.65837434e-06 -1
vn -3.14038698e-13 4.15956856e-06 -1
vn -1 -1.28031397e-05 -1.05128775e-05
vn -0.923877716 -0.376871824 -0.0664657727
vn -1 2.73938349e-06 7.641774e-07
vn -0 0 -1
vn 6.83023191e-13 -9.0469166e-06 -1
vn -0 0 -1
vn 4.6166326e-13 -6.11491487e-06 -1
vn 6.83023191e-13 -9.0469166e-06 -1
vn -0 0 -1
vn -0.471262306 0.00116064213 0.881992459
vn -0.46799016 -0.139544472 0.872646868
vn -0.471331984 0.00112977705 0.881955147
vn 0.522759259 -0.693440437 -0.495845884
vn 0.534395993 -0.805244863 -0.25690788
vn 0.538411856 -0.802433372 -0.257319957
vn 0.723069131 -0.540382326 -0.430299819
vn 0.646247804 -0.662004232 -0.379623771
vn 0.723107755 -0.540382326 -0.430234939
vn -0 0 -1
vn 6.83023191e-13 -9.0469166e-06 -1
vn -0 0 -1
vn -0.363488317 -0.918519974 0.155554831
vn 8.81844517e-06 -0.989724278 0.14298901
vn 1.2448937e-05 -0.989724159 0.142989799
vn 8.95435005e-05 0.173641741 -0.984808862
vn 1.82774402e-05 0.173690706 -0.984800339
vn 5.56009763e-06 0.173675746 -0.984802842
vn -4.88474943e-05 0.173643574 -0.984808564
vn 4.46298054e-06 0.173683971 -0.984801531
vn -4.56813686e-05 0.173631668 -0.98481065
vn 7.43505879e-08 -0.984803379 -0.17367287
vn 7.43505808e-08 -0.984803259 -0.173673987
vn 7.43505808e-08 -0.984803259 -0.173673883
vn 1.94336772e-05 0.173737437 -0.984791994
vn -8.81008759e-07 0.173658967 -0.984805942
vn 4.46298054e-06 0.173683971 -0.984801531
vn -1.14132908e-05 0.173681527 -0.984801948
vn -8.81008759e-07 0.173658967 -0.984805942
vn -0.000101017838 0.173677236 -0.984802663
vn -1.14132908e-05 0.173681527 -0.984801948
vn 4.46298054e-06 0.173683971 -0.984801531
vn -8.81008759e-07 0.173658967 -0.984805942
vn -0.710807264 0.698775232 0.080413416
vn -0.926490009 0.373852164 0.043021746
vn -0.921225488 0.386478335 0.0444754213
vn 0.177826673 0.97040838 -0.163356274
vn -0.17782785 0.970408618 -0.16335319
vn -0.183960572 0.970239937 -0.157457903
vn 0.480901957 -0.276014 -0.83219564
vn 0.495528072 -0.51712364 -0.697878957
vn 0.497065783 -0.513129652 -0.699731171
vn -0.516065001 -0.698028326 -0.496420622
vn -0.500879765 -0.514675379 -0.695865512
vn -0.522758245 -0.693441033 -0.495846152
vn 0.472496748 7.83952672e-08 0.881332397
vn 0.476547152 0.278295219 0.833939254
vn 0.480878323 0.276017159 0.832208276
vn 0.480878323 0.276017159 0.832208276
vn 0.493921518 0.518866122 0.697724521
vn 0.500863016 0.514664888 0.695885301
vn 0.500863016 0.514664888 0.695885301
vn 0.516051173 0.698049545 0.496405154
vn 0.522749603 0.693458021 0.495831549
vn -0.209134445 0.364091307 -0.907579362
vn -0.216497302 0.531019688 -0.819235742
vn -0.211102426 0.356331795 -0.910199761
vn -0.606723487 -0.654972732 -0.450441301
vn -0.283905953 -0.82935518 -0.481214464
vn -0.283969998 -0.829348207 -0.481188715
vn -0.173445985 -0.982138932 -0.0729354173
vn -0.185188472 -0.911653459 -0.366869688
vn -0.188609272 -0.968546212 -0.162311167
vn -0.2151746 -0.697181523 0.683840513
vn -0.202355623 -0.826960742 0.524583817
vn -0.224701792 -0.708564758 0.668913364
vn -0.209156707 -0.36416626 0.907544196
vn -0.216404364 -0.53066355 0.81949091
vn -0.211103186 -0.356491894 0.910136819
vn -0.185002983 0.911694586 -0.366860807
vn -0.171995595 0.970482647 -0.16905947
vn -0.194838315 0.916845083 -0.348472595
vn -0.203803778 0.91252768 0.354622513
vn -0.209062144 0.694307685 0.688643515
vn -0.218517572 0.827298045 0.517521083
vn -0.382681817 -0.90984273 -0.160439566
vn -9.41420353e-07 -0.984802604 -0.173677668
vn 2.55000054e-06 -0.984816074 -0.173601106
vn -0.209097058 -0.694308877 -0.688631773
vn -0.210986823 -0.531499326 -0.820361614
vn -0.225127891 -0.675690591 -0.701968431
vn -0.202685788 -0.369609743 -0.906811535
vn -0.194707856 -0.171364114 -0.965775907
vn -0.211099371 -0.349042714 -0.913020432
vn 0.538411736 -0.802433491 0.257319838
vn 0.541643441 -0.840608358 9.09324793e-09
vn 0.534392774 -0.80524838 0.256903827
vn 0.541642845 0.840608656 5.9106096e-08
vn 0.538412035 0.802437425 -0.257306606
vn 0.543854952 0.839179218 5.05909874e-08
vn 0.522749603 0.693458021 0.495831549
vn 0.534391046 0.805254817 0.256887078
vn 0.538411856 0.802437603 0.257306576
vn -0.000101017838 0.173677236 -0.984802663
vn -8.81008759e-07 0.173658967 -0.984805942
vn -0.000115928924 0.173674092 -0.98480314
vn -9.12866963e-05 0.173843145 -0.984773397
vn -1.14132908e-05 0.173681527 -0.984801948
vn -0.00023084144 0.173961118 -0.984752536
vn -1.03806565e-06 0.173653841 -0.984806776
vn 9.93962999e-07 0.173655748 -0.984806418
vn -3.03725827e-08 0.173608765 -0.984814703
vn 2.86034765e-06 0.173607737 -0.984814882
vn 3.63653589e-06 0.1736449 -0.984808326
vn 7.20143216e-05 0.173626557 -0.984811544
vn 1 7.54979013e-08 -2.20331184e-08
vn 1 7.54979013e-08 8.48643822e-08
vn 1 7.54979013e-08 -0
vn -8.81008759e-07 0.173658967 -0.984805942
vn -5.29624231e-05 0.17334272 -0.984861612
vn -8.67978906e-06 0.173571005 -0.984821439
vn -0.216497302 0.531019688 -0.819235742
vn -0.209134445 0.364091307 -0.907579362
vn -0.21512109 0.69713968 -0.683899999
vn 5.06025629e-07 0.984806776 0.173654065
vn 0.38271594 0.909829855 0.160431549
vn 0.382706791 0.909833491 0.160432398
vn 7.43498205e-08 -0.984793246 -0.173730344
vn 7.43498205e-08 -0.984793246 -0.173730344
vn 7.43498205e-08 -0.984793246 -0.173730358
vn -0.516051412 0.698049486 0.496405035
vn -0.500863135 0.514664829 0.695885181
vn -0.522749782 0.693457901 0.49583143
vn 0.493928492 0.518869877 -0.697716773
vn 0.480897963 0.276021808 -0.832195461
vn 0.500867963 0.514668763 -0.695878804
vn -0.480883062 -0.276052177 0.832193911
vn -0.493933141 -0.51886481 0.697717249
vn -0.500874162 -0.514668763 0.695874333
vn 0.500874341 -0.514668643 0.695874333
vn 0.51605618 -0.698039711 0.496413708
vn 0.493933231 -0.518864751 0.697717249
vn 0.47657308 0.278291255 -0.833925724
vn 0.471357971 0.000995652052 -0.881941378
vn 0.480897963 0.276021808 -0.832195461
vn -0.522760093 0.693442941 -0.495841444
vn -0.534394681 0.805251122 -0.256891102
vn -0.538412154 0.802437305 -0.257306635
vn 0.52274847 -0.693455756 0.495835871
vn 0.534392774 -0.80524838 0.256903827
vn 0.51605618 -0.698039711 0.496413708
vn 0.538411856 0.802437603 0.257306576
vn 0.541642845 0.840608656 5.9106096e-08
vn 0.543854952 0.839179218 5.05909874e-08
vn -0.541643023 0.840608537 -2.72797358e-08
vn -0.538412035 0.802437484 0.257306516
vn -0.543855131 0.839179218 -2.02363974e-08
vn -0.538412154 0.802437305 -0.257306635
vn -0.541643023 0.840608537 -2.72797358e-08
vn -0.543855131 0.839179218 -2.02363974e-08
vn -0.534395635 -0.805245101 -0.25690791
vn -0.522758245 -0.693441033 -0.495846152
vn -0.538411558 -0.802433431 -0.257319987
vn 0.534394622 0.805251241 -0.256891102
vn 0.522759974 0.69344306 -0.495841444
vn 0.538412035 0.802437425 -0.257306606
vn -0.476547271 0.278295249 0.833939135
vn -0.471331984 0.00112977705 0.881955147
vn -0.480878383 0.276017159 0.832208276
vn 0.480882376 -0.27602005 0.832205057
vn 0.493933231 -0.518864751 0.697717249
vn 0.476547718 -0.278305173 0.833935559
vn 0.472496748 7.83952672e-08 0.881332397
vn 0.476547718 -0.278305173 0.833935559
vn 0.470166624 1.04048539e-07 0.882577658
vn -0.493921727 0.518866122 0.697724342
vn -0.480878383 0.276017159 0.832208276
vn -0.500863135 0.514664829 0.695885181
vn -0.480897963 0.276021689 -0.832195401
vn -0.493928522 0.518869758 -0.697716832
vn -0.500868082 0.514668643 -0.695878804
vn -0.500868082 0.514668643 -0.695878804
vn -0.516060233 0.698037982 -0.496412009
vn -0.522760093 0.693442941 -0.495841444
vn -0.500874162 -0.514668763 0.695874333
vn -0.516056061 -0.69803983 0.496413708
vn -0.522748351 -0.693455875 0.495835871
vn -0.534391284 0.805254757 0.256887019
vn -0.522749782 0.693457901 0.49583143
vn -0.538412035 0.802437484 0.257306516
vn 0.500867963 0.514668763 -0.695878804
vn 0.516060054 0.698038101 -0.496411979
vn 0.493928492 0.518869877 -0.697716773
vn 1 7.54979013e-08 -0
vn 1 7.54979013e-08 -0
vn 1 7.54979013e-08 -0
vn -0.538411558 -0.802433491 0.257319808
vn -0.541643202 -0.840608537 -9.09324793e-09
vn -0.543854952 -0.839179277 1.01181961e-08
vn -7.47707008e-06 0.173643768 -0.984808564
vn -3.05469948e-05 0.173633844 -0.984810293
vn 3.03401284e-05 0.173647389 -0.984807909
vn 0.500017881 -0.866015077 -0
vn 0.130551875 -0.991441488 -0
vn 0.500023603 -0.866011858 -0
vn -0.202355623 -0.826960742 0.524583817
vn -0.2151746 -0.697181523 0.683840513
vn -0.185045347 -0.911678553 0.366879463
vn 0.707115829 -0.696348786 -0.122823335
vn 0.923881114 -0.376863629 -0.0664643347
vn 0.707114041 -0.696350515 -0.122823775
vn -0.866012871 0.500021577 -0
vn -0.500020325 0.866013765 -0
vn -0.50002104 0.866013348 -0
vn 0.382713646 -0.909831047 -0.160429433
vn 0.707105398 -0.696365178 -0.122790515
vn 0.382710904 -0.909831405 -0.160434589
vn -0.90592885 0.403625488 -0.127981558
vn -0.980578065 0.0340542048 -0.193149969
vn -0.980580449 0.0340362303 -0.193141177
vn 0.997876585 -0.0651329383 2.76590276e-06
vn 1 7.54979013e-08 8.66196785e-08
vn 1 7.54979013e-08 8.48643822e-08
vn -0.194707856 -0.171364114 -0.965775907
vn -0.187620029 -0.0962109193 -0.97751838
vn -0.187629595 -0.0964243338 -0.977495492
vn -0.194693848 0.171455294 0.965762675
vn -0.202651381 0.369628578 0.906811535
vn -0.187583759 0.0962454155 0.977521896
vn 6.85134946e-05 0.173625007 -0.984811783
vn -2.28618374e-05 0.17364867 -0.98480767
vn 4.56713751e-05 0.173612237 -0.984814167
vn -6.77545517e-14 8.97436223e-07 -1
vn -2.89131186e-13 3.82965845e-06 -1
vn -2.56779797e-12 3.40115148e-05 -1
vn -7.5803473e-06 0.173680738 -0.984802008
vn -3.2954722e-06 0.173641711 -0.984808981
vn 4.73277214e-05 0.173616797 -0.984813273
vn 1 7.54979013e-08 8.66196785e-08
vn 0.997876585 -0.0651329383 2.76590276e-06
vn 1 7.54979013e-08 -0
vn -2.07644096e-14 2.75032932e-07 1
vn 1.71571165e-14 -2.27252897e-07 1
vn 2.74988823e-14 -3.64233728e-07 1
vn 0.935931087 0.123221248 -0.329923689
vn 0.817541063 0.471992761 -0.329923481
vn 0.935932398 0.123219706 -0.32992065
vn 4.56713751e-05 0.173612237 -0.984814167
vn -2.28618374e-05 0.17364867 -0.98480767
vn -4.57026908e-05 0.173635885 -0.984809995
vn -1 -7.54979013e-08 -0
vn -1 -7.54979013e-08 1.00720898e-09
vn -1 -7.54979013e-08 4.49173569e-08
vn 7.40697851e-06 0.173640728 -0.984809101
vn -3.2954722e-06 0.173641711 -0.984808981
vn -1.08211789e-05 0.173658282 -0.984806001
vn -1.30989601e-08 0.173658729 -0.984805882
vn 7.40697851e-06 0.173640728 -0.984809101
vn 4.37290582e-05 0.1736359 -0.984809875
vn 8.88871455e-06 0.17364496 -0.984808326
vn -1.96213914e-05 0.173647851 -0.984807789
vn -1.26625273e-05 0.173619598 -0.984812737
vn 1.66375758e-05 0.173659712 -0.984805763
vn -1.03806565e-06 0.173653841 -0.984806776
vn -4.17386254e-05 0.173641667 -0.984808922
vn -2.05211782e-05 0.960558474 -0.278078139
vn 0.641676724 0.558892488 -0.525252461
vn -7.89704864e-05 0.820452213 -0.571715117
vn -0 0 -1
vn -0 0 -1
vn -0 0 -1
vn -0.187600806 0.0964892879 0.977494657
vn -0.187583759 0.0962454155 0.977521896
vn -0.187593669 -0.0962287933 0.977521718
vn 0.184142262 -0.964222968 -0.190697804
vn -0.184142113 -0.964223504 -0.190695271
vn -0.178019747 -0.964190781 -0.196583495
vn 4.37290582e-05 0.1736359 -0.984809875
vn 7.40697851e-06 0.173640728 -0.984809101
vn 6.93809197e-05 0.173598275 -0.984816551
vn 6.93809197e-05 0.173598275 -0.984816551
vn 7.40697851e-06 0.173640728 -0.984809101
vn 9.86442901e-05 0.173563018 -0.98482275
vn 7.40697851e-06 0.173640728 -0.984809101
vn -1.08211789e-05 0.173658282 -0.984806001
vn -0.000101753969 0.173539102 -0.984826922
vn -0.923899412 0.382635385 -0
vn -0.923899472 0.382635504 -0
vn -0.995182931 0.0980353579 -5.27378177e-08
vn 8.60018008e-06 0.881127238 0.472879261
vn 1.34363631e-07 0.881129503 0.472875118
vn -0.36347869 0.809930801 0.460320771
vn 1.28808353e-09 -0.0170611832 0.999854445
vn 1.28808242e-09 -0.0170611683 0.999854445
vn 1.28808253e-09 -0.0170611702 0.999854445
vn -1.08211789e-05 0.173658282 -0.984806001
vn -7.5803473e-06 0.173680738 -0.984802008
vn 3.23819186e-05 0.173711419 -0.984796643
vn 4.73277214e-05 0.173616797 -0.984813273
vn -3.2954722e-06 0.173641711 -0.984808981
vn 0.000101724057 0.173532769 -0.984828055
vn 5.53167429e-13 -7.32692479e-06 -1
vn 1.44815217e-13 -1.91813569e-06 -1
vn -0 0 -1
vn 0.382659316 -0.909857094 -0.160412058
vn 0.707060099 -0.696410418 -0.122794747
vn 0.707124352 -0.696352482 -0.122753538
vn -7.5803473e-06 0.173680738 -0.984802008
vn 4.73277214e-05 0.173616797 -0.984813273
vn -3.24077519e-05 0.173709303 -0.984797001
vn -0 0 -1
vn 7.89935812e-14 -1.04630169e-06 -1
vn -2.56780643e-12 3.40116276e-05 -1
vn -3.2954722e-06 0.173641711 -0.984808981
vn -6.94082628e-05 0.173619255 -0.984812796
vn -9.86664818e-05 0.173580617 -0.984819651
vn 1.19646448e-12 -1.58476523e-05 -1
vn 7.89935812e-14 -1.04630169e-06 -1
vn -0 0 -1
vn -8.85118934e-05 0.180509701 -0.983573198
vn -6.22077714e-05 0.180431142 -0.983587623
vn 8.83519606e-05 0.180507585 -0.983573616
vn 0.991441667 -0.130550668 -0
vn 0.991441965 -0.130548835 -0
vn 0.866013587 -0.500020504 -0
vn -6.22077714e-05 0.180431142 -0.983587623
vn -8.85118934e-05 0.180509701 -0.983573198
vn -3.07266491e-05 0.180585951 -0.983559191
vn -0.923874199 0.376882195 0.0664548799
vn -0.707098365 0.696372032 0.122792214
vn -0.707104564 0.69636631 0.122788608
vn -6.77545517e-14 8.97436223e-07 -1
vn -2.56779797e-12 3.40115148e-05 -1
vn -0 0 -1
vn -2.22776221e-14 2.95076035e-07 1
vn 1.57691006e-14 -2.08868073e-07 1
vn -3.99699262e-14 5.29417719e-07 1
vn 0.707124352 -0.696352482 -0.122753538
vn 0.92388624 -0.376856923 -0.0664319471
vn 0.923882902 -0.37686491 -0.0664319098
vn -2.56780643e-12 3.40116276e-05 -1
vn 7.89935812e-14 -1.04630169e-06 -1
vn -1.32043885e-13 1.74897423e-06 -1
vn -1.96213914e-05 0.173647851 -0.984807789
vn -4.27258274e-05 0.173591465 -0.984817743
vn -0.000204480602 0.173545226 -0.984825909
vn 0.538411856 -0.802433372 -0.257319957
vn 0.541643441 -0.840608358 9.09324793e-09
vn 0.543855071 -0.839179158 4.55318805e-08
vn 0.923882902 -0.37686491 -0.0664319098
vn 1 -5.225515e-06 6.78345896e-06
vn 1 3.76736461e-05 6.49286267e-06
vn -2.11040242e-06 0.984803021 0.17367515
vn -0.382677674 0.9098441 0.160441771
vn -0.382757246 0.909805655 0.160470039
vn 0.378893644 0.925208628 0.0207014792
vn 4.18715615e-07 0.999429166 0.033784654
vn 6.22987599e-08 0.999428749 0.0337963514
vn -0.171897665 -0.970469058 0.169237018
vn -0.164409325 -0.981596291 0.0971509293
vn -0.164399326 -0.981707215 0.0960405245
vn -5.68907659e-08 0.753541052 -0.657400966
vn -5.68907659e-08 0.753541052 -0.657400966
vn -5.68907623e-08 0.753540993 -0.657400966
vn -1 -7.54979013e-08 -0
vn -1 -7.54979013e-08 -0
vn -1 -7.54979013e-08 -0
vn 1 7.54979013e-08 -0
vn 1 7.54979013e-08 -2.24676273e-06
vn 1 7.54979013e-08 -0
vn 0.707104206 0.696365297 0.122796506
vn 0.707088232 0.696379185 0.12281017
vn 0.923858345 0.376918465 0.0664687827
vn -1 -7.54979013e-08 -1.5930658e-07
vn -1 -7.54979013e-08 9.14239351e-09
vn -1 -7.54979013e-08 -1.78976283e-08
vn -0.382650942 -0.909855366 -0.160441935
vn -2.64185815e-07 -0.984802544 -0.173677951
vn -1.78265543e-06 -0.984816253 -0.173599899
vn -1 -7.54979013e-08 -0
vn -1 -7.54979013e-08 9.14239351e-09
vn -1 -7.54979013e-08 1.81039809e-07
vn -1 -7.54979013e-08 -4.31298417e-07
vn -1 -7.54979013e-08 9.14239351e-09
vn -1 -7.54979013e-08 -1.5930658e-07
vn -1 -7.54979013e-08 -1.78976283e-08
vn -1 -7.54979013e-08 9.14239351e-09
vn -1 -7.54979013e-08 -2.46174814e-08
vn 7.52647367e-08 -0.996911645 -0.0785313547
vn 7.52647082e-08 -0.996911287 -0.0785357133
vn 7.52647082e-08 -0.996911287 -0.078535907
vn -0.164371669 0.98160243 -0.0971528441
vn -0.173404604 0.982150197 0.072882928
vn -0.164420173 0.981703639 -0.0960418135
vn 0.991311073 0.0229822602 0.129515633
vn 0.70566684 -0.683571517 0.186451748
vn 0.9978894 0.0112241311 0.0639591739
vn 0.707077742 0.696390033 0.122808836
vn 0.382644922 0.90985769 0.160442784
vn 0.382761776 0.909803212 0.160472825
vn -1.36354883e-08 0.180607513 -0.983555257
vn -1.36355016e-08 0.180607691 -0.983555257
vn -1.36353142e-08 0.180605203 -0.983555675
vn 0.308926791 2.33233237e-08 -0.951085865
vn 0.0784491152 5.92274407e-09 -0.996918201
vn 0.308934033 2.33238708e-08 -0.951083481
vn 0.679990172 0.680017889 -0.274206161
vn 0.368020833 0.888467133 -0.274202466
vn 0.679988861 0.680018246 -0.274208575
vn -0.382677674 0.9098441 0.160441771
vn -0.707121372 0.696343482 0.122821629
vn -0.382757246 0.909805655 0.160470039
vn -1.31017064e-08 0.173537359 -0.98482728
vn -1.26625273e-05 0.173619598 -0.984812737
vn -1.31162192e-08 0.173729584 -0.984793484
vn -0.996920705 -7.52654188e-08 -0.0784166902
vn -0.996920824 -7.5265433e-08 -0.0784149915
vn -0.996920705 -7.52654188e-08 0.0784166902
vn -6.0914779e-08 0.806840718 0.590769172
vn -6.09147932e-08 0.806840837 0.590768754
vn -6.09147932e-08 0.806840837 0.590768754
vn -0.707121253 -0.696343601 -0.122821651
vn -0.382681817 -0.90984273 -0.160439566
vn -0.707096219 -0.696368337 -0.122825585
vn -2.71787917e-06 -0.130451456 -0.991454661
vn -0 0 -1
vn 0.12838383 9.69270975e-09 -0.991724551
vn 0.17802 -0.964190364 -0.196585581
vn 0.177962065 -0.970360518 0.163492829
vn 0.184098631 -0.970191717 0.1575941
vn -0.000126279148 0.173663035 -0.984805167
vn -1.96213914e-05 0.173647851 -0.984807789
vn -7.98086767e-05 0.173656911 -0.98480624
vn 1 7.54979013e-08 -0
vn 1 7.54979013e-08 1.43950463e-09
vn 1 7.54979013e-08 -0
vn 2.47694697e-05 0.173594609 -0.984817207
vn -1.26625273e-05 0.173619598 -0.984812737
vn -1.31017064e-08 0.173537359 -0.98482728
vn -0 0 -1
vn -1.01472087e-13 1.34403854e-06 -1
vn -3.04408571e-13 4.03201375e-06 -1
vn 0.748917162 -0.574727535 -0.329865783
vn 0.911852121 -0.244322762 -0.329897344
vn 0.911830366 -0.244367436 -0.329924434
vn -0.555547237 -0.831484914 -0
vn -0.382660866 -0.923888862 -6.48267996e-06
vn -0.38269034 -0.923876762 -0
vn 0.0784491152 5.92274407e-09 -0.996918201
vn -0.0784172416 -5.92033755e-09 -0.996920705
vn -0.0784149915 -5.92016747e-09 -0.996920824
vn 0.476616621 -0.2783764 -0.833872378
vn 0.466818094 -0.139647499 -0.873257995
vn 0.470379263 0.000146466962 -0.882464349
vn -0.38269195 -0.909838736 -0.160438105
vn -0.70711565 -0.696354389 -0.122792527
vn -0.707118571 -0.696351469 -0.122792423
vn -0.980777264 -0.195130497 -0
vn -0.923865378 -0.382717609 -0
vn -0.980777383 -0.195130423 -0
vn -1.01472087e-13 1.34403854e-06 -1
vn -0 0 -1
vn -0 0 -1
vn -1.41984853e-13 1.88064632e-06 -1
vn -2.41405908e-13 3.19751803e-06 -1
vn 7.48424014e-14 -9.9131762e-07 -1
vn -3.04408571e-13 4.03201375e-06 -1
vn -2.8992176e-13 3.84012992e-06 -1
vn -0 0 -1
vn -0.382644296 0.909857869 0.160443217
vn -0.707076848 0.696391046 0.122807972
vn -0.382759392 0.909804344 0.16047211
vn -2.64185815e-07 -0.984802544 -0.173677951
vn 0.3826482 -0.90985626 -0.160443142
vn -1.78265543e-06 -0.984816253 -0.173599899
vn 3.41947282e-13 -4.52922905e-06 -1
vn -2.41405908e-13 3.19751803e-06 -1
vn -1.41984853e-13 1.88064632e-06 -1
vn 0.382759184 0.923848152 -0
vn -8.03343028e-08 1 -0
vn -7.54979013e-08 1 -0
vn -0.184097648 -0.970191717 0.157594427
vn 7.14128063e-08 -0.945891321 0.324483842
vn 7.14127992e-08 -0.945891142 0.32448402
vn 0.37887457 -0.876505017 -0.296973288
vn 0.700109065 -0.665130794 -0.259708285
vn 0.700120211 -0.665118933 -0.259708494
vn -7.5488785e-08 0.999879241 0.0155384755
vn -7.5488785e-08 0.999879241 0.0155384773
vn -7.54887921e-08 0.999879301 0.0155384829
vn 1.33002563e-13 -1.76167237e-06 -1
vn 3.41947282e-13 -4.52922905e-06 -1
vn 1.86247589e-12 -2.46692398e-05 -1
vn -5.37216602e-06 0.999854386 0.0170652624
vn -3.3643903e-07 0.999854267 0.0170759223
vn -7.5486895e-08 0.999854207 0.0170759298
vn -1.41984853e-13 1.88064632e-06 -1
vn 7.48424014e-14 -9.9131762e-07 -1
vn -3.72495177e-12 4.93384796e-05 -1
vn -1 -7.54979013e-08 2.24676228e-06
vn -1 -7.54979013e-08 1.47617115e-07
vn -1 -7.54979013e-08 4.40431336e-07
vn -0.707117438 -0.696347356 -0.122822396
vn -0.382650942 -0.909855366 -0.160441935
vn -0.707114637 -0.696350038 -0.122823283
vn -0 0 -1
vn -1.01472087e-13 1.34403854e-06 -1
vn -0 0 -1
vn -0.888478339 -0.368015707 -0.274173051
vn -0.961672068 -4.17582157e-07 -0.274202168
vn -0.961682618 -2.59028283e-08 -0.274165243
vn -0.707109094 0.696358919 0.122804798
vn -0.707109094 0.696358919 0.122804798
vn -0.707109094 0.696358919 0.122804798
vn 7.48424014e-14 -9.9131762e-07 -1
vn 7.48442107e-14 -9.91341608e-07 -1
vn 7.15093945e-13 -9.47170611e-06 -1
vn -0 0 -1
vn 7.48442107e-14 -9.91341608e-07 -1
vn -2.41405908e-13 3.19751803e-06 -1
vn 8.88871455e-06 0.17364496 -0.984808326
vn -1.26625273e-05 0.173619598 -0.984812737
vn 2.47694697e-05 0.173594609 -0.984817207
vn 0.382690609 -0.90983665 -0.160452709
vn 3.45369226e-05 -0.984808624 -0.173643276
vn 2.91253054e-05 -0.984808683 -0.173643366
vn -1.21357254e-12 1.60742547e-05 -1
vn 3.41947282e-13 -4.52922905e-06 -1
vn 1.33002563e-13 -1.76167237e-06 -1
vn -7.98086767e-05 0.173656911 -0.98480624
vn -1.96213914e-05 0.173647851 -0.984807789
vn 0.000110972825 0.173660338 -0.984805584
vn 0.923860788 0.382728636 -0
vn 0.707106352 0.707107246 -0
vn 0.707107067 0.707106471 -0
vn 0.700107992 0.713844597 -0.0165756084
vn 0.378900856 0.925205827 0.020695217
vn 0.378893644 0.925208628 0.0207014792
vn -0.700109541 -0.665130436 -0.259707928
vn -0.37887466 -0.876504779 -0.296973825
vn -0.700121999 -0.665116847 -0.259708941
vn -4.27258274e-05 0.173591465 -0.984817743
vn -1.96213914e-05 0.173647851 -0.984807789
vn 9.70369274e-06 0.17375122 -0.98478955
vn 4.18715615e-07 0.999429166 0.033784654
vn -0.378892899 0.925208986 0.0207014289
vn 6.22987599e-08 0.999428749 0.0337963514
vn -0.185045347 -0.911678553 0.366879463
vn -0.171897665 -0.970469058 0.169237018
vn -0.194893658 -0.916729867 0.348744661
vn 0.130549923 0.991441727 -0
vn -0.130549893 0.991441727 -0
vn 0.130550265 0.991441667 -0
vn 0.382680863 0.909848154 0.160411179
vn 0.707110345 0.696363986 0.12276911
vn 0.707115889 0.69635886 0.122766033
vn -0.700121522 -0.665124357 -0.259691268
vn -0.914764583 -0.348754972 -0.203901157
vn -0.700128019 -0.665128291 -0.259663582
vn -0.70010972 0.713843226 -0.0165601876
vn -0.914767385 0.39745149 -0.0723392963
vn -0.914744854 0.397500753 -0.0723537952
vn -0.130550995 -0.991441607 -0
vn -0.130549446 -0.991441846 -0
vn 0.130550742 -0.991441607 -0
vn -0.914744854 0.397500753 -0.0723537952
vn -0.990114391 0.0243422519 -0.138133824
vn -0.990113556 0.0243535414 -0.138138413
vn 0.707110345 0.696363986 0.12276911
vn 0.923881412 0.376867205 0.0664399192
vn 0.707115889 0.69635886 0.122766033
vn -0.70711565 -0.696354389 -0.122792527
vn -0.923904181 -0.376810461 -0.0664454848
vn -0.707118571 -0.696351469 -0.122792423
vn 2.59839653e-05 0.173672095 -0.984803557
vn 2.42159622e-05 0.17363742 -0.984809637
vn 3.31512019e-05 0.17364721 -0.984807909
vn 0.378904402 -0.876498282 -0.296955049
vn 0.700106561 -0.665145516 -0.259677202
vn 0.378902107 -0.876493692 -0.296971172
vn 7.48424014e-14 -9.9131762e-07 -1
vn 7.15093945e-13 -9.47170611e-06 -1
vn 3.72495741e-12 -4.9338556e-05 -1
vn -1.16397516e-07 1 -0
vn -7.54979013e-08 1 -0
vn -7.54979013e-08 1 -0
vn 0.283950418 0.943906665 -0.168560222
vn -0.0823162869 0.983423233 -0.161563769
vn 0.283855438 0.943954408 -0.168452784
vn 0.997876585 -0.0651329383 2.76590276e-06
vn 1 7.54979013e-08 -0
vn 1 7.54979013e-08 -0
vn 0.308930159 2.33235777e-08 0.951084733
vn 0.587785602 4.43765806e-08 0.809016705
vn 0.587776899 4.43759234e-08 0.809023082
vn -6.53262468e-05 0.173701122 -0.984798491
vn 4.05575556e-05 0.17367816 -0.984802485
vn -3.98422671e-05 0.173665375 -0.98480469
vn -0.947997808 -0.0283734649 -0.317009747
vn -0.947998762 -0.0283699241 -0.317007214
vn -0.947999835 -0.0283657331 -0.317004204
vn 1 7.54979013e-08 -1.70087624e-08
vn 1 7.54979013e-08 -0
vn 1 7.54979013e-08 -0
vn -0 0 -1
vn 7.48442107e-14 -9.91341608e-07 -1
vn -0 0 -1
vn 0.382713646 -0.909831047 -0.160429433
vn -7.07431553e-08 -0.984806657 -0.173654228
vn -1.77143335e-07 -0.98480773 -0.173648566
vn -0.378900737 0.925205886 0.0206951983
vn -0.700108707 0.713843822 -0.0165756959
vn -0.378892899 0.925208986 0.0207014289
vn -0.680012465 0.679996729 -0.27420336
vn -0.888475835 0.367995858 -0.274207264
vn -0.679995298 0.680018187 -0.27419275
vn -0.000110794732 0.173683509 -0.984801531
vn -2.16197514e-05 0.173688903 -0.984800577
vn -3.55064767e-05 0.173641741 -0.984808922
vn 0.996919632 7.52653406e-08 0.0784299374
vn 0.996919453 7.52653264e-08 0.0784324482
vn 0.996919513 7.52653335e-08 -0.0784319118
vn 0.64531821 0.132668093 -0.752305508
vn 0.645318389 0.132673621 -0.752304494
vn 0.596152306 0.375825733 -0.709476948
vn 4.56753733e-05 0.173613399 -0.984813929
vn -2.28566205e-05 0.173648328 -0.98480773
vn -4.5697594e-05 0.173636258 -0.984809875
vn 0.000227921628 0.173779517 -0.984784544
vn 7.56552181e-05 0.173665076 -0.984804809
vn 5.55300812e-06 0.173706278 -0.984797597
vn 2.68854728e-05 0.173669726 -0.984803975
vn -2.16197514e-05 0.173688903 -0.984800577
vn 4.15733412e-05 0.173673809 -0.984803319
vn -1.84552191e-05 0.173644334 -0.984808505
vn 5.85424677e-05 0.173755869 -0.984788835
vn -4.4068729e-05 0.173637882 -0.984809577
vn 5.85424677e-05 0.173755869 -0.984788835
vn -1.84552191e-05 0.173644334 -0.984808505
vn -2.16091212e-05 0.17363362 -0.984810352
vn 1.50713981e-06 0.173638284 -0.984809518
vn -2.16197514e-05 0.173688903 -0.984800577
vn 2.68854728e-05 0.173669726 -0.984803975
vn -2.16197514e-05 0.173688903 -0.984800577
vn -0.000110794732 0.173683509 -0.984801531
vn -0.000255364954 0.173841566 -0.984773636
vn 5.52501406e-05 0.173626199 -0.984811604
vn 1.50713981e-06 0.173638284 -0.984809518
vn 9.06731111e-06 0.173664734 -0.984804809
vn 5.74889247e-10 -0.00761463866 0.999971032
vn 5.74872372e-10 -0.0076144156 0.999971032
vn 5.74866821e-10 -0.00761434203 0.999971032
vn -0.700121522 -0.665124357 -0.259691268
vn -0.378875315 -0.876510501 -0.296956301
vn -0.378875256 -0.876504898 -0.296972841
vn -2.16091212e-05 0.17363362 -0.984810352
vn -1.84552191e-05 0.173644334 -0.984808505
vn 1.50713981e-06 0.173638284 -0.984809518
vn -0.368713111 -0.309624314 0.876460791
vn -0.368730068 -0.309612185 0.876457989
vn -0.399018824 -0.159245223 0.903008878
vn -0.996917009 -7.52651417e-08 -0.0784637481
vn -0.996916771 -7.52651275e-08 0.0784668997
vn -0.996917009 -7.52651417e-08 0.0784637481
vn 4.15733412e-05 0.173673809 -0.984803319
vn -2.16197514e-05 0.173688903 -0.984800577
vn -1.31002711e-08 0.173518345 -0.984830618
vn -0.355273664 -0.857816994 -0.371390373
vn 7.00984302e-08 -0.928481817 -0.371377856
vn 7.00980181e-08 -0.928476393 -0.371391356
vn -0.990114391 0.0243422519 -0.138133824
vn -0.914749146 -0.34878099 -0.203925714
vn -0.990113556 0.0243535414 -0.138138413
vn -3.28769352e-06 0.17363964 -0.984809279
vn 7.63136486e-05 0.173615575 -0.984813511
vn -0.000139371958 0.173799291 -0.984781086
vn -0.0980383307 0.995182633 -0
vn 0.0980385467 0.995182633 -0
vn 0.0980338305 0.99518311 -0
vn -5.10108021e-06 -0.173657715 0.98480612
vn -5.33271414e-05 -0.173657507 0.98480612
vn 9.55791256e-06 -0.173699826 0.984798729
vn -0.707142651 -0.707070887 -0
vn -0.555671453 -0.831402063 -0
vn -0.55567348 -0.831400633 -0
vn 1 -1.35822702e-05 1.73140268e-06
vn 0.92385745 -0.376920879 -0.0664690658
vn 1 1.29691743e-05 -1.86561726e-06
vn 1.78278133e-05 -0.173528492 0.98482883
vn 4.04228667e-05 -0.173623085 0.9848122
vn -2.77407453e-05 -0.173719242 0.984795213
vn -0.522748351 -0.693455875 0.495835871
vn -0.534392595 -0.805248439 0.256903827
vn -0.538411558 -0.802433491 0.257319808
vn -0.481661946 -0.400917262 -0.77927345
vn -0.478609741 -0.276027381 -0.83351171
vn -0.477774203 -0.27378127 -0.834730864
vn -0.587773263 -4.43756463e-08 -0.809025824
vn -0.308955282 -2.33254749e-08 -0.951076567
vn -0.308955461 -2.33254891e-08 -0.951076508
vn 9.70369274e-06 0.17375122 -0.98478955
vn -1.96213914e-05 0.173647851 -0.984807789
vn 1.82774402e-05 0.173690706 -0.984800339
vn 0.961682379 9.59942668e-07 -0.274166048
vn 0.888487697 -0.367988706 -0.274178952
vn 0.888482928 -0.368005276 -0.274171799
vn -2.13729891e-07 -1 -0
vn -1.19046558e-06 -1 -0
vn -2.50640255e-06 -1 -0
vn -0.000186441612 -0.173467442 0.984839618
vn -5.33271414e-05 -0.173657507 0.98480612
vn 4.51121705e-05 -0.173770726 0.984786212
vn -0.378882796 0.925212979 0.0207093563
vn -0.70010972 0.713843226 -0.0165601876
vn -0.378892899 0.925208986 0.0207012407
vn 8.20939895e-05 -0.173568249 0.984821856
vn 4.04228667e-05 -0.173623085 0.9848122
vn -2.23575771e-05 -0.173645675 0.984808266
vn -1.32787009e-05 0.17356129 -0.984823048
vn 4.05575556e-05 0.17367816 -0.984802485
vn -0.000151227709 0.173758909 -0.984788239
vn -0.173445985 -0.982138932 -0.0729354173
vn -0.164409325 -0.981596291 0.0971509293
vn -0.164415881 -0.98159343 -0.0971686542
vn -2.23575771e-05 -0.173645675 0.984808266
vn 4.04228667e-05 -0.173623085 0.9848122
vn -5.33271414e-05 -0.173657507 0.98480612
vn 6.66522013e-13 -8.82835138e-06 -1
vn 1.70242021e-13 -2.25492386e-06 -1
vn -0 0 -1
vn -0.17789112 0.964241862 0.196449444
vn -3.75953846e-09 0.93432492 0.356422424
vn 1.6774753e-07 0.934204757 0.356737345
vn 7.54979013e-08 -1 -0
vn 7.54979013e-08 -1 -0
vn 7.54979013e-08 -1 -0
vn 9.55791256e-06 -0.173699826 0.984798729
vn 4.04228667e-05 -0.173623085 0.9848122
vn 2.40325662e-05 -0.173597842 0.984816611
vn -0.368360341 -0.828752637 -0.421283394
vn -0.368367791 -0.82874614 -0.421289921
vn -6.73444038e-06 -0.900910795 -0.434004396
vn 0.0823420659 -0.868836284 -0.488204241
vn 0.435888022 -0.767362893 -0.470272303
vn 0.0823211595 -0.868839025 -0.4882029
vn -0 0 -1
vn 1.70242021e-13 -2.25492386e-06 -1
vn 4.77910083e-14 -6.33011098e-07 -1
vn 3.78017357e-05 -0.173684955 0.984801292
vn -5.33271414e-05 -0.173657507 0.98480612
vn 5.69508447e-05 -0.173752964 0.984789252
vn -9.10484727e-14 1.2059736e-06 -1
vn 3.71041766e-13 -4.91459696e-06 -1
vn 3.2494813e-14 -4.30406857e-07 -1
vn -7.32381022e-06 0.17356655 -0.984822154
vn 4.05575556e-05 0.17367816 -0.984802485
vn -1.32787009e-05 0.17356129 -0.984823048
vn 3.1358828e-05 -0.1738327 0.984775186
vn 9.55791256e-06 -0.173699826 0.984798729
vn 0.000141848257 -0.173994765 0.984746575
vn 2.67285523e-05 -0.173622847 0.98481226
vn -5.33271414e-05 -0.173657507 0.98480612
vn -5.10108021e-06 -0.173657715 0.98480612
vn 2.40325662e-05 -0.173597842 0.984816611
vn 4.04228667e-05 -0.173623085 0.9848122
vn 1.78278133e-05 -0.173528492 0.98482883
vn -0 0 1
vn 1.38188301e-15 -1.83035951e-08 1
vn -0 0 1
vn 0.435888022 -0.767362893 -0.470272303
vn 0.723069131 -0.540382326 -0.430299819
vn 0.723107755 -0.540382326 -0.430234939
vn -5.10108021e-06 -0.173657715 0.98480612
vn 9.55791256e-06 -0.173699826 0.984798729
vn 3.1358828e-05 -0.1738327 0.984775186
vn 5.69508447e-05 -0.173752964 0.984789252
vn -5.33271414e-05 -0.173657507 0.98480612
vn 2.67285523e-05 -0.173622847 0.98481226
vn 3.2494813e-14 -4.30406857e-07 -1
vn 3.71041766e-13 -4.91459696e-06 -1
vn 5.52440411e-14 -7.31729472e-07 -1
vn 1.28812316e-09 -0.0170617085 0.999854445
vn 1.28797584e-09 -0.0170597564 0.999854505
vn 1.28797351e-09 -0.0170597266 0.999854445
vn 4.05575556e-05 0.17367816 -0.984802485
vn -6.53262468e-05 0.173701122 -0.984798491
vn 6.52845847e-05 0.173711687 -0.984796584
vn 6.52845847e-05 0.173711687 -0.984796584
vn -6.53262468e-05 0.173701122 -0.984798491
vn -8.96644178e-06 0.173731476 -0.984793067
vn 1.62794713e-05 0.173614442 -0.98481369
vn 4.64333789e-05 0.173634499 -0.984810174
vn -8.42332374e-05 0.173573583 -0.984820902
vn 5.90598967e-13 -7.82272036e-06 -1
vn -2.31659039e-13 3.06841707e-06 -1
vn -2.43893295e-14 3.23046464e-07 -1
vn 3.17604026e-05 0.173584253 -0.984819055
vn 4.05575556e-05 0.17367816 -0.984802485
vn -7.32381022e-06 0.17356655 -0.984822154
vn -5.33851754e-08 0.70710808 0.707105458
vn -5.33849231e-08 0.707104743 0.707108855
vn -5.33849764e-08 0.707105458 0.70710814
vn -2.43893295e-14 3.23046464e-07 -1
vn -7.75507588e-14 1.02719093e-06 -1
vn 4.77910083e-14 -6.33011098e-07 -1
vn 1.69427918e-14 -2.24414066e-07 -1
vn 3.18276459e-14 -4.21569951e-07 -1
vn 4.79641639e-15 -6.35304573e-08 -1
vn 3.71041766e-13 -4.91459696e-06 -1
vn -9.10484727e-14 1.2059736e-06 -1
vn 1.06440354e-14 -1.40984525e-07 -1
vn 0.502719879 -0.614109099 -0.60839355
vn 0.516647398 -0.698332429 -0.495386124
vn 0.522759259 -0.693440437 -0.495845884
vn -0.951054573 -7.18026243e-08 -0.309023082
vn -0.996916771 -7.52651275e-08 -0.0784668997
vn -0.951053858 -7.18025674e-08 -0.309025466
vn -0.000166548154 0.173617125 -0.984813154
vn -5.45930197e-05 0.173612401 -0.984814048
vn -0.000165849997 0.173611432 -0.984814227
vn 1.06440354e-14 -1.40984525e-07 -1
vn 4.64334409e-13 -6.15029558e-06 -1
vn 1.18013333e-13 -1.56313388e-06 -1
vn -8.81008759e-07 0.173658967 -0.984805942
vn -8.67978906e-06 0.173571005 -0.984821439
vn 0.000173543856 0.17374748 -0.984790206
vn -1.14686861e-06 -0.931614935 -0.363447011
vn 0.375219256 -0.858134329 -0.350451112
vn -1.11843985e-06 -0.931639373 -0.363384068
vn 0.382700562 0.92387253 -0
vn -0.00013643589 1 -0
vn 0.382701278 0.923872232 -0
vn -0.707121909 -0.696347952 -0.122793421
vn -0.923870027 -0.37689352 -0.066449061
vn -0.923857391 -0.37692076 -0.0664689764
vn -0.283905953 -0.82935518 -0.481214464
vn 0.0823211595 -0.868839025 -0.4882029
vn -0.283969998 -0.829348207 -0.481188715
vn -0.58778137 -4.43762609e-08 -0.809019864
vn -0.808992028 -6.1077202e-08 -0.587819636
vn -0.808991551 -6.10771664e-08 -0.587820292
vn -8.42332374e-05 0.173573583 -0.984820902
vn 4.64333789e-05 0.173634499 -0.984810174
vn -1.31267903e-08 0.173869595 -0.984768748
vn 0.809023261 6.1079561e-08 0.587776661
vn 0.809024751 6.10796675e-08 0.587774634
vn 0.951044202 7.18018427e-08 0.309054971
vn 0.914748967 -0.348780721 -0.203927279
vn 0.99011445 0.0243421476 -0.138133749
vn 0.990113437 0.024353765 -0.138138622
vn 1 7.54979013e-08 -1.02432432e-06
vn 1 7.54979013e-08 -1.02432432e-06
vn 1 7.54979013e-08 -1.02432432e-06
vn -7.06476339e-06 0.995018005 -0.0996952727
vn -5.60222907e-06 0.995018065 -0.0996948779
vn 0.368362516 0.922859728 -0.112423755
vn -0 0 -1
vn 4.79641639e-15 -6.35304573e-08 -1
vn -3.17519889e-14 4.20567829e-07 -1
vn -1.31267903e-08 0.173869595 -0.984768748
vn 4.64333789e-05 0.173634499 -0.984810174
vn -1.3100057e-08 0.173515514 -0.984831154
vn 1 1.61335186e-06 -0
vn 0.923874915 -0.382694632 -0
vn 0.923874557 -0.382695407 -0
vn -1 -7.54979013e-08 -0
vn -1 -7.54979013e-08 -0
vn -1 -7.54979013e-08 -0
vn -3.17519889e-14 4.20567829e-07 -1
vn 4.79641639e-15 -6.35304573e-08 -1
vn 3.18276459e-14 -4.21569951e-07 -1
vn 7.4350595e-08 -0.984803498 -0.17367281
vn 7.43506092e-08 -0.984803677 -0.173671693
vn 7.43506021e-08 -0.984803557 -0.173672467
vn -0.368687719 -0.0088065872 0.929511607
vn -0.368688762 -0.00881329644 0.92951113
vn -0.282149732 0.118634112 0.952007115
vn -1.28794431e-09 0.0170593392 -0.999854565
vn -1.28794431e-09 0.0170593392 -0.999854565
vn -1.2879442e-09 0.0170593373 -0.999854505
vn 0.951046646 7.18020274e-08 0.309047341
vn 0.951044202 7.18018427e-08 0.309054971
vn 0.996919453 7.52653264e-08 0.0784324482
vn -0.9510566 -7.18027806e-08 -0.309016854
vn -0.996920824 -7.5265433e-08 -0.0784149915
vn -0.996920705 -7.52654188e-08 -0.0784166902
vn -1 -7.54979013e-08 2.00838429e-07
vn -1 -7.54979013e-08 5.44985923e-09
vn -1 -7.54979013e-08 -0
vn 4.64334409e-13 -6.15029558e-06 -1
vn -2.31659039e-13 3.06841707e-06 -1
vn 5.90598967e-13 -7.82272036e-06 -1
vn 0.000175375404 0.173575208 -0.984820604
vn 1.62794713e-05 0.173614442 -0.98481369
vn -9.40591999e-05 0.173617139 -0.984813213
vn -1.31225226e-08 0.173813075 -0.984778702
vn 3.52036077e-05 0.173644632 -0.984808385
vn -1.31172468e-08 0.173743203 -0.984790981
vn -0.385308921 0.916737556 0.105495773
vn -0.710807264 0.698775232 0.080413416
vn -0.703361392 0.70617193 0.0812648386
vn -8.96644178e-06 0.173731476 -0.984793067
vn -6.53262468e-05 0.173701122 -0.984798491
vn 8.94047116e-06 0.173734054 -0.98479259
vn 1 7.54979013e-08 2.77156111e-08
vn 1 7.54979013e-08 2.26866263e-07
vn 1 7.54979013e-08 1.99150762e-07
vn -0.19526042 -0.0760671645 0.977797151
vn -0.209156707 -0.36416626 0.907544196
vn -0.20829761 -0.165434122 0.963972867
vn 0.86229974 -0.491579622 -0.121607944
vn 0.862271726 -0.121646382 -0.491619498
vn 0.983486831 -0.127979875 -0.127964437
vn 0.49153176 -0.121591799 -0.862329483
vn 0.121591672 -0.49153477 -0.862327695
vn 0.127987981 -0.127983555 -0.983483315
vn 1.82774402e-05 0.173690706 -0.984800339
vn 8.95435005e-05 0.173641741 -0.984808862
vn 0.00020445729 0.173484966 -0.984836519
vn 1 7.54979013e-08 -0
vn 1 7.54979013e-08 -0
vn 1 7.54979013e-08 -0
vn 0.707107067 0.707106471 -0
vn 0.382666856 0.923886478 -0
vn 0.382666945 0.923886359 -0
vn -5.45930197e-05 0.173612401 -0.984814048
vn 3.52036077e-05 0.173644632 -0.984808385
vn -7.24372876e-05 0.173522279 -0.984829962
vn -7.24372876e-05 0.173522279 -0.984829962
vn 3.52036077e-05 0.173644632 -0.984808385
vn -1.31225226e-08 0.173813075 -0.984778702
vn 0.688849926 -0.165268838 -0.70581305
vn 0.527237833 -0.403524488 -0.747788966
vn 0.688835382 -0.165255293 -0.705830336
vn 4.64333789e-05 0.173634499 -0.984810174
vn -5.45930197e-05 0.173612401 -0.984814048
vn 0.000227186276 0.173564062 -0.984822571
vn -0.382680774 0.923880696 9.42565657e-06
vn -0.195188314 0.98076576 7.19597165e-06
vn -5.90788977e-06 1 1.74143115e-05
vn -6.53262468e-05 0.173701122 -0.984798491
vn -3.98422671e-05 0.173665375 -0.98480469
vn 1.0801411e-05 0.17360203 -0.984815896
vn -7.43509148e-08 0.98480767 0.173648641
vn -7.43509148e-08 0.98480773 0.173648253
vn -7.43509077e-08 0.984807611 0.1736494
vn -5.90788977e-06 1 1.74143115e-05
vn -0.195188314 0.98076576 7.19597165e-06
vn -0.00013643589 1 -0
vn 0.382700562 0.92387253 -0
vn 0.707106531 0.707107067 -0
vn 0.707105339 0.7071082 -0
vn 0.000227186276 0.173564062 -0.984822571
vn -5.45930197e-05 0.173612401 -0.984814048
vn -0.000166548154 0.173617125 -0.984813154
vn 7.91253592e-14 -1.04804712e-06 -1
vn -1.19537735e-13 1.58332534e-06 -1
vn 3.25763552e-14 -4.31486882e-07 -1
vn -1.28990529e-15 1.70853127e-08 -1
vn -1.19537735e-13 1.58332534e-06 -1
vn 4.03393925e-13 -5.34311448e-06 -1
vn -1.31101032e-08 0.173648581 -0.98480767
vn 7.68335497e-07 0.173648432 -0.98480773
vn 1.17762465e-06 0.173646897 -0.984807968
vn 1.17762465e-06 0.173646897 -0.984807968
vn 1.58200726e-06 0.173646942 -0.984808028
vn -1.31096094e-08 0.173642024 -0.984808862
vn -0.541643202 -0.840608537 -9.09324793e-09
vn -0.538411558 -0.802433431 -0.257319987
vn -0.543854952 -0.839179277 1.01181961e-08
vn 0.707113028 0.696357965 0.122787282
vn 0.707113028 0.696357965 0.122787282
vn 0.707113028 0.696357965 0.122787282
vn -1 -7.54979013e-08 -4.01478445e-07
vn -1 -7.54979013e-08 -1.05876711e-06
vn -1 -7.54979013e-08 -0
vn -0.0784172565 -5.92033844e-09 0.996920705
vn -0.0784161165 -5.92025229e-09 0.996920705
vn 0.0784472078 5.92259974e-09 0.996918321
vn -0.382678092 0.923881829 -0
vn -0.195188314 0.98076576 7.19597165e-06
vn -0.382680774 0.923880696 9.42565657e-06
vn -0.382672161 0.909849107 0.160426304
vn -6.78733568e-06 0.984807014 0.173652843
vn -0.382689893 0.909840286 0.160434186
vn -1.28990529e-15 1.70853127e-08 -1
vn 4.03393925e-13 -5.34311448e-06 -1
vn -0 0 -1
vn 4.03393925e-13 -5.34311448e-06 -1
vn -1.19537735e-13 1.58332534e-06 -1
vn -2.3772902e-12 3.14881618e-05 -1
vn -0.0788792372 -5.95521721e-09 0.996884227
vn -0.308948159 -2.33249384e-08 0.951078892
vn -0.30894807 -2.33249313e-08 0.951078892
vn 1 7.54979013e-08 -6.42365478e-07
vn 1 7.54979013e-08 -1.36593883e-07
vn 1 7.54979013e-08 -1.37107861e-06
vn 7.91253592e-14 -1.04804712e-06 -1
vn 3.25763552e-14 -4.31486882e-07 -1
vn -2.38468831e-13 3.1586153e-06 -1
vn 3.25763552e-14 -4.31486882e-07 -1
vn 6.90166891e-13 -9.1415377e-06 -1
vn -1.18831648e-12 1.5739728e-05 -1
vn -1.19537735e-13 1.58332534e-06 -1
vn -8.4876225e-14 1.12421969e-06 -1
vn -1.1883258e-12 1.57398517e-05 -1
vn 4.05575556e-05 0.17367816 -0.984802485
vn 6.52845847e-05 0.173711687 -0.984796584
vn -1.2970947e-05 0.173601836 -0.984815896
vn -1 -7.54979013e-08 6.72396197e-07
vn -1 -7.54979013e-08 -0
vn -1 -7.54979013e-08 -5.89666683e-07
vn 0.70709759 0.696372807 0.12279211
vn 0.923873782 0.376883417 0.0664548203
vn 0.707103312 0.696367621 0.122788675
vn 1.66507689e-05 -0.971461952 0.237195805
vn 0.703087091 -0.710905135 0.0168084148
vn 0.70566684 -0.683571517 0.186451748
vn -1.38059583e-12 1.8286546e-05 -1
vn 3.25763552e-14 -4.31486882e-07 -1
vn 2.37729693e-12 -3.14882527e-05 -1
vn 7.43509077e-08 -0.98480767 -0.173648968
vn 7.43509077e-08 -0.98480767 -0.173648953
vn 7.43509005e-08 -0.984807551 -0.173649266
vn -8.4876225e-14 1.12421969e-06 -1
vn -1.19537735e-13 1.58332534e-06 -1
vn -0 0 -1
vn -2.38468831e-13 3.1586153e-06 -1
vn 3.25763552e-14 -4.31486882e-07 -1
vn -1.38059583e-12 1.8286546e-05 -1
vn -0.923866153 0.376903683 0.0664464384
vn -0.923866332 0.376902968 0.0664469153
vn -0.707101703 0.69637239 0.122770637
vn -1.32043885e-13 1.74897423e-06 -1
vn -1.34441167e-12 1.78072714e-05 -1
vn -2.56780643e-12 3.40116276e-05 -1
vn -0.707106829 -0.707106769 -0
vn -0.752337873 -0.658777416 -0
vn -0.923884451 -0.382671654 -0
vn 0.491579771 -0.862299919 -0.121607415
vn 0.86229974 -0.491579622 -0.121607944
vn 0.866008401 -0.500029504 -2.78061265e-07
vn -0.923880637 0.376866579 0.0664551482
vn -1 2.73938349e-06 7.641774e-07
vn -0.923854411 0.37693277 0.0664446428
vn -0.994259715 -0.0185647737 -0.105370387
vn -0.64173311 -0.704742789 -0.302516609
vn -0.70292002 -0.711064875 0.0170377586
vn -0.991441905 -0.130549327 -1.53763775e-08
vn -1 -7.54979013e-08 -1.04896927e-07
vn -0.991441548 -0.130551502 -1.261545e-08
vn -0 0 -1
vn -3.6665339e-14 4.85647149e-07 -1
vn -0 0 -1
vn -6.58026511e-06 -0.984807968 -0.173647165
vn -6.78312654e-06 -0.984810114 -0.173635066
vn -0.382671684 -0.909849107 -0.160427421
vn -0 0 -1
vn -3.6665339e-14 4.85647149e-07 -1
vn -1.32043885e-13 1.74897423e-06 -1
vn -0.996916771 -7.52651275e-08 0.0784668997
vn -0.951054752 -7.18026385e-08 0.309022635
vn -0.996917009 -7.52651417e-08 0.0784637481
vn -0.923884451 -0.382671654 -0
vn -0.752337873 -0.658777416 -0
vn -0.923889637 -0.382659048 -0
vn 0.121647581 -0.86227113 -0.491620004
vn 0.491579771 -0.862299919 -0.121607415
vn 0.127984568 -0.983486772 -0.127959967
vn 0.705619872 0.706164479 -0.0585861802
vn -2.05211782e-05 0.960558474 -0.278078139
vn -3.15412905e-07 0.994021714 -0.109182946
vn -0 0 -1
vn -1.19537735e-13 1.58332534e-06 -1
vn 7.91253592e-14 -1.04804712e-06 -1
vn -0 0 1
vn -0 0 1
vn -0 0 1
vn -9.40828036e-13 1.24616454e-05 -1
vn 2.75857868e-13 -3.65384813e-06 -1
vn 4.10072367e-12 -5.43157294e-05 -1
vn -0.70292002 -0.711064875 0.0170377586
vn -5.4189728e-05 -0.966568589 -0.256408095
vn -2.35720063e-06 -0.997707129 0.0676804557
vn -2.72862164e-13 3.61416892e-06 -1
vn 2.75857868e-13 -3.65384813e-06 -1
vn -9.40828036e-13 1.24616454e-05 -1
vn 2.42159622e-05 0.17363742 -0.984809637
vn 3.52071729e-05 0.173650503 -0.984807312
vn 5.20649373e-05 0.173665553 -0.98480463
vn 2.75857868e-13 -3.65384813e-06 -1
vn 1.44815217e-13 -1.91813569e-06 -1
vn 5.53167429e-13 -7.32692479e-06 -1
vn 1 7.54979013e-08 -1.92258511e-08
vn 1 7.54979013e-08 -2.93955633e-08
vn 1 7.54979013e-08 -0
vn -1 -7.54979013e-08 5.16505963e-07
vn -0.998873532 0.0471403897 0.00542469881
vn -1 -7.54979013e-08 1.18516851e-07
vn -0.991441548 -0.130551502 -1.261545e-08
vn -1 -7.54979013e-08 -1.04896927e-07
vn -1 -7.54979013e-08 -2.3311307e-07
vn -0.0984330773 0.988619328 0.11376702
vn -0.380047172 0.918902636 0.105744734
vn -0.0977006182 0.988690913 0.113775671
vn 0.703087091 -0.710905135 0.0168084148
vn -5.4189728e-05 -0.966568589 -0.256408095
vn 0.641819894 -0.704590619 -0.302686781
vn -1 -7.54979013e-08 3.28396823e-07
vn -1 -7.54979013e-08 -0
vn -1 -7.54979013e-08 4.30951843e-07
vn -0.705616534 0.706167817 -0.0585864261
vn -2.05211782e-05 0.960558474 -0.278078139
vn -0.703179955 0.673611641 -0.227563798
vn 9.33944102e-06 0.173667595 -0.984804332
vn 4.16281409e-08 0.173679829 -0.984802246
vn 8.66562928e-08 0.173697472 -0.984799147
vn -6.09147932e-08 0.806840897 0.590768754
vn -6.09147861e-08 0.806840777 0.590768933
vn -6.09147861e-08 0.806840777 0.590768993
vn -0.9978894 0.011222383 0.0639600083
vn -0.703179955 0.673611641 -0.227563798
vn -0.994259715 -0.0185647737 -0.105370387
vn 0.382685661 0.909841597 0.160437331
vn -2.72634821e-07 0.984805107 0.17366311
vn 0.38275975 0.909807146 0.160455987
vn 0.183960542 0.970239639 -0.157460287
vn 0.184007481 0.964275002 0.190565228
vn 0.177891761 0.964241862 0.196448788
vn -0 0 -1
vn 1.44815217e-13 -1.91813569e-06 -1
vn -0 0 -1
vn -1 -7.54979013e-08 -4.80882845e-09
vn -1 -7.54979013e-08 -0
vn -1 -7.54979013e-08 7.1415279e-08
vn 0.923881114 -0.376863629 -0.0664643347
vn 1 -2.33574137e-05 -1.15000221e-05
vn 1 1.6130105e-05 9.56627264e-06
vn -1 -7.54979013e-08 2.27022721e-08
vn -0.998873532 0.0471403897 0.00542469881
vn -1 -7.54979013e-08 5.16505963e-07
vn 1.19196102e-06 0.792608321 0.609731138
vn 0.70554316 0.578682244 0.409066975
vn 3.02963343e-07 0.83167392 0.555264473
vn 1.52419652e-05 0.984807312 0.173651099
vn -0.382731706 0.909824014 0.160426289
vn -0.382720768 0.909828007 0.160430402
vn 2.75064449e-05 0.173607856 -0.984814942
vn -6.4397027e-05 0.173656091 -0.984806359
vn 7.56552181e-05 0.173665076 -0.984804809
vn -1.03806565e-06 0.173653841 -0.984806776
vn -3.03725827e-08 0.173608765 -0.984814703
vn 6.085731e-05 0.173733264 -0.984792769
vn -0 0 -1
vn -0 0 -1
vn -0 0 -1
vn -0.991441548 -0.130551502 -1.261545e-08
vn -0.866013587 -0.500020504 -0
vn -0.991441905 -0.130549327 -1.53763775e-08
vn 0.997876585 -0.0651329383 2.76590276e-06
vn 0.866008401 -0.500029504 -2.78061265e-07
vn 0.86229974 -0.491579622 -0.121607944
vn -0 0 1
vn -0 0 1
vn -0 0 1
vn -1 -7.54979013e-08 -1.60520734e-08
vn -0.998873532 0.0471403897 0.00542469881
vn -1 -7.54979013e-08 2.27022721e-08
vn 0.907378316 -0.0730264783 -0.413922459
vn 0.426314205 0.281371087 -0.859701455
vn 0.641676724 0.558892488 -0.525252461
vn 3.51587869e-06 0.17363438 -0.984810174
vn -6.4397027e-05 0.173656091 -0.984806359
vn -0.000454408117 0.173868492 -0.984768808
vn -0 0 -1
vn 1.44815217e-13 -1.91813569e-06 -1
vn -2.72862164e-13 3.61416892e-06 -1
vn 1.44815217e-13 -1.91813569e-06 -1
vn -0 0 -1
vn -0 0 -1
vn 0.99423641 -0.0187591612 -0.105555691
vn 0.641676724 0.558892488 -0.525252461
vn 0.70316571 0.673677683 -0.227412328
vn -0.173404604 0.982150197 0.072882928
vn -0.185142532 0.91164887 0.36690405
vn -0.188609034 0.968516529 0.162488595
vn 7.56552181e-05 0.173665076 -0.984804809
vn 0.000227921628 0.173779517 -0.984784544
vn 3.15384714e-05 0.17366375 -0.984805048
vn -0.209062144 0.694307685 0.688643515
vn -0.210990712 0.531693816 0.820234537
vn -0.225096941 0.675627828 0.702038825
vn -0.202651381 0.369628578 0.906811535
vn -0.194693848 0.171455294 0.965762675
vn -0.21110636 0.348963618 0.913049102
vn -0.70554167 0.578664482 0.409094661
vn 1.19196102e-06 0.792608321 0.609731138
vn 3.02963343e-07 0.83167392 0.555264473
vn 7.53579954e-08 -0.998146892 -0.0608507656
vn 7.53579954e-08 -0.998146892 -0.0608507581
vn 7.53579954e-08 -0.998146832 -0.0608507618
vn -0.195260659 0.0760841817 -0.97779572
vn -0.209134445 0.364091307 -0.907579362
vn -0.208307728 0.165364504 -0.963982642
vn -0.21512109 0.69713968 -0.683899999
vn -0.202293947 0.826977789 -0.524580777
vn -0.224780634 0.708677828 -0.668767154
vn -0.203806117 -0.912548244 -0.35456869
vn -0.209097058 -0.694308877 -0.688631773
vn -0.218496546 -0.827056944 -0.517915189
vn 4.25082217e-05 0.173896641 -0.98476392
vn 2.75064449e-05 0.173607856 -0.984814942
vn -1.74973302e-05 0.173483536 -0.984836817
vn 8.25211828e-05 0.173679143 -0.984802306
vn -6.4397027e-05 0.173656091 -0.984806359
vn 4.25082217e-05 0.173896641 -0.98476392
vn 2.75064449e-05 0.173607856 -0.984814942
vn 7.56552181e-05 0.173665076 -0.984804809
vn -7.5508462e-05 0.173734531 -0.98479259
vn -7.21012748e-06 0.17343086 -0.984846056
vn -8.81008759e-07 0.173658967 -0.984805942
vn 1.94336772e-05 0.173737437 -0.984791994
vn 0.866642177 -1.39802014e-05 -0.498930156
vn 0.862271726 -0.121646382 -0.491619498
vn 0.49153176 -0.121591799 -0.862329483
vn 1 7.54979013e-08 2.1344627e-07
vn 1 7.54979013e-08 -8.51286686e-08
vn 1 7.54979013e-08 -2.20331184e-08
vn 1 7.54979013e-08 -2.20331184e-08
vn 1 7.54979013e-08 -8.51286686e-08
vn 1 7.54979013e-08 8.48643822e-08
vn -9.41420353e-07 -0.984802604 -0.173677668
vn 0.382759511 -0.909803927 -0.160474211
vn 0.38268289 -0.909842312 -0.160439476
vn 1 7.54979013e-08 -8.51286686e-08
vn 1 7.54979013e-08 2.1344627e-07
vn 1 7.54979013e-08 -7.61551462e-08
vn 2.15468367e-06 0.173589513 -0.984818041
vn -1.14132908e-05 0.173681527 -0.984801948
vn 1.34862548e-05 0.173553348 -0.984824479
vn 5.33849516e-08 -0.7071051 -0.707108498
vn 5.3385051e-08 -0.707106411 -0.707107186
vn 5.33849231e-08 -0.707104743 -0.707108855
vn -6.4397027e-05 0.173656091 -0.984806359
vn 0.00016412577 0.173754007 -0.984789014
vn -9.06265559e-05 0.173662767 -0.984805226
vn 0.00016412577 0.173754007 -0.984789014
vn -6.4397027e-05 0.173656091 -0.984806359
vn 8.25211828e-05 0.173679143 -0.984802306
vn 5.55300812e-06 0.173706278 -0.984797597
vn 7.56552181e-05 0.173665076 -0.984804809
vn 2.62839803e-05 0.173923612 -0.984759152
vn 6.52845847e-05 0.173711687 -0.984796584
vn -8.96644178e-06 0.173731476 -0.984793067
vn -0.000125536797 0.173758626 -0.984788299
vn 5.33849516e-08 -0.7071051 -0.707108498
vn 5.33850795e-08 -0.707106769 -0.707106769
vn 5.3385051e-08 -0.707106411 -0.707107186
vn 1 7.54979013e-08 -0
vn 1 7.54979013e-08 8.48643822e-08
vn 1 7.54979013e-08 -0
vn -0.202293947 0.826977789 -0.524580777
vn -0.21512109 0.69713968 -0.683899999
vn -0.185002983 0.911694586 -0.366860807
vn 3.51587869e-06 0.17363438 -0.984810174
vn 7.56552181e-05 0.173665076 -0.984804809
vn -6.4397027e-05 0.173656091 -0.984806359
vn 1 7.54979013e-08 1.43950463e-09
vn 1 7.54979013e-08 -0
vn 1 7.54979013e-08 -0
vn -4.5697594e-05 0.173636258 -0.984809875
vn -2.28566205e-05 0.173648328 -0.98480773
vn -0.000182742864 0.173634514 -0.984810233
vn -0.0984330773 0.988619328 0.11376702
vn -0.385308921 0.916737556 0.105495773
vn -0.380047172 0.918902636 0.105744734
vn -8.96644178e-06 0.173731476 -0.984793067
vn 8.94047116e-06 0.173734054 -0.98479259
vn -1.31031754e-08 0.17355682 -0.984823883
vn 1 7.54979013e-08 -0
vn 1 7.54979013e-08 8.48643822e-08
vn 1 7.54979013e-08 -0
vn -9.41420353e-07 -0.984802604 -0.173677668
vn 0.38268289 -0.909842312 -0.160439476
vn 2.55000054e-06 -0.984816074 -0.173601106
vn 0.703087091 -0.710905135 0.0168084148
vn 0.907378316 -0.0730264783 -0.413922459
vn 0.99423641 -0.0187591612 -0.105555691
vn -7.54979013e-08 1 -0
vn -7.54979013e-08 1 -0
vn -7.54979013e-08 1 -0
vn 1 7.54979013e-08 -8.51286686e-08
vn 1 7.54979013e-08 -9.43981533e-08
vn 1 7.54979013e-08 -5.67367863e-07
vn -0.907268882 -0.073073335 -0.414154112
vn -0.426479936 -0.55841881 -0.711535931
vn -0.64173311 -0.704742789 -0.302516609
vn -0 0 1
vn -0 0 1
vn -0 0 1
vn 1 7.54979013e-08 -9.43981533e-08
vn 1 7.54979013e-08 -0
vn 1 7.54979013e-08 1.43950463e-09
vn 1 7.54979013e-08 1.43950463e-09
vn 1 7.54979013e-08 -0
vn 1 7.54979013e-08 -0
vn -7.54979013e-08 1 -0
vn -7.54979013e-08 1 -0
vn -7.54979013e-08 1 -0
vn 0.382685661 0.909841597 0.160437331
vn 2.47866797e-06 0.984815478 0.173604414
vn -2.72634821e-07 0.984805107 0.17366311
vn -4.56813686e-05 0.173631668 -0.98481065
vn 4.46298054e-06 0.173683971 -0.984801531
vn 2.15468367e-06 0.173589513 -0.984818041
vn 6.85228006e-05 0.173625454 -0.984811842
vn -2.28566205e-05 0.173648328 -0.98480773
vn 4.56753733e-05 0.173613399 -0.984813929
vn -0 0 -1
vn -0 0 -1
vn -0 0 -1
vn -0.998873532 0.0471403897 0.00542469881
vn -1 -7.54979013e-08 -1.60520734e-08
vn -0.994810641 0.101077192 0.0116317589
vn -1 -7.54979013e-08 -0
vn -1 -7.54979013e-08 -4.80882845e-09
vn -1 -7.54979013e-08 -4.20867764e-06
vn -6.09147932e-08 0.806840897 0.590768754
vn -6.09148003e-08 0.806840956 0.590768754
vn -6.09147861e-08 0.806840777 0.590768933
vn 0.13054499 -0.991442382 5.5140531e-06
vn -5.61426532e-06 -0.991442382 -0.130545005
vn 0.127984568 -0.983486772 -0.127959967
vn 0.183960542 0.970239639 -0.157460287
vn 0.177891761 0.964241862 0.196448788
vn 0.177826673 0.97040838 -0.163356274
vn 0.997876585 -0.0651329383 2.76590276e-06
vn 0.86229974 -0.491579622 -0.121607944
vn 0.983486831 -0.127979875 -0.127964437
vn -0.994259715 -0.0185647737 -0.105370387
vn -0.641636312 0.558795035 -0.525405467
vn -0.907268882 -0.073073335 -0.414154112
vn -0.866040051 -0.492394537 -0.0867306963
vn -0.866040051 -0.492394537 -0.0867306963
vn -0.866040051 -0.492394537 -0.0867306963
vn 0.382635802 0.923899233 -0
vn 0.0980338305 0.99518311 -0
vn 0.0980385467 0.995182633 -0
vn 0.86605227 -0.492367923 -0.0867604017
vn 0.866072059 -0.49232325 -0.0868151113
vn 0.866040647 -0.492393911 -0.0867284834
vn -6.77545517e-14 8.97436223e-07 -1
vn -0 0 -1
vn -0 0 -1
vn 1 7.54979013e-08 -9.43981533e-08
vn 1 7.54979013e-08 -3.39551107e-08
vn 1 7.54979013e-08 -0
vn -0.991311312 0.0229880251 0.129512876
vn -0.705616534 0.706167817 -0.0585864261
vn -0.9978894 0.011222383 0.0639600083
vn -5.33851505e-08 0.707107723 -0.707105815
vn -5.33848521e-08 0.707103789 -0.707109809
vn -5.33852358e-08 0.707108855 -0.707104743
vn -1 -7.54979013e-08 -0
vn -1 -7.54979013e-08 -2.17977359e-07
vn -1 -7.54979013e-08 -1.56086367e-06
vn -1 -7.54979013e-08 5.87457635e-07
vn -1 -7.54979013e-08 -2.53221733e-05
vn -1 -7.54979013e-08 -5.49873257e-05
vn 0.382670194 0.90984863 0.160433769
vn 0.707104266 0.696366191 0.122791037
vn 0.382676125 0.909846246 0.160433695
vn 0.923881114 -0.376863629 -0.0664643347
vn 0.923874736 -0.376877636 -0.0664742291
vn 1 -2.33574137e-05 -1.15000221e-05
vn -1 -7.54979013e-08 5.87457635e-07
vn -1 -7.54979013e-08 -5.49873257e-05
vn -1 -7.54979013e-08 -7.28780037e-07
vn -1 -7.54979013e-08 3.51052165e-07
vn -1 -7.54979013e-08 -2.17977359e-07
vn -1 -7.54979013e-08 -0
vn 0.997888625 -0.0324382484 0.056268964
vn 0.70312804 -0.55528307 -0.444152743
vn 0.994258642 0.0536393858 -0.0925880149
vn 0.705663979 -0.643501818 -0.296553284
vn -1.16181491e-06 -0.924351633 -0.381541818
vn 4.49178827e-07 -0.896655917 -0.442728311
vn -1 -7.54979013e-08 -5.64840718e-07
vn -1 -7.54979013e-08 7.13476129e-06
vn -1 -7.54979013e-08 3.02492964e-07
vn -1 -7.54979013e-08 -0
vn -1 -7.54979013e-08 -2.17977359e-07
vn -1 -7.54979013e-08 -0
vn -1 -7.54979013e-08 5.87457635e-07
vn -1 -7.54979013e-08 -7.28780037e-07
vn -1 -7.54979013e-08 -5.64840718e-07
vn -1 -7.54979013e-08 -1.56086367e-06
vn -1 -7.54979013e-08 -2.17977359e-07
vn -1 -7.54979013e-08 -4.71009656e-07
vn -1 -7.54979013e-08 -1.04896927e-07
vn -1 -7.54979013e-08 -3.15227382e-08
vn -1 -7.54979013e-08 -0
vn 4.49178827e-07 -0.896655917 -0.442728311
vn -0.703112066 -0.555398464 -0.444033831
vn 2.18527366e-05 -0.807593167 -0.589739978
vn -1 -7.54979013e-08 -4.80882845e-09
vn -1 -7.54979013e-08 -2.61342257e-06
vn -1 -7.54979013e-08 -4.20867764e-06
vn -1 -7.54979013e-08 -5.03100239e-07
vn -1 -7.54979013e-08 3.02492964e-07
vn -1 -7.54979013e-08 3.40628048e-06
vn -0.991441548 -0.130551502 -1.261545e-08
vn -0.866013587 -0.500020444 -0
vn -0.866013587 -0.500020504 -0
vn 1.52419652e-05 0.984807312 0.173651099
vn 0.382704943 0.909834981 0.160428241
vn 1.55274483e-05 0.984807253 0.173651531
vn 1 7.54979013e-08 -1.92258511e-08
vn 1 7.54979013e-08 -3.6565929e-08
vn 1 7.54979013e-08 -2.93955633e-08
vn -0 0 1
vn -0 0 1
vn -0 0 1
vn -2.72862164e-13 3.61416892e-06 -1
vn 1.44815217e-13 -1.91813569e-06 -1
vn 2.75857868e-13 -3.65384813e-06 -1
vn -1 -7.54979013e-08 -4.24870268e-06
vn -1 -7.54979013e-08 -7.39233457e-08
vn -1 -7.54979013e-08 -8.60979057e-08
vn 0.70554316 0.578682244 0.409066975
vn 2.023856e-05 0.914486229 0.404617161
vn 3.02963343e-07 0.83167392 0.555264473
vn -1 -7.54979013e-08 1.76995454e-05
vn -1 -7.54979013e-08 -7.39233457e-08
vn -1 -7.54979013e-08 2.18812238e-05
vn -0.866013646 -0.500020444 -0
vn -0.991441607 -0.130550444 -0
vn -0.991441786 -0.130549744 -0
vn -1 -7.54979013e-08 3.02492964e-07
vn -1 -7.54979013e-08 -0
vn -1 -7.54979013e-08 -5.67685454e-08
vn -1 -7.54979013e-08 -7.41595443e-07
vn -1 -7.54979013e-08 1.74137838e-07
vn -1 -7.54979013e-08 -0
vn -1 -7.54979013e-08 -4.80882845e-09
vn -1 -7.54979013e-08 -5.67685454e-08
vn -1 -7.54979013e-08 7.13260079e-06
vn 0.703113139 0.662298083 0.258830279
vn 0.907333195 0.210203275 -0.3640894
vn 0.641573191 0.765836358 -0.0433414429
vn -1 -7.54979013e-08 2.18812238e-05
vn -1 -7.54979013e-08 -7.39233457e-08
vn -1 -7.54979013e-08 -7.41595443e-07
vn -1 -7.54979013e-08 3.83726587e-07
vn -1 -7.54979013e-08 1.74137838e-07
vn -1 -7.54979013e-08 1.71837101e-07
vn -1 -7.54979013e-08 -2.17977359e-07
vn -1 -7.54979013e-08 3.51052165e-07
vn -1 -7.54979013e-08 3.28396823e-07
vn -1 -7.54979013e-08 3.28396823e-07
vn -1 -7.54979013e-08 4.30951843e-07
vn -1 -7.54979013e-08 5.87457635e-07
vn -0.923880637 0.376866579 0.0664551482
vn -1 -1.28031397e-05 -1.05128775e-05
vn -1 2.73938349e-06 7.641774e-07
vn -1 -7.54979013e-08 3.02492964e-07
vn -1 -7.54979013e-08 -5.67685454e-08
vn -1 -7.54979013e-08 -4.80882845e-09
vn -0.809050262 -6.10816002e-08 0.587739468
vn -0.587830663 -4.43799806e-08 0.808984101
vn -0.587830245 -4.43799486e-08 0.808984339
vn -1 -7.54979013e-08 -0
vn -1 -7.54979013e-08 3.28396823e-07
vn -1 -7.54979013e-08 5.44505667e-07
vn -0 0 1
vn -0 0 1
vn -0 0 1
vn -1 -7.54979013e-08 -7.39233457e-08
vn -1 -7.54979013e-08 -4.24870268e-06
vn -1 -7.54979013e-08 -2.17977359e-07
vn -1 -7.54979013e-08 -4.80882845e-09
vn -1 -7.54979013e-08 3.37362762e-05
vn -1 -7.54979013e-08 -2.61342257e-06
vn 0.923879266 0.376868278 0.0664638132
vn 1 3.76736461e-05 6.49286267e-06
vn 1 -5.225515e-06 6.78345896e-06
vn -1 -7.54979013e-08 5.44505667e-07
vn -1 -7.54979013e-08 3.28396823e-07
vn -1 -7.54979013e-08 1.45204274e-06
vn 4.25082217e-05 0.173896641 -0.98476392
vn -6.4397027e-05 0.173656091 -0.984806359
vn 2.75064449e-05 0.173607856 -0.984814942
vn -1.32043885e-13 1.74897423e-06 -1
vn -3.6665339e-14 4.85647149e-07 -1
vn -1.34441167e-12 1.78072714e-05 -1
vn 1.69427918e-14 -2.24414066e-07 -1
vn 4.17031556e-14 -5.52375013e-07 -1
vn 3.18276459e-14 -4.21569951e-07 -1
vn -0.923857391 -0.37692076 -0.0664689764
vn -0.923870027 -0.37689352 -0.066449061
vn -1 -1.4294279e-05 1.51014092e-06
vn -1 -7.54979013e-08 1.45204274e-06
vn -1 -7.54979013e-08 3.28396823e-07
vn -1 -7.54979013e-08 3.87922739e-07
vn -1 -7.54979013e-08 -8.60979057e-08
vn -1 -7.54979013e-08 -7.39233457e-08
vn -1 -7.54979013e-08 -0
vn 0.382665902 0.90985167 0.160426781
vn 0.707118154 0.696353078 0.122785792
vn 0.382683814 0.909842789 0.160434455
vn -1 -7.54979013e-08 -0
vn -1 -7.54979013e-08 -7.39233457e-08
vn -1 -7.54979013e-08 1.76995454e-05
vn 7.63136486e-05 0.173615575 -0.984813511
vn -2.34795207e-05 0.17362158 -0.984812438
vn -1.31057654e-08 0.173591122 -0.984817803
vn -1 -7.54979013e-08 3.87922739e-07
vn -1 -7.54979013e-08 3.28396823e-07
vn -1 -7.54979013e-08 3.51052165e-07
vn 8.94047116e-06 0.173734054 -0.98479259
vn -6.53262468e-05 0.173701122 -0.984798491
vn 0.000125511142 0.173669159 -0.984804094
vn -6.58026511e-06 -0.984807968 -0.173647165
vn -0.382671684 -0.909849107 -0.160427421
vn -0.382698447 -0.909837484 -0.160430223
vn -1 -7.54979013e-08 -4.24870268e-06
vn -1 -7.54979013e-08 -8.60979057e-08
vn -0.999998331 0.00185663218 -5.06220385e-06
vn -3.98422671e-05 0.173665375 -0.98480469
vn 3.17604026e-05 0.173584253 -0.984819055
vn 0.000118244774 0.173702732 -0.984798133
vn -0.923889637 -0.382659048 -0
vn -0.752337873 -0.658777416 -0
vn -0.831471264 -0.555567801 -0
vn 2.18527366e-05 -0.807593167 -0.589739978
vn 0.641529679 -0.345297784 -0.684988379
vn 0.70312804 -0.55528307 -0.444152743
vn -0.641636312 0.558795035 -0.525405467
vn -0.602986455 -0.138419136 -0.785650969
vn -0.907268882 -0.073073335 -0.414154112
vn -3.15412905e-07 0.994021714 -0.109182946
vn 0.700908124 0.71320647 0.00802170392
vn 0.705619872 0.706164479 -0.0585861802
vn 0.491579771 -0.862299919 -0.121607415
vn 0.866008401 -0.500029504 -2.78061265e-07
vn 0.500026703 -0.86601007 -2.54152951e-07
vn -1 -7.54979013e-08 -6.31371393e-07
vn -1 -7.54979013e-08 2.24941436e-06
vn -1 -7.54979013e-08 -8.84337533e-06
vn 0.866013587 -0.500020504 -0
vn 0.500023603 -0.866011858 -0
vn 0.866014063 -0.500019729 -0
vn -1 -7.54979013e-08 2.24941436e-06
vn -1 -7.54979013e-08 2.23957159e-07
vn -1 -7.54979013e-08 6.72396197e-07
vn -1 -7.54979013e-08 6.72396197e-07
vn -1 -7.54979013e-08 -5.89666683e-07
vn -1 -7.54979013e-08 5.89534011e-07
vn -5.29303361e-05 0.173732921 -0.984792888
vn 1.55893777e-05 0.173649132 -0.98480767
vn 0.000137718322 0.173557892 -0.984823644
vn -0.907268882 0.210280508 -0.364205062
vn -0.426352441 0.768044353 -0.477840364
vn -0.602936268 0.398585439 -0.691084325
vn 3.25763552e-14 -4.31486882e-07 -1
vn -1.19537735e-13 1.58332534e-06 -1
vn -1.28990529e-15 1.70853127e-08 -1
vn -0.195188314 0.98076576 7.19597165e-06
vn -0.382678092 0.923881829 -0
vn -0.195080817 0.980787218 -0
vn -1 -7.54979013e-08 -0
vn -1 -7.54979013e-08 6.72396197e-07
vn -1 -7.54979013e-08 2.23957159e-07
vn -1 -7.54979013e-08 -0
vn -1 -7.54979013e-08 -5.89666683e-07
vn -1 -7.54979013e-08 -0
vn -1 -7.54979013e-08 2.23957159e-07
vn -1 -7.54979013e-08 2.24941436e-06
vn -1 -7.54979013e-08 -6.31371393e-07
vn 0.606809616 0.769459367 -0.199284762
vn 0.283950418 0.943906665 -0.168560222
vn 0.283855438 0.943954408 -0.168452784
vn -1 -7.54979013e-08 -5.76563252e-06
vn -1 -7.54979013e-08 -4.43504376e-07
vn -1 -7.54979013e-08 -8.28167231e-07
vn -1 -7.54979013e-08 5.89534011e-07
vn -1 -7.54979013e-08 -8.28167231e-07
vn -1 -7.54979013e-08 -1.47248286e-07
vn -0.703112066 -0.555398464 -0.444033831
vn -0.907268882 0.210280508 -0.364205062
vn -0.641581595 -0.345356643 -0.684910119
vn 0.382700562 0.92387253 -0
vn 0.382701278 0.923872232 -0
vn 0.707106531 0.707107067 -0
vn 1.55893777e-05 0.173649132 -0.98480767
vn 1.61849639e-05 0.173677459 -0.984802604
vn 6.03788285e-05 0.173660114 -0.984805644
vn 0.907333195 0.210203275 -0.3640894
vn 0.426429033 0.768004 -0.477836877
vn 0.641573191 0.765836358 -0.0433414429
vn -7.54869163e-08 0.999854505 0.0170568395
vn -5.37216602e-06 0.999854386 0.0170652624
vn -7.54869163e-08 0.999854505 0.017056847
vn -0.641581595 -0.345356643 -0.684910119
vn 7.95140295e-05 -0.12317463 -0.99238503
vn 7.90519043e-05 -0.575478971 -0.817816556
vn 0.282183737 -0.437113315 0.853993058
vn 0.368682057 -0.309621841 0.876474738
vn 0.368674219 -0.309620827 0.876478314
vn -1 -7.54979013e-08 4.4067562e-08
vn -1 -7.54979013e-08 -4.40675691e-08
vn -1 -7.54979013e-08 -4.49084183e-08
vn -1 -7.54979013e-08 -4.43504376e-07
vn -1 -7.54979013e-08 -5.76563252e-06
vn -1 -7.54979013e-08 -0
vn 0.688849926 -0.165268838 -0.70581305
vn 0.527235687 -0.403544784 -0.747779548
vn 0.527237833 -0.403524488 -0.747788966
vn -1 -7.54979013e-08 4.73832074e-07
vn -1 -7.54979013e-08 5.89534011e-07
vn -1 -7.54979013e-08 -1.47248286e-07
vn 3.52036077e-05 0.173644632 -0.984808385
vn 4.64333789e-05 0.173634499 -0.984810174
vn 1.62794713e-05 0.173614442 -0.98481369
vn -0.923866153 0.376903683 0.0664464384
vn -0.707101703 0.69637239 0.122770637
vn -0.707106531 0.696368217 0.122767121
vn -1 -7.54979013e-08 -1.47248286e-07
vn -1 -7.54979013e-08 -8.28167231e-07
vn -1 -7.54979013e-08 -0
vn 1 1.61335186e-06 -0
vn 1 1.19479246e-05 -0
vn 0.923874915 -0.382694632 -0
vn -7.43498845e-08 0.98479408 0.173726037
vn -7.43499413e-08 0.984794796 0.173722133
vn -7.43498489e-08 0.984793603 0.173728302
vn 0.688834786 0.396714091 -0.606732726
vn 0.745595217 0.115714453 -0.656275809
vn 0.688839674 0.396713704 -0.606727421
vn 0.70554316 0.578682244 0.409066975
vn 0.991279721 -0.065801315 0.114169635
vn 0.997888625 -0.0324382484 0.056268964
vn -0.997886658 -0.0324686766 0.0562861748
vn -0.70098722 0.541178346 0.464481413
vn -0.70554167 0.578664482 0.409094661
vn -5.70595421e-06 0.173653588 -0.984806836
vn 1.55893777e-05 0.173649132 -0.98480767
vn 2.16850149e-05 0.173631161 -0.98481077
vn -0.426255345 0.0296363775 -0.904117286
vn -0.907268882 0.210280508 -0.364205062
vn -0.602936268 0.398585439 -0.691084325
vn 2.18527366e-05 -0.807593167 -0.589739978
vn -0.641581595 -0.345356643 -0.684910119
vn 7.90519043e-05 -0.575478971 -0.817816556
vn -1 -7.54979013e-08 -8.28167231e-07
vn -1 -7.54979013e-08 5.89534011e-07
vn -1 -7.54979013e-08 -5.89666683e-07
vn 6.03788285e-05 0.173660114 -0.984805644
vn 1.61849639e-05 0.173677459 -0.984802604
vn 0.000110175453 0.17370221 -0.984798193
vn 0.356438965 -0.305627167 0.882917583
vn 0.385813624 -0.160190091 0.908563137
vn 0.385809064 -0.160189584 0.908565164
vn -0 0 1
vn -0 0 1
vn -0 0 1
vn 1 7.54979013e-08 -3.52111414e-07
vn 1 7.54979013e-08 -3.52111414e-07
vn 1 7.54979013e-08 -3.52111414e-07
vn 0.995182812 0.098036848 -4.66955612e-08
vn 1 7.54979013e-08 -1.37107861e-06
vn 0.995182931 0.0980355069 -2.73989453e-08
vn 0.995182931 0.0980355069 -2.73989453e-08
vn 1 7.54979013e-08 -1.37107861e-06
vn 1 7.54979013e-08 -5.26108181e-07
vn -0.0788792372 -5.95521721e-09 0.996884227
vn -0.30894807 -2.33249313e-08 0.951078892
vn -0.0522424132 2.28315553e-08 0.998634517
vn 1 7.54979013e-08 -6.42365478e-07
vn 1 7.54979013e-08 -1.37107861e-06
vn 0.995182812 0.098036848 -4.66955612e-08
vn -0.70554167 0.578664482 0.409094661
vn 2.023856e-05 0.914486229 0.404617161
vn -0.703080714 0.662274599 0.258978456
vn -0 0 1
vn 1.25947192e-15 -1.66822112e-08 1
vn -6.18508947e-14 8.19239915e-07 1
vn 0.914748967 -0.348780721 -0.203927279
vn 0.914751053 -0.348777592 -0.203923181
vn 0.99011445 0.0243421476 -0.138133749
vn -0.703080714 0.662274599 0.258978456
vn -0.907268882 0.210280508 -0.364205062
vn -0.994280398 0.0535291843 -0.0924179778
vn 4.49178827e-07 -0.896655917 -0.442728311
vn 0.70312804 -0.55528307 -0.444152743
vn 0.705663979 -0.643501818 -0.296553284
vn -0.705663025 -0.643502057 -0.296554923
vn -0.991286039 -0.0657491833 0.114145108
vn -0.997886658 -0.0324686766 0.0562861748
vn 1 7.54979013e-08 -1.36593883e-07
vn 1 7.54979013e-08 -6.42365478e-07
vn 1 7.54979013e-08 -5.90831814e-06
vn -1 -7.54979013e-08 -0
vn -1 -7.54979013e-08 -0
vn -1 -7.54979013e-08 -0
vn -0.995182931 0.0980353579 -5.27378177e-08
vn -1 -7.54979013e-08 -1.05876711e-06
vn -0.995182812 0.0980367064 -2.91847257e-08
vn 8.15949388e-05 0.995973825 0.0896447003
vn 0.426429033 0.768004 -0.477836877
vn 9.82138663e-05 0.921020269 -0.389514714
vn -0.0784172565 -5.92033844e-09 0.996920705
vn 0.0784472078 5.92259974e-09 0.996918321
vn 0.0784496292 5.92278226e-09 0.996918082
vn 2.16850149e-05 0.173631161 -0.98481077
vn 1.55893777e-05 0.173649132 -0.98480767
vn -5.29303361e-05 0.173732921 -0.984792888
vn -1 -7.54979013e-08 -4.01478445e-07
vn -1 -7.54979013e-08 -0
vn -1 -7.54979013e-08 -0
vn -0.995182812 0.0980367064 -2.91847257e-08
vn -1 -7.54979013e-08 -1.05876711e-06
vn -1 -7.54979013e-08 -4.01478445e-07
vn 0.000110175453 0.17370221 -0.984798193
vn 1.61849639e-05 0.173677459 -0.984802604
vn 0.00025438497 0.173851758 -0.984771788
vn 0.382700562 0.92387253 -0
vn -5.90788977e-06 1 1.74143115e-05
vn -0.00013643589 1 -0
vn -1 -7.54979013e-08 -0
vn -1 -7.54979013e-08 -0
vn -1 -7.54979013e-08 -0
vn -1 -7.54979013e-08 5.44985923e-09
vn -1 -7.54979013e-08 2.00838429e-07
vn -1 -7.54979013e-08 2.68620037e-09
vn -0.385308921 0.916737556 0.105495773
vn -0.703361392 0.70617193 0.0812648386
vn -0.380047172 0.918902636 0.105744734
vn 4.77910083e-14 -6.33011098e-07 -1
vn -7.75507588e-14 1.02719093e-06 -1
vn -0 0 -1
vn 0.0784496292 5.92278226e-09 0.996918082
vn 0.308930159 2.33235777e-08 0.951084733
vn 0.308929652 2.33235422e-08 0.951084971
vn -1 -7.54979013e-08 1.98867145e-08
vn -1 -7.54979013e-08 5.01444362e-08
vn -1 -7.54979013e-08 -4.61384069e-08
vn -0.705670714 -0.683565199 0.186460257
vn -0.994259715 -0.0185647737 -0.105370387
vn -0.70292002 -0.711064875 0.0170377586
vn -1 -7.54979013e-08 -1.70368928e-08
vn -1 -7.54979013e-08 -1.03434283e-08
vn -1 -7.54979013e-08 -1.87085849e-08
vn -1 -7.54979013e-08 2.71169199e-07
vn -1 -7.54979013e-08 1.98867145e-08
vn -1 -7.54979013e-08 1.35337359e-07
vn 0.865987241 -0.49247846 -0.0867828205
vn 0.86600697 -0.492433727 -0.0868385062
vn 0.865975618 -0.492504478 -0.0867503434
vn 0.382706791 0.909833491 0.160432398
vn 0.70709759 0.696372807 0.12279211
vn 0.707103312 0.696367621 0.122788675
vn 0.923883796 0.376859456 0.0664510652
vn 1 6.93334187e-06 1.22720587e-06
vn 1 6.43013846e-06 1.13043927e-06
vn 7.43498205e-08 -0.984793246 -0.173730612
vn 7.43498205e-08 -0.984793246 -0.173730448
vn 7.43498205e-08 -0.984793246 -0.173730716
vn -1 -7.54979013e-08 1.98867145e-08
vn -1 -7.54979013e-08 2.68620037e-09
vn -1 -7.54979013e-08 5.01444362e-08
vn -0.707098544 -0.696371853 -0.12279214
vn -0.382704318 -0.909834504 -0.160432532
vn -0.707102954 -0.696368039 -0.122788318
vn -1 -7.54979013e-08 -0
vn -1 -7.54979013e-08 5.44985923e-09
vn -1 -7.54979013e-08 -1.03434283e-08
vn 0.121647581 -0.86227113 -0.491620004
vn -5.61426532e-06 -0.991442382 -0.130545005
vn 1.37368306e-06 -0.866044462 -0.499967009
vn -0.378882796 0.925212979 0.0207093563
vn -0.700126708 0.713827193 -0.0165323392
vn -0.70010972 0.713843226 -0.0165601876
vn -0.866069019 0.492339909 0.0867529437
vn -0.866050243 0.492361397 0.0868178681
vn -0.866079867 0.492327362 0.0867150873
vn -1 -7.54979013e-08 5.44985923e-09
vn -1 -7.54979013e-08 2.68620037e-09
vn -1 -7.54979013e-08 1.98867145e-08
vn -1 -7.54979013e-08 -1.87085849e-08
vn -1 -7.54979013e-08 -1.03434283e-08
vn -1 -7.54979013e-08 5.44985923e-09
vn -0.928482175 1.05110097e-07 -0.371376902
vn -0.857812524 -0.355283797 -0.371390909
vn -0.857820928 -0.355274677 -0.371380061
vn 3.61521343e-05 0.173664868 -0.984804809
vn -1.64477242e-05 0.173660651 -0.984805584
vn -5.76924431e-05 0.173646718 -0.984808028
vn 0.961682379 9.59942668e-07 -0.274166048
vn 0.961682141 -6.0117668e-06 -0.274166793
vn 0.888487697 -0.367988706 -0.274178952
vn -1 -7.54979013e-08 3.23698601e-09
vn -1 -7.54979013e-08 1.98867145e-08
vn -1 -7.54979013e-08 -0
vn 1.61849639e-05 0.173677459 -0.984802604
vn -1.30999922e-08 0.173514649 -0.984831274
vn -4.40260983e-09 0.173769161 -0.984786391
vn -1 -7.54979013e-08 -3.17613171e-08
vn -1 -7.54979013e-08 -2.11769269e-08
vn -1 -7.54979013e-08 -1.87085849e-08
vn -1 -7.54979013e-08 -0
vn -1 -7.54979013e-08 -0
vn -1 -7.54979013e-08 -3.17613171e-08
vn -1 -7.54979013e-08 -0
vn -1 -7.54979013e-08 -2.11769269e-08
vn -1 -7.54979013e-08 -3.17613171e-08
vn -1 -7.54979013e-08 -0
vn -1 -7.54979013e-08 -3.17613171e-08
vn -1 -7.54979013e-08 -0
vn -1.30999922e-08 0.173514649 -0.984831274
vn 1.61849639e-05 0.173677459 -0.984802604
vn -4.14668502e-05 0.173657283 -0.98480618
vn -0.707098365 0.696372032 0.122792214
vn -0.382706612 0.90983361 0.16043219
vn -0.707104564 0.69636631 0.122788608
vn -1 -7.54979013e-08 -0
vn -1 -7.54979013e-08 -0
vn -1 -7.54979013e-08 -3.17613171e-08
vn -1 -7.54979013e-08 -1.08884606e-07
vn -1 -7.54979013e-08 3.23698601e-09
vn -1 -7.54979013e-08 -0
vn 0.923869193 -0.376894444 -0.0664565563
vn 0.707093358 -0.696377397 -0.122790925
vn 0.923867047 -0.376899362 -0.0664582625
vn -4.14668502e-05 0.173657283 -0.98480618
vn 1.61849639e-05 0.173677459 -0.984802604
vn -1.64477242e-05 0.173660651 -0.984805584
vn -1 -7.54979013e-08 6.85247414e-07
vn -1 -7.54979013e-08 3.23698601e-09
vn -1 -7.54979013e-08 -1.08884606e-07
vn -1 -7.54979013e-08 2.47435395e-07
vn -1 -7.54979013e-08 3.23698601e-09
vn -1 -7.54979013e-08 6.85247414e-07
vn -1 -7.54979013e-08 3.23698601e-09
vn -1 -7.54979013e-08 -7.80073606e-09
vn -1 -7.54979013e-08 -0
vn -1 -7.54979013e-08 -7.80073606e-09
vn -1 -7.54979013e-08 3.23698601e-09
vn -1 -7.54979013e-08 2.47435395e-07
vn -3.87834152e-05 0.173656911 -0.984806299
vn -6.22949119e-06 0.173560336 -0.984823227
vn -2.53687103e-05 0.173654526 -0.984806657
vn 5.51888952e-05 0.173628613 -0.984811246
vn 4.26183105e-05 0.173661023 -0.984805465
vn -3.27143534e-05 0.173713714 -0.984796166
vn -9.15563987e-07 0.173653275 -0.984806895
vn -3.87834152e-05 0.173656911 -0.984806299
vn -6.10879761e-06 0.173639104 -0.984809339
vn 1.02767563e-05 0.173641726 -0.984808922
vn -3.87834152e-05 0.173656911 -0.984806299
vn -9.15563987e-07 0.173653275 -0.984806895
vn -3.87834152e-05 0.173656911 -0.984806299
vn -2.53687103e-05 0.173654526 -0.984806657
vn -0.000495400629 0.173501268 -0.984833539
vn -0.355273664 -0.857816994 -0.371390373
vn -0.355299324 -0.857812822 -0.371375173
vn 7.00984302e-08 -0.928481817 -0.371377856
vn -0.58778137 -4.43762609e-08 0.809019864
vn -0.808988988 -6.10769675e-08 0.587823868
vn -0.808994591 -6.10773938e-08 0.58781606
vn -0.990114391 0.0243422519 -0.138133824
vn -0.914764583 -0.348754972 -0.203901157
vn -0.914749146 -0.34878099 -0.203925714
vn -1 -7.54979013e-08 -0
vn -1 -7.54979013e-08 -3.17613171e-08
vn -1 -7.54979013e-08 -0
vn -0.382716119 0.909829736 0.160431579
vn 5.06025629e-07 0.984806776 0.173654065
vn -0.382706612 0.90983361 0.16043219
vn 4.26183105e-05 0.173661023 -0.984805465
vn -3.87834152e-05 0.173656911 -0.984806299
vn 1.02767563e-05 0.173641726 -0.984808922
vn -6.22949119e-06 0.173560336 -0.984823227
vn -3.87834152e-05 0.173656911 -0.984806299
vn 5.51888952e-05 0.173628613 -0.984811246
vn -2.53687103e-05 0.173654526 -0.984806657
vn -6.22949119e-06 0.173560336 -0.984823227
vn -1.51469867e-05 0.173661426 -0.984805405
vn -7.49812159e-08 0.993156314 0.116792947
vn -7.49812159e-08 0.993156314 0.116792947
vn -7.49812159e-08 0.993156314 0.116792947
vn -1 -7.54979013e-08 -0
vn -1 -7.54979013e-08 -0
vn -1 -7.54979013e-08 -0
vn -1.64477242e-05 0.173660651 -0.984805584
vn 3.61521343e-05 0.173664868 -0.984804809
vn -1.31116309e-08 0.173668817 -0.984804153
vn -6.10879761e-06 0.173639104 -0.984809339
vn -3.87834152e-05 0.173656911 -0.984806299
vn -0.000101618192 0.173672795 -0.984803379
vn -1 -7.54979013e-08 -0
vn -1 -7.54979013e-08 -0
vn -1 -7.54979013e-08 -7.80073606e-09
vn -1 -7.54979013e-08 -0
vn -1 -7.54979013e-08 -0
vn -1 -7.54979013e-08 -0
vn 0.951046646 7.18020274e-08 0.309047341
vn 0.996919453 7.52653264e-08 0.0784324482
vn 0.996919632 7.52653406e-08 0.0784299374
vn -5.76924431e-05 0.173646718 -0.984808028
vn -1.64477242e-05 0.173660651 -0.984805584
vn -5.70595421e-06 0.173653588 -0.984806836
vn -9.15563987e-07 0.173653275 -0.984806895
vn -6.10879761e-06 0.173639104 -0.984809339
vn -5.2370604e-05 0.173795581 -0.984781742
vn -0.9510566 -7.18027806e-08 -0.309016854
vn -0.996920705 -7.52654188e-08 -0.0784166902
vn -0.95105654 -7.18027735e-08 -0.309016943
vn -0.923899412 0.382635385 -0
vn -0.707106173 0.707107365 -0
vn -0.923899472 0.382635504 -0
vn -0.368687719 -0.0088065872 0.929511607
vn -0.282149732 0.118634112 0.952007115
vn -0.282144606 0.118623368 0.952009916
vn 1.61849639e-05 0.173677459 -0.984802604
vn 1.55893777e-05 0.173649132 -0.98480767
vn -1.64477242e-05 0.173660651 -0.984805584
vn -6.05571679e-15 8.02103983e-08 1
vn -0 0 1
vn -4.23038832e-15 5.60331905e-08 1
vn 1.14582259e-12 -1.517688e-05 1
vn 7.94009227e-14 -1.05169704e-06 1
vn 3.38239528e-13 -4.48011815e-06 1
vn 2.04996e-13 -2.71525437e-06 1
vn 7.28982135e-15 -9.65566116e-08 1
vn -7.37556663e-13 9.76923366e-06 1
vn 5.74889247e-10 -0.00761463866 0.999971032
vn 5.74894798e-10 -0.0076147127 0.999971092
vn 5.74872372e-10 -0.0076144156 0.999971032
vn -0.308965743 -2.33262654e-08 0.95107317
vn -0.0784172565 -5.92033844e-09 0.996920705
vn -0.30897361 -2.33268587e-08 0.951070666
vn -0.707142651 -0.707070887 -0
vn -0.707142591 -0.707070947 -0
vn -0.555671453 -0.831402063 -0
vn -1 -7.54979013e-08 -4.6242306e-08
vn -1 -7.54979013e-08 4.38823548e-07
vn -1 -7.54979013e-08 -6.07723905e-07
vn 1.28807154e-09 -0.0170610249 0.999854505
vn 1.29185507e-09 -0.0171111394 0.999853611
vn 1.28806454e-09 -0.0170609318 0.999854445
vn -2.16197514e-05 0.173688903 -0.984800577
vn 1.50713981e-06 0.173638284 -0.984809518
vn -1.84552191e-05 0.173644334 -0.984808505
vn 7.48424014e-14 -9.9131762e-07 -1
vn -2.41405908e-13 3.19751803e-06 -1
vn 7.48442107e-14 -9.91341608e-07 -1
vn 0.382759184 0.923848152 -0
vn 0.382757694 0.923848748 -0
vn -8.03343028e-08 1 -0
vn -7.5488785e-08 0.999879241 0.0155384755
vn -7.54887921e-08 0.999879301 0.0155384718
vn -7.5488785e-08 0.999879241 0.0155384773
vn 1.56817005e-05 -0.984807253 -0.173651442
vn -0.382728755 -0.909824789 -0.160429612
vn 1.56848764e-05 -0.984807312 -0.173650846
vn 0.368003458 -0.888473213 -0.274205804
vn 3.33237222e-06 -0.96166718 -0.274219126
vn 0.36798802 -0.888476193 -0.274216771
vn -5.33851754e-08 0.70710808 0.707105458
vn -5.33849764e-08 0.707105458 0.70710814
vn -5.33852358e-08 0.707108855 0.707104743
vn 4.4909968e-05 0.173636273 -0.984809875
vn 4.97656729e-05 0.173635542 -0.984809935
vn -7.87203771e-06 0.173656359 -0.984806299
vn -3.76957246e-07 -1 -0
vn -1.68849897e-06 -1 -0
vn 7.54979013e-08 -1 -0
vn 1.38188301e-15 -1.83035951e-08 1
vn -2.52469732e-15 3.3440628e-08 1
vn -5.47391188e-15 7.25041573e-08 1
vn -0 0 1
vn -0 0 1
vn -0 0 1
vn -0 0 1
vn -0 0 1
vn -0 0 1
vn -7.87203771e-06 0.173656359 -0.984806299
vn 4.97656729e-05 0.173635542 -0.984809935
vn -1.30526259e-05 0.173695356 -0.984799504
vn -0.693395317 0.716875017 -0.07275372
vn -0.90592885 0.403625488 -0.127981558
vn -0.693353891 0.716917217 -0.0727329403
vn -0.375220597 -0.85813421 -0.35044995
vn -1.14686861e-06 -0.931614935 -0.363447011
vn -1.11843985e-06 -0.931639373 -0.363384068
vn 7.07219233e-15 -9.3674025e-08 1
vn 1.38188301e-15 -1.83035951e-08 1
vn -0 0 1
vn -0 0 1
vn -0 0 1
vn -4.07094944e-14 5.39213602e-07 1
vn -6.05571679e-15 8.02103983e-08 1
vn -1.81261951e-14 2.40088724e-07 1
vn -2.34400156e-14 3.10472416e-07 1
vn -0.980777264 -0.195130497 -0
vn -0.923869848 -0.382706881 -0
vn -0.923865378 -0.382717609 -0
vn -1 -7.54979013e-08 -4.90598562e-10
vn -1 -7.54979013e-08 -3.00780876e-08
vn -1 -7.54979013e-08 -0
vn -0 0 1
vn 1.38188301e-15 -1.83035951e-08 1
vn -0 0 1
vn 0.905933678 0.403611898 -0.127990469
vn 0.693392813 0.71687752 -0.0727532953
vn 0.693355441 0.716915488 -0.0727352276
vn 0.693355441 0.716915488 -0.0727352276
vn 0.375226945 0.92623955 -0.0358496569
vn 0.37522918 0.926239431 -0.0358290747
vn 1.28797584e-09 -0.0170597564 0.999854505
vn 1.28812316e-09 -0.0170617085 0.999854445
vn 1.28807154e-09 -0.0170610249 0.999854505
vn -0.58778137 -4.43762609e-08 -0.809019864
vn -0.808991551 -6.10771664e-08 -0.587820292
vn -0.587780654 -4.4376204e-08 -0.80902034
vn -0.368360341 -0.828752637 -0.421283394
vn -6.73444038e-06 -0.900910795 -0.434004396
vn -5.15939564e-06 -0.900909007 -0.434007853
vn -3.75953846e-09 0.93432492 0.356422424
vn 0.184007481 0.964275002 0.190565228
vn -7.05440115e-08 0.93438375 0.356268138
vn 7.54979013e-08 -1 -0
vn 7.54979013e-08 -1 -0
vn 7.54979013e-08 -1 -0
vn -0 0 1
vn -0 0 1
vn -0 0 1
vn 0.184007481 0.964275002 0.190565228
vn -3.75953846e-09 0.93432492 0.356422424
vn 0.177891761 0.964241862 0.196448788
vn -3.04408571e-13 4.03201375e-06 -1
vn -1.01472087e-13 1.34403854e-06 -1
vn -2.8992176e-13 3.84012992e-06 -1
vn 0.748917162 -0.574727535 -0.329865783
vn 0.748975098 -0.574662447 -0.329847455
vn 0.911852121 -0.244322762 -0.329897344
vn -6.05571679e-15 8.02103983e-08 1
vn -8.83233272e-15 1.16987792e-07 1
vn -1.81261951e-14 2.40088724e-07 1
vn -0.18400678 0.964275062 0.190565228
vn 1.6774753e-07 0.934204757 0.356737345
vn -7.05440115e-08 0.93438375 0.356268138
vn 0.177891761 0.964241862 0.196448788
vn -3.75953846e-09 0.93432492 0.356422424
vn -0.17789112 0.964241862 0.196449444
vn 3.31672345e-05 0.173622087 -0.984812438
vn -3.28769352e-06 0.17363964 -0.984809279
vn -1.98438811e-05 0.173629478 -0.984811127
vn -0 0 1
vn -5.47391188e-15 7.25041573e-08 1
vn -2.52469732e-15 3.3440628e-08 1
vn -5.90584136e-07 0.999738574 -0.0228652358
vn -0.375228792 0.926238775 -0.0358491316
vn -0.375228584 0.926239669 -0.0358287059
vn -0.693323612 -0.648831666 -0.313560039
vn -0.375220597 -0.85813421 -0.35044995
vn -0.693360984 -0.64880532 -0.313531816
vn 0.817541063 0.471992761 -0.329923481
vn 0.817527413 0.472014636 -0.329925835
vn 0.876985133 0.381361157 -0.292336822
vn -0.905925691 -0.335524738 -0.258305699
vn -0.693323612 -0.648831666 -0.313560039
vn -0.693360984 -0.64880532 -0.313531816
vn 7.54979013e-08 -1 -0
vn -1.68849897e-06 -1 -0
vn 7.54979013e-08 -1 -0
vn -0.980578065 0.0340542048 -0.193149969
vn -0.905925691 -0.335524738 -0.258305699
vn -0.980580449 0.0340362303 -0.193141177
vn -2.13729891e-07 -1 -0
vn -2.50640255e-06 -1 -0
vn 7.54979013e-08 -1 -0
vn -8.45160855e-07 -1 -0
vn -1.19046558e-06 -1 -0
vn -1.44792978e-07 -1 -0
vn -6.05571679e-15 8.02103983e-08 1
vn -2.34400156e-14 3.10472416e-07 1
vn 7.24960185e-14 -9.60238822e-07 1
vn -0.555543661 -0.831487358 -0
vn -0.555543661 -0.831487358 -0
vn -0.382736921 -0.92385745 5.10364816e-06
vn -7.48957035e-14 9.92023615e-07 -1
vn 5.07316662e-14 -6.71961288e-07 -1
vn -0 0 -1
vn 5.07316662e-14 -6.71961288e-07 -1
vn -0 0 -1
vn -0 0 -1
vn -1.68849897e-06 -1 -0
vn -8.45160855e-07 -1 -0
vn -9.58540477e-06 -1 -0
vn 0.303931326 -0.895825684 -0.324225426
vn 0.303931326 -0.895825684 -0.324225426
vn 0.471999645 -0.817538857 -0.329919308
vn -0 0 -1
vn 5.07316662e-14 -6.71961288e-07 -1
vn -0 0 -1
vn -1.55697205e-13 2.06227196e-06 -1
vn -7.48957035e-14 9.92023615e-07 -1
vn -3.07972484e-12 4.07921907e-05 -1
vn 1 7.54979013e-08 9.57252908e-08
vn 1 7.54979013e-08 4.56685768e-07
vn 1 7.54979013e-08 3.60964606e-07
vn -0 0 1
vn -0 0 1
vn -0 0 1
vn -3.76957246e-07 -1 -0
vn -8.45160855e-07 -1 -0
vn -1.68849897e-06 -1 -0
vn -0 0 1
vn -5.47391188e-15 7.25041573e-08 1
vn -0 0 1
vn 0.80902338 6.10795681e-08 -0.587776542
vn 0.587784708 4.43765131e-08 -0.80901742
vn 0.809023023 6.10795396e-08 -0.587777019
vn -0.587773263 -4.43756463e-08 -0.809025824
vn -0.308955461 -2.33254891e-08 -0.951076508
vn -0.587772131 -4.4375561e-08 -0.809026539
vn -1.19046558e-06 -1 -0
vn -8.45160855e-07 -1 -0
vn -3.76957246e-07 -1 -0
vn -0.996917009 -7.52651417e-08 -0.0784637481
vn -0.996917009 -7.52651417e-08 0.0784637481
vn -0.996916771 -7.52651275e-08 -0.0784668997
vn 4.97656729e-05 0.173635542 -0.984809935
vn 4.4909968e-05 0.173636273 -0.984809875
vn 7.32069384e-05 0.173601076 -0.984816074
vn 0.915899754 -0.360829026 -0.175869539
vn 0.919300616 -0.349913388 -0.180130348
vn 0.923071861 -0.337194383 -0.185036078
vn -0.368713111 -0.309624314 0.876460791
vn -0.399018824 -0.159245223 0.903008878
vn -0.399018288 -0.159237623 0.903010428
vn -0.59474057 0.761080384 -0.258921444
vn -0.806560397 0.557246447 -0.197323829
vn -0.568825006 0.768750012 -0.292338252
vn 0.895592034 0.361754626 -0.258937269
vn 0.977117777 0.0793074891 -0.19736059
vn 0.97381109 0.158156022 -0.1633358
vn -0.97361058 0.145513907 -0.175806999
vn -0.971091151 0.156682163 -0.180091217
vn -0.976292908 0.132765353 -0.170954585
vn -1.09172083e-06 1 -0
vn -2.12017881e-07 1 -0
vn -2.58040984e-07 1 -0
vn 0.308930159 2.33235777e-08 0.951084733
vn 0.587776899 4.43759234e-08 0.809023082
vn 0.308929652 2.33235422e-08 0.951084971
vn 0.866013169 -0.500021219 -0
vn 0.500021517 -0.86601299 -0
vn 0.500020444 -0.866013706 -0
vn 0.996919632 7.52653406e-08 0.0784299374
vn 0.996919513 7.52653335e-08 -0.0784319118
vn 0.996919572 7.52653335e-08 -0.0784304887
vn -0.0980383307 0.995182633 -0
vn 0.0980338305 0.99518311 -0
vn -0.0980343223 0.995182991 -0
vn -1 -7.54979013e-08 1.02615971e-07
vn -1 -7.54979013e-08 1.84032376e-06
vn -1 -7.54979013e-08 1.73772628e-06
vn -5.95311045e-09 0.0788513348 -0.996886432
vn -5.26565645e-06 0.0788530409 -0.996886253
vn -0.000207101417 0.078875646 -0.996884406
vn 2.59383091e-06 1 -0
vn -2.58040984e-07 1 -0
vn -2.12017881e-07 1 -0
vn 1 7.54979013e-08 1.59306609e-07
vn 1 7.54979013e-08 -1.70087624e-08
vn 1 7.54979013e-08 4.31298531e-07
vn 8.87670637e-07 1 -0
vn 6.5294048e-06 1 -0
vn 1.72722866e-05 1 -0
vn -7.54979013e-08 1 -0
vn -7.51743244e-07 1 -0
vn -2.58040984e-07 1 -0
vn 0.355273813 -0.857816935 -0.371390253
vn 0.656533599 -0.656533182 -0.371386439
vn 0.656525314 -0.656523228 -0.371418625
vn 6.5294048e-06 1 -0
vn -2.58040984e-07 1 -0
vn 2.59383091e-06 1 -0
vn -1 -7.54979013e-08 1.81039809e-07
vn -1 -7.54979013e-08 9.14239351e-09
vn -1 -7.54979013e-08 -4.31298417e-07
vn -5.22066739e-06 1 -0
vn 6.5294048e-06 1 -0
vn 8.87670637e-07 1 -0
vn 2.57402849e-06 1 -0
vn -4.73910995e-06 1 -0
vn 4.060322e-07 1 -0
vn -9.12934723e-08 0.99688828 0.078827709
vn -7.52629745e-08 0.99688828 0.078827709
vn -5.22528261e-08 0.996876895 0.078971073
vn -0.857805192 0.355310023 -0.371382594
vn -0.928482175 1.05110097e-07 -0.371376902
vn -0.928476453 6.47966999e-07 -0.371391326
vn -0.375228792 0.926238775 -0.0358491316
vn -0.693353891 0.716917217 -0.0727329403
vn -0.375228584 0.926239669 -0.0358287059
vn -0.164371669 0.98160243 -0.0971528441
vn -0.164358929 0.981604993 0.0971480906
vn -0.173404604 0.982150197 0.072882928
vn 0.991311073 0.0229822602 0.129515633
vn 0.700897932 -0.667463481 0.251464993
vn 0.70566684 -0.683571517 0.186451748
vn -1.98176404e-05 0.173650667 -0.984807312
vn -1.31075684e-08 0.173615009 -0.984813571
vn 3.03385877e-06 0.173649013 -0.984807611
vn -0.555552542 0.831481457 -0
vn -0.555552483 0.831481457 -0
vn -0.555552483 0.831481457 -0
vn -1.83708398e-05 0.173667446 -0.984804332
vn 1.30700319e-05 0.173651785 -0.984807134
vn 2.27964247e-05 0.173621491 -0.984812498
vn -0.246321768 -0.919202805 -0.30723244
vn -0.246310204 -0.91920352 -0.30723989
vn -0.24629207 -0.919204414 -0.307251573
vn -5.58536249e-06 1 -0
vn -7.51743244e-07 1 -0
vn -1.10849965e-06 1 -0
vn -0.356440336 -0.305635333 0.882914126
vn -0.272812992 -0.428885639 0.861179471
vn -0.272805423 -0.428889066 0.861180305
vn -1 -7.54979013e-08 -1.10930032e-05
vn -1 -7.54979013e-08 6.51469963e-06
vn -1 -7.54979013e-08 7.89997375e-06
vn -0.171897665 -0.970469058 0.169237018
vn -0.185045347 -0.911678553 0.366879463
vn -0.164409325 -0.981596291 0.0971509293
vn 7.52647367e-08 -0.996911645 -0.0785313547
vn 7.52647367e-08 -0.996911645 -0.0785311535
vn 7.52647082e-08 -0.996911287 -0.0785357133
vn 8.66562928e-08 0.173697472 -0.984799147
vn 4.16281409e-08 0.173679829 -0.984802246
vn -9.25851145e-06 0.173670307 -0.984803915
vn -1.36354883e-08 0.180607513 -0.983555257
vn -1.36356775e-08 0.180610016 -0.98355484
vn -1.36355016e-08 0.180607691 -0.983555257
vn -3.07266491e-05 0.180585951 -0.983559191
vn -8.85118934e-05 0.180509701 -0.983573198
vn -7.50899517e-06 0.1805906 -0.983558357
vn 1.82241131e-13 -2.41385692e-06 -1
vn 8.97665731e-14 -1.18899425e-06 -1
vn -7.23171116e-14 9.57869133e-07 -1
vn -1.16397516e-07 1 -0
vn -7.54979013e-08 1 -0
vn -7.54979013e-08 1 -0
vn -0.748896718 0.574737906 -0.329894006
vn -0.911846936 0.244380966 -0.329868257
vn -0.748948693 0.574654281 -0.329921603
vn -7.54979013e-08 1 -0
vn -1.16397516e-07 1 -0
vn -7.54979013e-08 1 -0
vn 7.4350929e-08 -0.984807849 -0.173647508
vn 7.4350929e-08 -0.984807909 -0.173647448
vn 7.43509361e-08 -0.984807968 -0.173647389
vn -0.926490009 0.373852164 0.043021746
vn -0.994810641 0.101077192 0.0116317589
vn -0.921225488 0.386478335 0.0444754213
vn -4.73910995e-06 1 -0
vn 2.57402849e-06 1 -0
vn -1.09172083e-06 1 -0
vn 4.060322e-07 1 -0
vn -4.73910995e-06 1 -0
vn 8.59422016e-06 1 -0
vn -1.09172083e-06 1 -0
vn -2.58040984e-07 1 -0
vn -7.51743244e-07 1 -0
vn -7.51743244e-07 1 -0
vn -7.54979013e-08 1 -0
vn -7.54979013e-08 1 -0
vn 1 7.54979013e-08 -5.69940448e-06
vn 1 7.54979013e-08 7.74461296e-06
vn 1 7.54979013e-08 8.58817748e-06
vn -0.130550995 -0.991441607 -0
vn 0.130550742 -0.991441607 -0
vn 0.13055025 -0.991441727 -0
vn 2.42159622e-05 0.17363742 -0.984809637
vn 2.59839653e-05 0.173672095 -0.984803557
vn -1.31087257e-08 0.173630327 -0.984810889
vn 0.384051293 -0.909284174 -0.160333559
vn 0.384051293 -0.909284174 -0.160333559
vn 0.384051293 -0.909284174 -0.160333559
vn -1 -7.54979013e-08 1.47617115e-07
vn -1 -7.54979013e-08 2.24676228e-06
vn -1 -7.54979013e-08 -0
vn -1 -7.54979013e-08 3.1605515e-07
vn -1 -7.54979013e-08 -7.53911934e-07
vn -1 -7.54979013e-08 6.07723791e-07
vn -1 -7.54979013e-08 4.38823548e-07
vn -1 -7.54979013e-08 -4.6242306e-08
vn -1 -7.54979013e-08 -5.26145129e-07
vn -1 -7.54979013e-08 -0
vn -1 -7.54979013e-08 2.24676228e-06
vn -1 -7.54979013e-08 -0
vn 2.59839653e-05 0.173672095 -0.984803557
vn 3.31512019e-05 0.17364721 -0.984807909
vn -2.54059933e-06 0.173614457 -0.98481369
vn -7.54979013e-08 1 -0
vn -7.51743244e-07 1 -0
vn -5.58536249e-06 1 -0
vn -1 -7.54979013e-08 -2.20215668e-07
vn -1 -7.54979013e-08 -7.38085717e-08
vn -1 -7.54979013e-08 -1.12338137e-06
vn -1 -7.54979013e-08 -1.12338137e-06
vn -1 -7.54979013e-08 -0
vn -1 -7.54979013e-08 -0
vn -0.923869252 -0.376894206 -0.0664565489
vn -1 -1.70313197e-05 -3.27896373e-06
vn -1 -1.00863308e-05 -1.54273221e-06
vn -1 -7.54979013e-08 5.4482733e-08
vn -1 -7.54979013e-08 6.7298123e-07
vn -1 -7.54979013e-08 -2.20215668e-07
vn -0 0 1
vn 7.28982135e-15 -9.65566116e-08 1
vn -0 0 1
vn -0.184097648 -0.970191717 0.157594427
vn 7.14127992e-08 -0.945891142 0.32448402
vn -0.177962005 -0.970360577 0.163492814
vn -1 -7.54979013e-08 4.38823548e-07
vn -1 -7.54979013e-08 6.07723791e-07
vn -1 -7.54979013e-08 -6.07723905e-07
vn -1 -7.54979013e-08 -7.53911934e-07
vn -1 -7.54979013e-08 3.1605515e-07
vn -1 -7.54979013e-08 5.4482733e-08
vn -7.54979013e-08 1 0.000124796832
vn -7.54979013e-08 1 0.000124796788
vn -9.16044058e-08 1 -0.000210771803
vn -0.923874199 0.376882195 0.0664548799
vn -0.923873007 0.376885086 0.066455245
vn -0.707098365 0.696372032 0.122792214
vn -0.656536341 0.656535208 -0.371378064
vn -0.85781455 0.355294555 -0.371375978
vn -0.857805192 0.355310023 -0.371382594
vn -3.2954722e-06 0.173641711 -0.984808981
vn 7.40697851e-06 0.173640728 -0.984809101
vn -1.30989601e-08 0.173658729 -0.984805882
vn -1 -7.54979013e-08 3.1605515e-07
vn -1 -7.54979013e-08 6.7298123e-07
vn -1 -7.54979013e-08 5.4482733e-08
vn 0.382713646 -0.909831047 -0.160429433
vn 0.707093358 -0.696377397 -0.122790925
vn 0.707105398 -0.696365178 -0.122790515
vn 0.707146525 0.707067072 -0
vn 0.555672705 0.83140105 -0
vn 0.707139254 0.707074344 -0
vn -0.000204408367 0.0788770616 -0.996884346
vn -4.92116123e-06 0.0788545087 -0.996886134
vn 5.63196554e-05 0.0788624957 -0.996885478
vn 0.928479433 5.48307389e-06 -0.371383816
vn 0.857804835 0.355313689 -0.371379942
vn 0.92847836 1.10538804e-05 -0.371386468
vn -0.817495704 -0.47208029 -0.329910874
vn -0.711198747 -0.623747885 -0.324245334
vn -0.817501366 -0.472075433 -0.329903454
vn -0.92387867 0.376871645 0.06645298
vn -1 2.89407944e-06 4.83644499e-07
vn -0.923880517 0.376867503 0.0664520562
vn 0.888487697 -0.367988706 -0.274178952
vn 0.680004418 -0.680008531 -0.274194092
vn 0.888482928 -0.368005276 -0.274171799
vn 0.472038209 -0.817542791 -0.329854041
vn 0.748975098 -0.574662447 -0.329847455
vn 0.748917162 -0.574727535 -0.329865783
vn -1 -7.54979013e-08 4.40431336e-07
vn -1 -7.54979013e-08 1.47617115e-07
vn -1 -7.54979013e-08 -0
vn 4.96837947e-06 0.0788517892 -0.996886373
vn 3.32369091e-05 0.0788594261 -0.996885777
vn -5.26565645e-06 0.0788530409 -0.996886253
vn -3.03953693e-05 0.173651144 -0.984807253
vn 2.46804029e-05 0.173624516 -0.984811902
vn -2.8256065e-05 0.173693672 -0.984799743
vn 0.70711261 0.696357191 0.122794427
vn 0.923904538 0.376809806 0.0664436296
vn 0.923914135 0.376787007 0.0664411038
vn -1 -7.54979013e-08 -0
vn -1 -7.54979013e-08 -5.26145129e-07
vn -1 -7.54979013e-08 -4.6242306e-08
vn -0.951053858 -7.18025674e-08 -0.309025466
vn -0.809050143 -6.1081586e-08 -0.587739706
vn -0.951054573 -7.18026243e-08 -0.309023082
vn 0.555582404 -0.831461489 -0
vn 0.555582404 -0.831461489 -0
vn 0.555582404 -0.831461489 -0
vn 0.911852121 -0.244322762 -0.329897344
vn 0.935932398 0.123219706 -0.32992065
vn 0.911830366 -0.244367436 -0.329924434
vn 0.865978956 0.492476702 0.0868742764
vn 0.865978956 0.492476702 0.0868742764
vn 0.865978956 0.492476702 0.0868742764
vn -0.90592885 0.403625488 -0.127981558
vn -0.905927002 0.403626978 -0.127989784
vn -0.980578065 0.0340542048 -0.193149969
vn 1 7.54979013e-08 1.12338114e-06
vn 1 7.54979013e-08 -0
vn 1 7.54979013e-08 -0
vn 1 7.54979013e-08 7.53928589e-07
vn 1 7.54979013e-08 -2.50150988e-14
vn 1 7.54979013e-08 -1.6008508e-13
vn -7.43498845e-08 0.98479408 0.173726141
vn -7.43499555e-08 0.984795034 0.173720196
vn -7.43499342e-08 0.984794676 0.173722386
vn -2.05211782e-05 0.960558474 -0.278078139
vn -7.89704864e-05 0.820452213 -0.571715117
vn -0.641636312 0.558795035 -0.525405467
vn 0.949854076 -0.0542845614 0.307945639
vn 0.877549171 -0.412268579 0.2448304
vn 0.949854076 -0.0543102659 0.30794102
vn -6.0914779e-08 0.806840718 0.590769172
vn -6.09147932e-08 0.806840837 0.590768754
vn -6.09147719e-08 0.806840599 0.590769172
vn -1 -7.54979013e-08 -7.38085717e-08
vn -1 -7.54979013e-08 -0
vn -1 -7.54979013e-08 -1.12338137e-06
vn -0.996920705 -7.52654188e-08 -0.0784166902
vn -0.996920705 -7.52654188e-08 0.0784166902
vn -0.996920824 -7.5265433e-08 0.0784149915
vn 1 7.54979013e-08 1.20213804e-06
vn 1 7.54979013e-08 -2.24676273e-06
vn 1 7.54979013e-08 -0
vn 1 7.54979013e-08 3.70818981e-07
vn 1 7.54979013e-08 -3.45657611e-07
vn 1 7.54979013e-08 1.20213804e-06
vn 0.707104206 0.696365297 0.122796506
vn 0.923858345 0.376918465 0.0664687827
vn 0.923869371 0.376894951 0.0664492249
vn -3.03953693e-05 0.173651144 -0.984807253
vn -8.95052362e-05 0.173643813 -0.984808505
vn 2.46804029e-05 0.173624516 -0.984811902
vn 7.54979013e-08 -1 -0
vn 0.195129082 -0.980777621 -0
vn 0.195132047 -0.980777025 -0
vn 1 7.54979013e-08 -0
vn 1 7.54979013e-08 1.12338114e-06
vn 1 7.54979013e-08 -1.27594694e-06
vn 1 7.54979013e-08 -3.70816338e-07
vn 1 7.54979013e-08 -0
vn 1 7.54979013e-08 7.53928589e-07
vn -2.71787917e-06 -0.130451456 -0.991454661
vn 0.12838383 9.69270975e-09 -0.991724551
vn 0.127987981 -0.127983555 -0.983483315
vn 1 7.54979013e-08 -0
vn 1 7.54979013e-08 -3.70816338e-07
vn 1 7.54979013e-08 -0
vn 1 7.54979013e-08 -0
vn 1 7.54979013e-08 -3.70816338e-07
vn 1 7.54979013e-08 1.25441943e-07
vn -2.28618374e-05 0.17364867 -0.98480767
vn 6.85134946e-05 0.173625007 -0.984811783
vn -1.31167974e-08 0.173737243 -0.984792054
vn 7.43498205e-08 -0.984793246 -0.173730344
vn 7.43498205e-08 -0.984793246 -0.173730358
vn 7.43498205e-08 -0.984793246 -0.173730344
vn 1 7.54979013e-08 -2.50150988e-14
vn 1 7.54979013e-08 7.53928589e-07
vn 1 7.54979013e-08 -0
vn -8.7737244e-06 0.173677549 -0.984802604
vn -1.83708398e-05 0.173667446 -0.984804332
vn -1.71957272e-05 0.173652738 -0.984806955
vn -3.03953693e-05 0.173651144 -0.984807253
vn -2.8256065e-05 0.173693672 -0.984799743
vn -1.30526259e-05 0.173695356 -0.984799504
vn 1 7.54979013e-08 1.25441943e-07
vn 1 7.54979013e-08 -1.27594694e-06
vn 1 7.54979013e-08 1.12338114e-06
vn 1 7.54979013e-08 4.72334243e-08
vn 1 7.54979013e-08 3.96959754e-09
vn 1 7.54979013e-08 -8.80796858e-09
vn 1 7.54979013e-08 -2.24676273e-06
vn 1 7.54979013e-08 1.20213804e-06
vn 1 7.54979013e-08 -3.45657611e-07
vn -0.980793297 0.195049956 -0
vn -0.980793297 0.195050299 -0
vn -0.980793417 0.195049465 -0
vn 1.83331296e-13 -2.42829651e-06 1
vn -1.04072329e-14 1.37847977e-07 1
vn -3.28059736e-13 4.34528283e-06 1
vn -0.923869848 -0.382706881 -0
vn -0.707142651 -0.707070887 -0
vn -0.923865378 -0.382717609 -0
vn 1.12301068e-14 -1.48747276e-07 1
vn -1.04072329e-14 1.37847977e-07 1
vn 2.76788717e-14 -3.66617769e-07 1
vn 2.76788717e-14 -3.66617769e-07 1
vn -1.04072329e-14 1.37847977e-07 1
vn 1.83331296e-13 -2.42829651e-06 1
vn -3.99699262e-14 5.29417719e-07 1
vn 1.57691006e-14 -2.08868073e-07 1
vn -1.83331242e-13 2.42829583e-06 1
vn 1 7.54979013e-08 -3.45657611e-07
vn 1 7.54979013e-08 3.70818981e-07
vn 1 7.54979013e-08 -0
vn -1.63996014e-14 2.17219309e-07 1
vn -2.22776221e-14 2.95076035e-07 1
vn -1.64029597e-13 2.17263778e-06 1
vn -2.22776221e-14 2.95076035e-07 1
vn -1.04072329e-14 1.37847977e-07 1
vn 5.10338232e-14 -6.75963463e-07 1
vn -8.03343028e-08 1 -0
vn -0.195130393 0.980777323 -0
vn -7.54979013e-08 1 -0
vn 5.10338232e-14 -6.75963463e-07 1
vn 1.12301068e-14 -1.48747276e-07 1
vn 1.83331432e-13 -2.42829833e-06 1
vn 0.980791628 -0.19505851 -0
vn 0.980791688 -0.195058167 -0
vn 0.980791509 -0.195058957 -0
vn -1.83331242e-13 2.42829583e-06 1
vn 1.57691006e-14 -2.08868073e-07 1
vn 3.28059736e-13 -4.34528283e-06 1
vn -1.30526259e-05 0.173695356 -0.984799504
vn -2.8256065e-05 0.173693672 -0.984799743
vn -7.87203771e-06 0.173656359 -0.984806299
vn 1.28808353e-09 -0.0170611832 0.999854445
vn 1.28808253e-09 -0.0170611702 0.999854445
vn 1.28808386e-09 -0.017061187 0.999854445
vn -0.748948693 0.574654281 -0.329921603
vn -0.471976429 0.817544281 -0.32993874
vn -0.748896718 0.574737906 -0.329894006
vn 1 7.54979013e-08 1.17736199e-07
vn 1 7.54979013e-08 4.72334243e-08
vn 1 7.54979013e-08 -0
vn -0.382660866 -0.923888862 -6.48267996e-06
vn 7.54979013e-08 -1 -0
vn -0.38269034 -0.923876762 -0
vn 0.991441667 -0.130550668 -0
vn 0.866013587 -0.500020504 -0
vn 0.866014063 -0.500019729 -0
vn 2.08707297e-06 0.173650995 -0.984807312
vn -2.12916766e-05 0.173627898 -0.984811306
vn -3.19501996e-05 0.173624426 -0.984812021
vn 1.57691006e-14 -2.08868073e-07 1
vn -2.22776221e-14 2.95076035e-07 1
vn -3.19607994e-14 4.23333603e-07 1
vn -3.19607994e-14 4.23333603e-07 1
vn -2.22776221e-14 2.95076035e-07 1
vn -1.63996014e-14 2.17219309e-07 1
vn -1.04072329e-14 1.37847977e-07 1
vn 1.12301068e-14 -1.48747276e-07 1
vn 5.10338232e-14 -6.75963463e-07 1
vn 0.184142262 -0.964222968 -0.190697804
vn -0.178019747 -0.964190781 -0.196583495
vn 0.17802 -0.964190364 -0.196585581
vn -0.923899412 0.382635385 -0
vn -0.995182931 0.0980353579 -5.27378177e-08
vn -0.995182812 0.0980367064 -2.91847257e-08
vn -0 0 -1
vn -0 0 -1
vn -0 0 -1
vn 1.83331432e-13 -2.42829833e-06 1
vn 1.12301068e-14 -1.48747276e-07 1
vn -3.28059194e-13 4.34527556e-06 1
vn 2.74988823e-14 -3.64233728e-07 1
vn 1.71571165e-14 -2.27252897e-07 1
vn 3.05944722e-15 -4.05236058e-08 1
vn -0.187600806 0.0964892879 0.977494657
vn -0.187593669 -0.0962287933 0.977521718
vn -0.19526042 -0.0760671645 0.977797151
vn 8.60018008e-06 0.881127238 0.472879261
vn -0.36347869 0.809930801 0.460320771
vn -0.363492668 0.809921563 0.460326135
vn -1.04072329e-14 1.37847977e-07 1
vn -2.22776221e-14 2.95076035e-07 1
vn -3.99699262e-14 5.29417719e-07 1
vn 1.71571165e-14 -2.27252897e-07 1
vn -2.76338875e-14 3.66021936e-07 1
vn 3.31908607e-14 -4.39626263e-07 1
vn -3.08721859e-14 4.08914474e-07 1
vn 3.05944722e-15 -4.05236058e-08 1
vn -0.0522424132 2.28315553e-08 0.998634517
vn 2.023856e-05 0.914486229 0.404617161
vn 8.15949388e-05 0.995973825 0.0896447003
vn -0.641626298 0.765800178 -0.0431967601
vn 1 7.54979013e-08 -0
vn 1 7.54979013e-08 3.70818981e-07
vn 1 7.54979013e-08 -0
vn -2.86523904e-14 3.79512414e-07 1
vn -0.0522424132 2.28315553e-08 0.998634517
vn -0 0 1
vn 1.68313327e-05 0.173642471 -0.984808803
vn -2.67315727e-06 0.173603773 -0.984815657
vn 1.61339158e-05 0.173668265 -0.984804213
vn 1.71571165e-14 -2.27252897e-07 1
vn 3.31908607e-14 -4.39626263e-07 1
vn 6.65703903e-15 -8.81751561e-08 1
vn 1.71571165e-14 -2.27252897e-07 1
vn -2.07644096e-14 2.75032932e-07 1
vn -2.76338875e-14 3.66021936e-07 1
vn 1 7.54979013e-08 3.51678651e-08
vn 1 7.54979013e-08 4.72334243e-08
vn 1 7.54979013e-08 1.17736199e-07
vn 1 7.54979013e-08 3.96959754e-09
vn 1 7.54979013e-08 3.51678651e-08
vn 1 7.54979013e-08 5.44842749e-08
vn 2.27964247e-05 0.173621491 -0.984812498
vn 1.30700319e-05 0.173651785 -0.984807134
vn -1.37129036e-05 0.173669606 -0.984803975
vn -0 0 1
vn -0.0522424132 2.28315553e-08 0.998634517
vn -0 0 1
vn 1.71571165e-14 -2.27252897e-07 1
vn 6.65703903e-15 -8.81751561e-08 1
vn -0 0 1
vn -2.44709918e-05 0.17367734 -0.984802663
vn -5.56679843e-05 0.173695982 -0.984799385
vn -2.12916766e-05 0.173627898 -0.984811306
vn -0 0 1
vn 6.65703903e-15 -8.81751561e-08 1
vn -0 0 1
vn -0.363425881 -0.809878528 -0.460454762
vn -0.671579778 -0.607132494 -0.424700886
vn -0.671505094 -0.607210457 -0.424707472
vn 1 7.54979013e-08 -1.6008508e-13
vn 1 7.54979013e-08 -2.50150988e-14
vn 1 7.54979013e-08 -7.53923246e-07
vn -0.0522424132 2.28315553e-08 0.998634517
vn 3.05944722e-15 -4.05236058e-08 1
vn -0.0788792372 -5.95521721e-09 0.996884227
vn -0.0788792372 -5.95521721e-09 0.996884227
vn 3.05944722e-15 -4.05236058e-08 1
vn 1.71571165e-14 -2.27252897e-07 1
vn -0.194693848 0.171455294 0.965762675
vn -0.187583759 0.0962454155 0.977521896
vn -0.187600806 0.0964892879 0.977494657
vn -0.923880517 0.376867503 0.0664520562
vn -0.707109153 0.696363866 0.12277662
vn -0.92387867 0.376871645 0.06645298
vn -0 0 1
vn -0 0 1
vn -0 0 1
vn -0 0 1
vn -0.0522424132 2.28315553e-08 0.998634517
vn -0 0 1
vn 1 7.54979013e-08 -8.80796858e-09
vn 1 7.54979013e-08 3.96959754e-09
vn 1 7.54979013e-08 -0
vn -0.355306983 0.85780704 -0.371381372
vn -0.65655607 0.65651381 -0.371380985
vn -0.355329245 0.857800782 -0.371374339
vn -0.92385 0.376939803 0.066466026
vn -1 5.40897508e-06 9.92670266e-07
vn -1 -5.39526127e-06 -8.20936179e-07
vn 0.700126648 -0.665116489 -0.259697378
vn 0.914738655 -0.348803014 -0.20393531
vn 0.700106561 -0.665145516 -0.259677202
vn -0.216497302 0.531019688 -0.819235742
vn -0.21512109 0.69713968 -0.683899999
vn -0.224780634 0.708677828 -0.668767154
vn 0.355332702 0.857797086 -0.371379584
vn 4.54061592e-06 0.928478897 -0.371385157
vn 1.06153211e-05 0.928478241 -0.371386796
vn -0.923862636 -0.376909733 -0.0664596036
vn -1 2.89407944e-06 4.83644499e-07
vn -1 -3.18036314e-06 -4.89669162e-07
vn 0.857820392 -0.355269939 -0.371385902
vn 0.656533599 -0.656533182 -0.371386439
vn 0.857807815 -0.355303973 -0.371382266
vn -0.202355623 -0.826960742 0.524583817
vn -0.185045347 -0.911678553 0.366879463
vn -0.194893658 -0.916729867 0.348744661
vn 0.98077035 0.195165679 -0
vn 0.923858583 0.382734001 -0
vn 0.98077035 0.195165768 -0
vn 7.20143216e-05 0.173626557 -0.984811544
vn 3.63653589e-06 0.1736449 -0.984808326
vn 2.56711919e-05 0.173636422 -0.984809816
vn -0.857812524 -0.355283797 -0.371390909
vn -0.65651679 -0.656537771 -0.371407896
vn -0.857820928 -0.355274677 -0.371380061
vn 7.00984302e-08 -0.928481817 -0.371377856
vn 0.355273813 -0.857816935 -0.371390253
vn 7.00980181e-08 -0.928476393 -0.371391356
vn 2.08707297e-06 0.173650995 -0.984807312
vn -3.19501996e-05 0.173624426 -0.984812021
vn 4.67939708e-06 0.173619598 -0.984812796
vn 4.67939708e-06 0.173619598 -0.984812796
vn -3.19501996e-05 0.173624426 -0.984812021
vn -6.89579829e-05 0.173628524 -0.984811246
vn 1.16191615e-07 0.173646182 -0.984808147
vn 1.43789421e-05 0.173673168 -0.984803319
vn -1.31098785e-08 0.173645601 -0.984808207
vn 1.43789421e-05 0.173673168 -0.984803319
vn 1.08173992e-07 0.173646256 -0.984808087
vn 1.97901636e-06 0.17364347 -0.984808564
vn 0.177826673 0.97040838 -0.163356274
vn -0.183960572 0.970239937 -0.157457903
vn 0.183960542 0.970239639 -0.157460287
vn 2.56711919e-05 0.173636422 -0.984809816
vn 3.63653589e-06 0.1736449 -0.984808326
vn -1.31094664e-08 0.173640147 -0.98480916
vn 7.43508934e-08 -0.984807432 -0.173649952
vn 7.43508934e-08 -0.984807432 -0.173650354
vn 7.43509005e-08 -0.984807551 -0.173649386
vn -7.54979013e-08 1 -0
vn -5.07029381e-06 1 -0
vn -7.54979013e-08 1 -0
vn 7.95350616e-07 1 -0
vn 2.03290256e-06 1 -0
vn -4.14150293e-07 1 -0
vn 7.95350616e-07 1 -0
vn 2.52482806e-07 1 -0
vn 2.03290256e-06 1 -0
vn -0.710807264 0.698775232 0.080413416
vn -0.921225488 0.386478335 0.0444754213
vn -0.703361392 0.70617193 0.0812648386
vn 0.121591672 -0.49153477 -0.862327695
vn 1.37368306e-06 -0.866044462 -0.499967009
vn 4.49606887e-06 -0.500003994 -0.866023123
vn 3.63653589e-06 0.1736449 -0.984808326
vn 2.86034765e-06 0.173607737 -0.984814882
vn 1.08173992e-07 0.173646256 -0.984808087
vn 7.95350616e-07 1 -0
vn -8.31895761e-07 1 -0
vn 7.73613556e-06 1 -0
vn -3.17659374e-06 1 -0
vn -3.62977789e-06 1 -0
vn -1.16149252e-07 1 -0
vn -1.31101308e-08 0.173648939 -0.98480767
vn -1.3110137e-08 0.173649028 -0.984807611
vn -7.47707008e-06 0.173643768 -0.984808564
vn -1 -7.54979013e-08 -9.82910748e-08
vn -1 -7.54979013e-08 -9.82910748e-08
vn -1 -7.54979013e-08 -9.82910748e-08
vn 7.95350616e-07 1 -0
vn -4.14150293e-07 1 -0
vn -8.31895761e-07 1 -0
vn -1.67562894e-06 1 -0
vn -1.09697862e-06 1 -0
vn -1.32466994e-06 1 -0
vn -0.705670714 -0.683565199 0.186460257
vn -0.991311312 0.0229880251 0.129512876
vn -0.9978894 0.011222383 0.0639600083
vn -1.09697862e-06 1 -0
vn -1.67562894e-06 1 -0
vn -1.93993287e-06 1 -0
vn 0.64531821 0.132668093 -0.752305508
vn 0.596152306 0.375825733 -0.709476948
vn 0.596131742 0.375824183 -0.709494948
vn -1.93990195e-06 1 -0
vn -1.50976405e-06 1 -0
vn -1.12970997e-06 1 -0
vn -0.656517506 -0.656540871 -0.371401221
vn -0.355273664 -0.857816994 -0.371390373
vn -0.65651679 -0.656537771 -0.371407896
vn -1.00255249e-06 1 -0
vn -1.67562894e-06 1 -0
vn -1.16149252e-07 1 -0
vn -0.923851907 -0.376935124 -0.0664650947
vn -1 5.40897508e-06 9.92670266e-07
vn -0.923854053 -0.376930058 -0.0664641932
vn 0.671633601 0.715726078 -0.191427782
vn 0.877493441 0.412313789 -0.24495469
vn 0.877468109 0.412384301 -0.244926587
vn -7.54979013e-08 1 -0
vn -7.54979013e-08 1 -0
vn -7.54979013e-08 1 -0
vn -5.95213434e-09 0.078838408 -0.996887386
vn -5.95228267e-09 0.0788403749 -0.996887267
vn -5.95196425e-09 0.0788361579 -0.996887624
vn 5.06025629e-07 0.984806776 0.173654065
vn 4.18964532e-07 0.984807611 0.173649177
vn 0.38271594 0.909829855 0.160431549
vn 7.43505879e-08 -0.984803379 -0.17367287
vn 7.43505808e-08 -0.984803259 -0.173673883
vn 7.4350595e-08 -0.984803438 -0.173672795
vn -7.4350595e-08 0.984803438 0.173672631
vn -7.4350595e-08 0.984803438 0.173672631
vn -7.4350595e-08 0.984803438 0.173672631
vn 1.08173992e-07 0.173646256 -0.984808087
vn 1.43789421e-05 0.173673168 -0.984803319
vn 1.16191615e-07 0.173646182 -0.984808147
vn -1.44792978e-07 -1 -0
vn -1.19046558e-06 -1 -0
vn -2.13729891e-07 -1 -0
vn -2.50640255e-06 -1 -0
vn -1.19046558e-06 -1 -0
vn -4.75271418e-06 -1 -0
vn -0.606723487 -0.654972732 -0.450441301
vn -0.606749117 -0.654949725 -0.450440317
vn -0.283905953 -0.82935518 -0.481214464
vn -0.680012465 0.679996729 -0.27420336
vn -0.368029028 0.888464451 -0.274199903
vn -0.367998302 0.888479948 -0.274190664
vn 4.46298054e-06 0.173683971 -0.984801531
vn -1.14132908e-05 0.173681527 -0.984801948
vn 2.15468367e-06 0.173589513 -0.984818041
vn 7.4253812e-08 -0.983521581 -0.180791199
vn 2.35099549e-07 -0.983582854 -0.180456951
vn 7.42538759e-08 -0.983522356 -0.180786759
vn 6.69754954e-05 0.0788617507 -0.996885538
vn 5.63196554e-05 0.0788624957 -0.996885478
vn -4.92116123e-06 0.0788545087 -0.996886134
vn 0.857813776 0.355292708 -0.371379435
vn 0.656551719 0.656519294 -0.371378958
vn 0.857804835 0.355313689 -0.371379942
vn -0.368029028 0.888464451 -0.274199903
vn 3.16383239e-06 0.961676538 -0.27418682
vn -0.367998302 0.888479948 -0.274190664
vn -3.80454526e-06 1 -0
vn -1.12970997e-06 1 -0
vn 2.88191563e-06 1 -0
vn 2.88191563e-06 1 -0
vn 2.4028393e-06 1 -0
vn -4.91445178e-07 1 -0
vn -7.54979013e-08 1 -0
vn 2.52482806e-07 1 -0
vn 7.95350616e-07 1 -0
vn -3.90663132e-07 1 -0
vn 7.95350616e-07 1 -0
vn 7.07869674e-07 1 -0
vn -1.93993287e-06 1 -0
vn -1.67562894e-06 1 -0
vn -1.00255249e-06 1 -0
vn -1.00255249e-06 1 -0
vn -1.16149252e-07 1 -0
vn -3.62977789e-06 1 -0
vn 0.991441667 0.130550236 -0
vn 0.991441846 -0.130549356 -0
vn 0.991441786 -0.130550236 -0
vn -0.435957223 0.881885946 -0.179495215
vn -0.436005741 0.881863058 -0.179490209
vn -0.723144531 0.654885054 -0.219516888
vn 0.935931087 0.123221248 -0.329923689
vn 0.817527413 0.472014636 -0.329925835
vn 0.817541063 0.471992761 -0.329923481
vn 1 7.54979013e-08 -0
vn 1 7.54979013e-08 -0
vn 1 7.54979013e-08 -0
vn 0.375219256 -0.858134329 -0.350451112
vn 0.693323672 -0.648832083 -0.313558996
vn 0.693361342 -0.648804128 -0.313533664
vn 0.723069131 -0.540382326 -0.430299819
vn 0.658412933 -0.632265031 -0.408329874
vn 0.646247804 -0.662004232 -0.379623771
vn -3.62977789e-06 1 -0
vn -1.50976405e-06 1 -0
vn -1.93990195e-06 1 -0
vn 0.121591672 -0.49153477 -0.862327695
vn 0.448882103 -0.772703886 -0.448813498
vn 0.121647581 -0.86227113 -0.491620004
vn 0.52785033 0.836097121 -0.149384856
vn 0.606861055 0.769397438 -0.199367121
vn 0.606809616 0.769459367 -0.199284762
vn -0 0 -1
vn 1.25203789e-13 -1.65837434e-06 -1
vn -0 0 -1
vn 7.53579954e-08 -0.998146892 -0.0608507432
vn 7.53579954e-08 -0.998146892 -0.0608507283
vn 7.53579954e-08 -0.998146832 -0.0608507358
vn -1.93990195e-06 1 -0
vn -1.12970997e-06 1 -0
vn -3.80454526e-06 1 -0
vn 7.07869674e-07 1 -0
vn 7.95350616e-07 1 -0
vn 8.18690205e-06 1 -0
vn 0.980578661 0.0340378545 -0.193150446
vn 0.905926168 -0.335522264 -0.258307427
vn 0.980580568 0.0340570547 -0.193137303
vn -2.52469732e-15 3.3440628e-08 1
vn 1.38188301e-15 -1.83035951e-08 1
vn 7.07219233e-15 -9.3674025e-08 1
vn -1.50976405e-06 1 -0
vn -3.62977789e-06 1 -0
vn -3.17659374e-06 1 -0
vn -0.991441727 0.13055028 -0
vn -0.991441607 -0.130550444 -0
vn -0.991441786 0.130549788 -0
vn -1.37026431e-13 1.81497012e-06 1
vn -0 0 1
vn -1.58427306e-15 2.09843325e-08 1
vn -4.62522214e-15 6.12629236e-08 1
vn -1.43964583e-14 1.90686876e-07 1
vn -4.25547015e-14 5.63654112e-07 1
vn -0.0258441325 -0.9385885 -0.344069272
vn -0.0143761933 -0.937314451 -0.348188132
vn -0.00108615169 -0.935662329 -0.352895051
vn -6.89579829e-05 0.173628524 -0.984811246
vn -8.95052362e-05 0.173643813 -0.984808505
vn -3.03953693e-05 0.173651144 -0.984807253
vn 0.511758626 0.851706386 -0.112691291
vn 0.24775885 0.968370557 -0.0295637026
vn 0.52785033 0.836097121 -0.149384856
vn 0.646247804 -0.662004232 -0.379623771
vn 0.408792585 -0.843232512 -0.349066943
vn 0.481725335 -0.819522977 -0.310359061
vn -0.196289346 0.980529666 -0.00567751471
vn -0.184928179 0.982704878 -0.00962959323
vn -0.209194615 0.977873325 -0.00117482687
vn -1 -7.54979013e-08 -1.87085849e-08
vn -1 -7.54979013e-08 5.44985923e-09
vn -1 -7.54979013e-08 -0
vn -4.62522214e-15 6.12629236e-08 1
vn -4.25547015e-14 5.63654112e-07 1
vn -4.07094944e-14 5.39213602e-07 1
vn -1.37026431e-13 1.81497012e-06 1
vn -1.58427306e-15 2.09843325e-08 1
vn 1.87504268e-13 -2.48356923e-06 1
vn 0.914753258 0.397481352 -0.0723534003
vn 0.700107992 0.713844597 -0.0165756084
vn 0.914744556 0.397501677 -0.0723534375
vn -0.368011922 -0.888470411 -0.274203479
vn -0.680027246 -0.679987252 -0.274190217
vn -0.367951959 -0.88848573 -0.274234474
vn -4.62522214e-15 6.12629236e-08 1
vn -2.62991872e-14 3.48343292e-07 1
vn -1.43964583e-14 1.90686876e-07 1
vn -0 0 1
vn -0 0 1
vn -0 0 1
vn -1.58427306e-15 2.09843325e-08 1
vn -2.62991872e-14 3.48343292e-07 1
vn -4.62522214e-15 6.12629236e-08 1
vn 1.87504268e-13 -2.48356923e-06 1
vn -1.58427306e-15 2.09843325e-08 1
vn 7.24960185e-14 -9.60238822e-07 1
vn 0.923899412 0.382635474 -0
vn 0.995182931 0.0980355069 -2.73989453e-08
vn 0.923899353 0.382635564 -0
vn 0.000466705358 -0.988636553 -0.150324777
vn 0.000466705358 -0.988636553 -0.150324777
vn 0.00039908351 -0.988470554 -0.151412681
vn -1.87464175e-05 0.17364189 -0.984808862
vn -2.02490464e-05 0.173670024 -0.984803915
vn -2.44709918e-05 0.17367734 -0.984802663
vn -1.71957272e-05 0.173652738 -0.984806955
vn -2.02490464e-05 0.173670024 -0.984803915
vn -1.87464175e-05 0.17364189 -0.984808862
vn -1 -7.54979013e-08 -0
vn -1 -7.54979013e-08 1.98867145e-08
vn -1 -7.54979013e-08 2.71169199e-07
vn 0.888473213 0.368014455 -0.274190992
vn 0.961682141 -6.0117668e-06 -0.274166793
vn 0.961682379 9.59942668e-07 -0.274166048
vn -0.0977006182 0.988690913 0.113775671
vn -7.50029159e-08 0.993443668 0.114322253
vn -0.0984330773 0.988619328 0.11376702
vn 0.700108349 0.71384418 -0.0165757686
vn 0.70014894 0.713805318 -0.0165361278
vn 0.378911138 0.925201356 0.0207061749
vn 0.990107954 0.0243506283 -0.138178274
vn 0.914733112 0.397524834 -0.0723693073
vn 0.914718509 0.397556007 -0.0723828077
vn -1 -7.54979013e-08 1.35337359e-07
vn -1 -7.54979013e-08 1.98867145e-08
vn -1 -7.54979013e-08 -4.61384069e-08
vn -0.700108707 0.713843822 -0.0165756959
vn -0.700107455 0.713845134 -0.0165756438
vn -0.914753735 0.397480309 -0.0723532736
vn 0.38268289 -0.909842312 -0.160439476
vn 0.382759511 -0.909803927 -0.160474211
vn 0.707119465 -0.696345329 -0.122822359
vn -0.00244786241 0.151481241 -0.988457143
vn -0.00245333975 0.15145722 -0.988460779
vn -0.00244934135 0.151458621 -0.9884606
vn -1.09697862e-06 1 -0
vn -5.40747351e-07 1 -0
vn -1.32466994e-06 1 -0
vn -0.00244756113 0.151465639 -0.988459527
vn -0.00244786241 0.151481241 -0.988457143
vn -0.00244934135 0.151458621 -0.9884606
vn -0.865975678 -0.492505491 -0.086743407
vn -0.865975678 -0.492505491 -0.086743407
vn -0.865975678 -0.492505491 -0.086743407
vn 0.914744556 0.397501677 -0.0723534375
vn 0.990113437 0.024353765 -0.138138622
vn 0.99011445 0.0243421476 -0.138133749
vn 0.914738655 -0.348803014 -0.20393531
vn 0.914738894 -0.348774195 -0.203983665
vn 0.990107954 0.0243506283 -0.138178274
vn -0.17782785 0.970408618 -0.16335319
vn -0.18400678 0.964275062 0.190565228
vn -0.183960572 0.970239937 -0.157457903
vn 0.907378316 -0.0730264783 -0.413922459
vn 0.426407844 -0.558440268 -0.711562335
vn 0.602892041 -0.138484612 -0.785711944
vn -0.707103968 0.696365535 0.122796543
vn -0.38271901 0.909824789 0.160452381
vn -0.382710069 0.909828484 0.160453081
vn 0.707120001 0.696344793 0.122821815
vn 0.38267678 0.909844458 0.160441712
vn 0.382754207 0.909806848 0.160470247
vn 0.92385745 -0.376920879 -0.0664690658
vn 0.707122087 -0.696347713 -0.122793399
vn 0.707089305 -0.696378052 -0.122810148
vn -7.43506021e-08 0.984803557 0.173672333
vn -7.43506021e-08 0.984803557 0.173672333
vn -7.43506021e-08 0.984803557 0.173672333
vn -1 -7.54979013e-08 -0
vn -1 -7.54979013e-08 -0
vn -1 -7.54979013e-08 -0
vn -0.38270998 -0.909831822 -0.160434395
vn -0.707121909 -0.696347952 -0.122793421
vn -0.707089424 -0.696377993 -0.122810155
vn 0.923904538 0.376809806 0.0664436296
vn 1 -1.5458374e-05 -2.79894994e-06
vn 0.923914135 0.376787007 0.0664411038
vn 1 7.54979013e-08 -1.36593883e-07
vn 1 7.54979013e-08 -5.90831814e-06
vn 1 7.54979013e-08 -6.9499647e-06
vn -0.38266331 -0.923887849 -0
vn -0.752337873 -0.658777416 -0
vn -0.707106829 -0.707106769 -0
vn -0.210990712 0.531693816 0.820234537
vn -0.202651381 0.369628578 0.906811535
vn -0.21110636 0.348963618 0.913049102
vn 1.51726738e-07 -0.984804392 -0.173667148
vn -0.38270998 -0.909831822 -0.160434395
vn 4.80600363e-07 -0.984810829 -0.173630401
vn 1.30700319e-05 0.173651785 -0.984807134
vn -1.83708398e-05 0.173667446 -0.984804332
vn -8.7737244e-06 0.173677549 -0.984802604
vn -0.923858285 0.376918823 0.0664687306
vn -0.707103968 0.696365535 0.122796543
vn -0.923869431 0.376894921 0.0664493218
vn -3.23731228e-06 0.984802902 0.173675448
vn 0.382713258 0.909827292 0.160452679
vn 3.0498436e-06 0.984803081 0.173674852
vn 1 -6.15324689e-06 -4.43701367e-07
vn 0.923904896 -0.37680912 -0.0664424747
vn 1 -5.58286092e-06 -9.86585633e-07
vn -0.38271901 0.909824789 0.160452381
vn 3.0498436e-06 0.984803081 0.173674852
vn -0.382710069 0.909828484 0.160453081
vn -1 -7.54979013e-08 4.73832074e-07
vn -1 -7.54979013e-08 -1.47248286e-07
vn -1 -7.54979013e-08 -2.20995457e-06
vn -1 -7.54979013e-08 -5.89666683e-07
vn -1 -7.54979013e-08 -6.31690455e-07
vn -1 -7.54979013e-08 -8.8465049e-06
vn 5.58475813e-06 0.173659638 -0.984805822
vn 9.93652179e-07 0.173654124 -0.984806716
vn -1.03695641e-06 0.17365323 -0.984806836
vn -1 -5.54081407e-06 -2.41828138e-06
vn -0.923885405 -0.376858473 -0.0664329976
vn -0.923882008 -0.376867205 -0.066432111
vn -0.914744914 0.397500575 -0.072353512
vn -0.914753735 0.397480309 -0.0723532736
vn -0.990114391 0.0243428275 -0.138133749
vn 6.46801664e-06 -0.98480624 -0.173656732
vn -0.38269195 -0.909838736 -0.160438105
vn -6.14496275e-06 -0.98480618 -0.173657581
vn 3.43824063e-13 -4.55408781e-06 -1
vn 1.85288837e-13 -2.45422507e-06 -1
vn 8.59483789e-14 -1.13842077e-06 -1
vn 0.707106531 0.707107067 -0
vn 0.923872769 0.382699877 -0
vn 0.923872352 0.382700741 -0
vn 8.15949388e-05 0.995973825 0.0896447003
vn -0.426352441 0.768044353 -0.477840364
vn -0.641626298 0.765800178 -0.0431967601
vn -0.70710659 -0.707107008 -0
vn -0.707106709 -0.707106829 -0
vn -0.707106411 -0.707107186 -0
vn -1 -7.54979013e-08 5.89534011e-07
vn -1 -7.54979013e-08 4.73832074e-07
vn -1 -7.54979013e-08 8.83972098e-06
vn 2.023856e-05 0.914486229 0.404617161
vn 0.641573191 0.765836358 -0.0433414429
vn 8.15949388e-05 0.995973825 0.0896447003
vn 0.707122087 -0.696347713 -0.122793399
vn 0.382710427 -0.909831643 -0.16043435
vn 0.707089305 -0.696378052 -0.122810148
vn -1.19413362e-05 0.984805107 0.173663601
vn 0.382693529 0.909836948 0.160444736
vn 0.382691115 0.909839034 0.160438284
vn 0.382710427 -0.909831643 -0.16043435
vn 1.51726738e-07 -0.984804392 -0.173667148
vn 4.80600363e-07 -0.984810829 -0.173630401
vn 2.33321907e-06 1 -0
vn -3.90663132e-07 1 -0
vn -2.02740102e-06 1 -0
vn -0.923902988 -0.376814008 -0.066441454
vn -1 -1.57544491e-05 -2.86302907e-06
vn -0.923904181 -0.376810461 -0.0664454848
vn -0.949807227 0.0543742664 -0.308074236
vn -0.877467871 0.412366599 -0.244957179
vn -0.877540767 0.412211776 -0.244956478
vn -0.210986823 -0.531499326 -0.820361614
vn -0.202685788 -0.369609743 -0.906811535
vn -0.211099371 -0.349042714 -0.913020432
vn 1 -1.5458374e-05 -2.79894994e-06
vn 0.923903346 -0.376813412 -0.0664414167
vn 0.923903644 -0.376811683 -0.0664456487
vn -0.9239043 0.3768107 0.0664434209
vn -0.70711267 0.696357191 0.122794189
vn -0.923914492 0.376785845 0.0664409548
vn -1 -7.54979013e-08 1.74137838e-07
vn -1 -7.54979013e-08 -7.41595443e-07
vn -1 -7.54979013e-08 -7.39233457e-08
vn -8.7737244e-06 0.173677549 -0.984802604
vn -1.71957272e-05 0.173652738 -0.984806955
vn -1.34220352e-06 0.173645705 -0.984808266
vn 3.31672345e-05 0.173622087 -0.984812438
vn -1.98438811e-05 0.173629478 -0.984811127
vn -1.31061224e-08 0.173595846 -0.984816968
vn 7.48215871e-06 0.180591494 -0.983558238
vn 8.83519606e-05 0.180507585 -0.983573616
vn 3.06895599e-05 0.180586487 -0.983559132
vn -0.70711267 0.696357191 0.122794189
vn -0.382684618 0.909841239 0.160441503
vn -0.382696539 0.909836233 0.160441875
vn 0.996919513 7.52653335e-08 -0.0784319118
vn 0.951045454 7.18019351e-08 -0.309051007
vn 0.996919572 7.52653335e-08 -0.0784304887
vn 2.55060768e-05 0.173664019 -0.984805048
vn -1.37129036e-05 0.173669606 -0.984803975
vn 1.30700319e-05 0.173651785 -0.984807134
vn -1 -1.57544491e-05 -2.86302907e-06
vn -0.9239043 0.3768107 0.0664434209
vn -0.923914492 0.376785845 0.0664409548
vn -6.51084008e-07 -0.984802961 -0.173675418
vn 0.382657677 -0.909846187 -0.160477385
vn 0.382659316 -0.909857094 -0.160412058
vn 0.382693529 0.909836948 0.160444736
vn 0.70711261 0.696357191 0.122794427
vn 0.382691115 0.909839034 0.160438284
vn 0.382635802 0.923899233 -0
vn 0.707106054 0.707107484 -0
vn 0.382633328 0.923900306 -0
vn -0.38269484 0.909842432 0.160410121
vn 6.63823857e-06 0.984810889 0.173630536
vn 1.19718197e-05 0.98481077 0.173631161
vn 1 7.54979013e-08 -0
vn 1 7.54979013e-08 -0
vn 1 7.54979013e-08 -0
vn -1 -7.54979013e-08 -4.80882845e-09
vn -1 -7.54979013e-08 7.13260079e-06
vn -1 -7.54979013e-08 3.37362762e-05
vn -0.363584191 0.918457448 -0.155699953
vn -1.0485379e-07 0.989702463 -0.143139869
vn -2.82545436e-08 0.989701569 -0.143146649
vn 1.2330985e-13 -1.63328843e-06 -1
vn 1.85288837e-13 -2.45422507e-06 -1
vn 3.43824063e-13 -4.55408781e-06 -1
vn 7.48215871e-06 0.180591494 -0.983558238
vn 3.06895599e-05 0.180586487 -0.983559132
vn -7.50899517e-06 0.1805906 -0.983558357
vn -0 0 -1
vn -0 0 -1
vn -0 0 -1
vn -0.997886658 -0.0324686766 0.0562861748
vn -0.703112066 -0.555398464 -0.444033831
vn -0.705663025 -0.643502057 -0.296554923
vn -1 -7.54979013e-08 3.02492964e-07
vn -1 -7.54979013e-08 7.13476129e-06
vn -1 -7.54979013e-08 3.40628048e-06
vn 0.877505779 -0.303644955 -0.3711918
vn 0.671512842 -0.607197881 -0.424713105
vn 0.877474666 -0.303721011 -0.371203363
vn -0.70554167 0.578664482 0.409094661
vn -0.994280398 0.0535291843 -0.0924179778
vn -0.997886658 -0.0324686766 0.0562861748
vn -0.707089543 0.696380734 0.122793354
vn -0.382713079 0.909830749 0.160433099
vn -0.382711381 0.909832239 0.160428226
vn -7.54979013e-08 1 -0
vn -7.54979013e-08 1 -0
vn -7.54979013e-08 1 -0
vn 6.20784122e-05 0.18042627 -0.983588517
vn 8.83519606e-05 0.180507585 -0.983573616
vn -6.22077714e-05 0.180431142 -0.983587623
vn 0.382695764 -0.909837306 -0.160437152
vn -6.14496275e-06 -0.98480618 -0.173657581
vn 0.382686079 -0.90984112 -0.160438612
vn -2.02740102e-06 1 -0
vn -3.90663132e-07 1 -0
vn -1.58829039e-06 1 -0
vn -0.923867583 0.376897573 0.0664597824
vn -0.707089543 0.696380734 0.122793354
vn -0.923868895 0.376894325 0.0664595738
vn -1 -7.54979013e-08 5.87457635e-07
vn -1 -7.54979013e-08 4.30951843e-07
vn -1 -7.54979013e-08 -2.53221733e-05
vn -0.671634436 0.715726554 -0.191422895
vn -0.363564134 0.918465734 -0.155698076
vn -0.363584191 0.918457448 -0.155699953
vn 0.877493441 0.412313789 -0.24495469
vn 0.949809551 0.0543491431 -0.308071434
vn 0.877468109 0.412384301 -0.244926587
vn 0.949809849 0.0543432347 -0.308071524
vn 0.877474666 -0.303721011 -0.371203363
vn 0.949809551 0.0543491431 -0.308071434
vn -1 -7.54979013e-08 1.74137838e-07
vn -1 -7.54979013e-08 7.1415279e-08
vn -1 -7.54979013e-08 1.71837101e-07
vn 0.707104266 0.696366191 0.122791037
vn 0.923891068 0.376841784 0.0664501488
vn 0.9238922 0.376838803 0.0664497837
vn -0.671579778 -0.607132494 -0.424700886
vn -0.877522051 -0.303566009 -0.371218026
vn -0.671505094 -0.607210457 -0.424707472
vn 1.68313327e-05 0.173642471 -0.984808803
vn 1.61339158e-05 0.173668265 -0.984804213
vn 5.60818626e-05 0.173690379 -0.984800339
vn 0.707115889 -0.696357608 -0.122773215
vn 0.382626146 -0.909869373 -0.160421401
vn 0.707088411 -0.696385384 -0.122773975
vn -1 -7.54979013e-08 -0
vn -1 -7.54979013e-08 -4.80882845e-09
vn -1 -7.54979013e-08 -0
vn -0.923877358 0.376872689 0.0664651692
vn -1 -2.31069826e-05 -1.14274762e-05
vn -1 1.67625021e-05 1.02855902e-05
vn -0 0 -1
vn -0 0 -1
vn -0 0 -1
vn -0.382684469 0.909842074 0.160436928
vn -0.707091749 0.696372926 0.122825272
vn -0.707119107 0.696346521 0.122817159
vn 0.70711726 0.69634831 0.122817606
vn 0.707091928 0.696372688 0.122825824
vn 0.382685661 0.909841597 0.160437331
vn -1.0485379e-07 0.989702463 -0.143139869
vn 0.363583624 0.918457687 -0.15569979
vn -2.82545436e-08 0.989701569 -0.143146649
vn -0.923880577 -0.376868606 -0.0664436892
vn -0.707103372 -0.696368337 -0.122784398
vn -0.923864603 -0.376905143 -0.0664589256
vn 0.705619872 0.706164479 -0.0585861802
vn 0.991311073 0.0229822602 0.129515633
vn 0.9978894 0.0112241311 0.0639591739
vn 1 7.54979013e-08 -0
vn 1 7.54979013e-08 8.48643822e-08
vn 1 7.54979013e-08 6.33393e-08
vn -0.923877716 -0.376871824 -0.0664657727
vn -0.923871934 -0.376884371 -0.0664749965
vn -0.707121253 -0.696343601 -0.122821651
vn -0.707103968 0.707109571 -0
vn -0.923886895 0.382665634 -0
vn -0.923883677 0.382673442 -0
vn -0.382713079 0.909830749 0.160433099
vn 5.72880617e-06 0.984807014 0.173652396
vn -0.382711381 0.909832239 0.160428226
vn -1 -7.54979013e-08 -0
vn -1 -7.54979013e-08 7.1415279e-08
vn -1 -7.54979013e-08 -0
vn -1 1.06511507e-05 -0
vn -0.923884451 -0.382671654 -0
vn -0.923889637 -0.382659048 -0
vn 0.363488019 -0.809839487 -0.460474283
vn 1.22275509e-07 -0.881045938 -0.473030657
vn 0.363416404 -0.80987829 -0.460462421
vn -6.05571679e-15 8.02103983e-08 1
vn -4.23038832e-15 5.60331905e-08 1
vn -8.83233272e-15 1.16987792e-07 1
vn 0.923874915 -0.382694632 -0
vn 0.707109988 -0.70710361 -0
vn 0.923874557 -0.382695407 -0
vn 0.70566684 -0.683571517 0.186451748
vn -7.03160993e-07 -0.953343034 0.301889449
vn 1.66507689e-05 -0.971461952 0.237195805
vn -7.54979013e-08 1 -0
vn -5.40747351e-07 1 -0
vn -8.90990862e-07 1 -0
vn 0.707116008 -0.696354032 -0.122792333
vn 0.382686079 -0.90984112 -0.160438612
vn 0.707117975 -0.696352065 -0.122792505
vn -0.38266331 -0.923887849 -0
vn 6.53616416e-06 -1 -0
vn -0.382663429 -0.923887849 -0
vn 7.81471135e-06 -0.999854386 -0.0170681737
vn -3.54097392e-06 -0.999854445 -0.0170609672
vn 5.63613776e-06 -0.999854505 -0.017061431
vn 7.81471135e-06 -0.999854386 -0.0170681737
vn -2.20501461e-05 -0.999854505 -0.0170562379
vn -1.92591197e-05 -0.999854624 -0.017053524
vn 5.60818626e-05 0.173690379 -0.984800339
vn 1.61339158e-05 0.173668265 -0.984804213
vn 2.55060768e-05 0.173664019 -0.984805048
vn 7.81471135e-06 -0.999854386 -0.0170681737
vn 5.63613776e-06 -0.999854505 -0.017061431
vn -2.20501461e-05 -0.999854505 -0.0170562379
vn -3.54097392e-06 -0.999854445 -0.0170609672
vn -2.6844823e-06 -0.999854207 -0.0170738921
vn -4.96746816e-06 -0.999854207 -0.0170804858
vn 1.61339158e-05 0.173668265 -0.984804213
vn -1.37129036e-05 0.173669606 -0.984803975
vn 2.55060768e-05 0.173664019 -0.984805048
vn -0.707095861 0.696374774 0.122790836
vn -0.923850238 0.376939297 0.066463992
vn -0.92385 0.376939803 0.066466026
vn 2.62839803e-05 0.173923612 -0.984759152
vn 3.51587869e-06 0.17363438 -0.984810174
vn -1.33039339e-05 0.173731208 -0.984793127
vn -1.92591197e-05 -0.999854624 -0.017053524
vn -2.20501461e-05 -0.999854505 -0.0170562379
vn 7.54869376e-08 -0.999854803 -0.0170372408
vn -4.96746816e-06 -0.999854207 -0.0170804858
vn -2.6844823e-06 -0.999854207 -0.0170738921
vn 2.22882463e-05 -0.999854505 -0.0170562342
vn -0.935926676 -0.123294637 -0.32990855
vn -0.817501366 -0.472075433 -0.329903454
vn -0.935937762 -0.123239093 -0.329898
vn -0.426469475 0.281338066 -0.859635234
vn -7.89704864e-05 0.820452213 -0.571715117
vn -0.000100708152 0.455385149 -0.890294552
vn 2.62839803e-05 0.173923612 -0.984759152
vn 7.56552181e-05 0.173665076 -0.984804809
vn 3.51587869e-06 0.17363438 -0.984810174
vn 7.54869376e-08 -0.999854803 -0.0170372408
vn -2.20501461e-05 -0.999854505 -0.0170562379
vn 7.54869447e-08 -0.999854922 -0.0170372427
vn 2.22882463e-05 -0.999854505 -0.0170562342
vn 1.94024469e-05 -0.999854624 -0.0170535259
vn 7.54869447e-08 -0.999854863 -0.0170372464
vn -0.707076848 0.696391046 0.122807972
vn -0.707113385 0.696351469 0.12282265
vn -0.923880637 0.376866579 0.0664551482
vn 4.08829828e-06 -0.98480767 -0.173648715
vn -0.382715017 -0.909830868 -0.160427853
vn -0.382660121 -0.909855545 -0.160418928
vn -0.707095861 0.696374774 0.122790836
vn -0.382731706 0.909824014 0.160426289
vn -0.707106888 0.69636488 0.122783966
vn 0.923858345 0.376918465 0.0664687827
vn 1 1.29691743e-05 -1.86561726e-06
vn 0.923869371 0.376894951 0.0664492249
vn 0.923882246 0.376865238 0.0664401799
vn 1 1.06662401e-05 1.96944279e-06
vn 1 7.01495492e-06 1.2065467e-06
vn 2.22882463e-05 -0.999854505 -0.0170562342
vn 7.54869447e-08 -0.999854863 -0.0170372464
vn 7.54869447e-08 -0.999854863 -0.0170372427
vn -8.90990862e-07 1 -0
vn -5.40747351e-07 1 -0
vn -1.09697862e-06 1 -0
vn -1.34220352e-06 0.173645705 -0.984808266
vn -1.71957272e-05 0.173652738 -0.984806955
vn -1.87464175e-05 0.17364189 -0.984808862
vn 0.500020444 -0.866013706 -0
vn 0.13055025 -0.991441727 -0
vn 0.130550742 -0.991441607 -0
vn -5.26565645e-06 0.0788530409 -0.996886253
vn 3.32369091e-05 0.0788594261 -0.996885777
vn -0.000207101417 0.078875646 -0.996884406
vn -0.877522051 -0.303566009 -0.371218026
vn -0.949801743 0.0543639399 -0.308093071
vn -0.949807227 0.0543742664 -0.308074236
vn 0.382669479 -0.923885286 -0
vn 0.707103729 -0.707109809 -0
vn 0.382669717 -0.923885226 -0
vn -0.382635921 0.923899233 -0
vn -0.0980343223 0.995182991 -0
vn -0.382633388 0.923900187 -0
vn -2.10549433e-06 0.984807074 0.173652306
vn 0.382676125 0.909846246 0.160433695
vn 5.72880617e-06 0.984807014 0.173652396
vn 0.382687032 -0.909841716 -0.160432771
vn 0.707117319 -0.696353495 -0.122788131
vn 0.707114577 -0.696356177 -0.122788712
vn -1 -7.54979013e-08 -0
vn -1 -7.54979013e-08 -0
vn -1 -7.54979013e-08 -0
vn 0.991441786 -0.130550236 -0
vn 0.866013944 -0.500019908 -0
vn 0.866013169 -0.500021219 -0
vn 0.923874974 0.376880288 0.0664554536
vn 1 5.5793148e-06 1.06037953e-06
vn 0.923874795 0.376881033 0.0664530918
vn 0.707110047 0.696360886 0.122787908
vn 0.923874795 0.376881033 0.0664530918
vn 0.70712018 0.696351826 0.122781195
vn -1 -7.54979013e-08 1.53806809e-07
vn -1 -7.54979013e-08 2.35164507e-07
vn -1 -7.54979013e-08 2.92527432e-07
vn 0.363416404 -0.80987829 -0.460462421
vn 0.671600342 -0.607094169 -0.424723178
vn 0.363488019 -0.809839487 -0.460474283
vn -0.382713407 -0.909831047 -0.160430744
vn -0.70710206 -0.696368456 -0.122791
vn -0.382728755 -0.909824789 -0.160429612
vn -1.34441167e-12 1.78072714e-05 -1
vn -3.6665339e-14 4.85647149e-07 -1
vn -2.89131186e-13 3.82965845e-06 -1
vn -3.50569107e-15 4.6434284e-08 1
vn 1.11482927e-14 -1.47663613e-07 1
vn -6.97707137e-14 9.24141091e-07 1
vn 1 7.54979013e-08 -0
vn 1 7.54979013e-08 -0
vn 1 7.54979013e-08 -0
vn 1.2448937e-05 -0.989724159 0.142989799
vn 0.363493472 -0.918518364 0.155552208
vn 0.363501608 -0.918516219 0.155546144
vn 2.87034421e-13 -3.80188612e-06 1
vn 1.11482927e-14 -1.47663613e-07 1
vn -2.07443072e-13 2.74766671e-06 1
vn 5.41118528e-13 -7.16733211e-06 1
vn 1.11482927e-14 -1.47663613e-07 1
vn -9.65567578e-13 1.278933e-05 1
vn -2.44709918e-05 0.17367734 -0.984802663
vn -2.12916766e-05 0.173627898 -0.984811306
vn 2.08707297e-06 0.173650995 -0.984807312
vn -2.07443072e-13 2.74766671e-06 1
vn 1.11482927e-14 -1.47663613e-07 1
vn 5.41118528e-13 -7.16733211e-06 1
vn 0.707114577 -0.696356177 -0.122788712
vn 0.923879087 -0.376870453 -0.0664532632
vn 0.923877001 -0.37687549 -0.066454716
vn -3.19501996e-05 0.173624426 -0.984812021
vn -8.95052362e-05 0.173643813 -0.984808505
vn -6.89579829e-05 0.173628524 -0.984811246
vn 0.70566684 -0.683571517 0.186451748
vn 0.99423641 -0.0187591612 -0.105555691
vn 0.9978894 0.0112241311 0.0639591739
vn -0.707106292 0.707107246 -0
vn -0.707106769 0.707106829 -0
vn -0.707106173 0.707107425 -0
vn -0 0 1
vn -3.50569107e-15 4.6434284e-08 1
vn -0 0 1
vn -0 0 1
vn -3.50569107e-15 4.6434284e-08 1
vn -4.93420476e-14 6.53555219e-07 1
vn -0 0 1
vn -3.50569107e-15 4.6434284e-08 1
vn -0 0 1
vn -6.18061985e-14 8.18647891e-07 1
vn -6.97707137e-14 9.24141091e-07 1
vn -0 0 1
vn 1 7.54979013e-08 -0
vn 1 7.54979013e-08 -0
vn 1 7.54979013e-08 -0
vn 0.527232289 0.634933352 -0.564699709
vn 0.285330981 0.79412353 -0.536613524
vn 0.285341412 0.794115007 -0.536620736
vn -1 -7.54979013e-08 -4.20533386e-10
vn -1 -7.54979013e-08 -4.44879014e-08
vn -1 -7.54979013e-08 -0
vn -6.97707137e-14 9.24141091e-07 1
vn 1.11482927e-14 -1.47663613e-07 1
vn 2.70802193e-15 -3.58688368e-08 1
vn 2.70802193e-15 -3.58688368e-08 1
vn 1.11482927e-14 -1.47663613e-07 1
vn 2.87034421e-13 -3.80188612e-06 1
vn -1.21406764e-13 1.60808133e-06 1
vn -4.93420476e-14 6.53555219e-07 1
vn -3.50569107e-15 4.6434284e-08 1
vn 0.923891068 0.376841784 0.0664501488
vn 1 -5.58286092e-06 -9.86585633e-07
vn 0.9238922 0.376838803 0.0664497837
vn -0.363488317 -0.918519974 0.155554831
vn -0.671652615 -0.71574074 0.191306174
vn -0.363476455 -0.918527782 0.155536786
vn -0 0 1
vn -4.93420476e-14 6.53555219e-07 1
vn -1.21406764e-13 1.60808133e-06 1
vn 0.914733112 0.397524834 -0.0723693073
vn 0.700108349 0.71384418 -0.0165757686
vn 0.914718509 0.397556007 -0.0723828077
vn -3.50569107e-15 4.6434284e-08 1
vn -6.97707137e-14 9.24141091e-07 1
vn -6.18061985e-14 8.18647891e-07 1
vn -9.79730612e-06 0.173658118 -0.984805942
vn 1.37543711e-05 0.173653081 -0.984806895
vn -1.97552095e-06 0.173654348 -0.984806657
vn -0.996920705 -7.52654188e-08 0.0784166902
vn -0.9510566 -7.18027806e-08 0.309016854
vn -0.996920824 -7.5265433e-08 0.0784149915
vn 2.13156982e-05 0.173632443 -0.984810531
vn 1.37543711e-05 0.173653081 -0.984806895
vn -5.2052892e-05 0.17372711 -0.984793901
vn -5.2052892e-05 0.17372711 -0.984793901
vn 1.37543711e-05 0.173653081 -0.984806895
vn 0.000135274648 0.173533425 -0.984827995
vn -0.587830245 -4.43799486e-08 0.808984339
vn -0.30894807 -2.33249313e-08 0.951078892
vn -0.308948159 -2.33249384e-08 0.951078892
vn -7.54979013e-08 1 -0
vn -7.54979013e-08 1 -0
vn -7.54979013e-08 1 -0
vn 3.61811118e-07 1 -0
vn -7.54979013e-08 1 -0
vn -7.54979013e-08 1 -0
vn -1.8613222e-05 0.173658416 -0.984805942
vn 1.37543711e-05 0.173653081 -0.984806895
vn -9.79730612e-06 0.173658118 -0.984805942
vn -0 0 1
vn -1.21406764e-13 1.60808133e-06 1
vn -0 0 1
vn -3.50569107e-15 4.6434284e-08 1
vn -6.18061985e-14 8.18647891e-07 1
vn -0 0 1
vn -9.79730612e-06 0.173658118 -0.984805942
vn -1.97552095e-06 0.173654348 -0.984806657
vn 7.41412077e-05 0.173791215 -0.984782577
vn 0.00010427316 0.173471496 -0.984838903
vn -1.8613222e-05 0.173658416 -0.984805942
vn -0.000252782454 0.173827022 -0.984776258
vn -1.8613222e-05 0.173658416 -0.984805942
vn -9.79730612e-06 0.173658118 -0.984805942
vn -1.64447749e-06 0.173662215 -0.984805286
vn 0.983486831 -0.127979875 -0.127964437
vn 0.866642177 -1.39802014e-05 -0.498930156
vn 0.992186248 -2.02218962e-06 -0.124766208
vn 0.382596046 0.909882545 0.160418749
vn 0.707109272 0.696363688 0.122776791
vn 0.382615536 0.909874082 0.160419956
vn -3.32384866e-06 0.173629612 -0.984811068
vn -4.03813501e-05 0.173657477 -0.98480612
vn -4.84636257e-06 0.173608094 -0.984814823
vn 5.66724248e-06 -0.121305123 0.992615342
vn -0.00185253727 -0.121485099 0.9925915
vn 2.33634546e-06 -0.121312514 0.992614388
vn -1.97552095e-06 0.173654348 -0.984806657
vn 1.37543711e-05 0.173653081 -0.984806895
vn 2.13156982e-05 0.173632443 -0.984810531
vn 9.15746323e-09 -0.121294275 0.992616653
vn -0.00185253727 -0.121485099 0.9925915
vn 5.66724248e-06 -0.121305123 0.992615342
vn -2.21576156e-05 0.173686489 -0.984800994
vn -3.00838165e-05 0.173678964 -0.984802306
vn -1.57620452e-05 0.173658937 -0.984805942
vn 0.0001368339 0.173692584 -0.984799922
vn 1.37543711e-05 0.173653081 -0.984806895
vn 9.71864119e-06 0.173676461 -0.984802783
vn -0.0823162869 0.983423233 -0.161563769
vn -0.436005741 0.881863058 -0.179490209
vn -0.435957223 0.881885946 -0.179495215
vn -2.67315727e-06 0.173603773 -0.984815657
vn 2.36764827e-05 0.173628479 -0.984811246
vn 1.53865749e-05 0.173666134 -0.98480463
vn 9.71864119e-06 0.173676461 -0.984802783
vn -1.8613222e-05 0.173658416 -0.984805942
vn -4.28427848e-05 0.173720032 -0.984795094
vn 3.18276459e-14 -4.21569951e-07 -1
vn 4.17031556e-14 -5.52375013e-07 -1
vn 5.52440411e-14 -7.31729472e-07 -1
vn -1 -7.54979013e-08 1.00671639e-06
vn -1 -7.54979013e-08 1.00671639e-06
vn -1 -7.54979013e-08 1.00671639e-06
vn 1.37543711e-05 0.173653081 -0.984806895
vn -8.4078747e-06 0.173664376 -0.984804869
vn 1.61703463e-06 0.173669264 -0.984803975
vn 9.15743037e-09 -0.121293835 0.992616653
vn -0.00185253727 -0.121485099 0.9925915
vn 9.15746323e-09 -0.121294275 0.992616653
vn -8.4078747e-06 0.173664376 -0.984804869
vn 1.37543711e-05 0.173653081 -0.984806895
vn 0.0001368339 0.173692584 -0.984799922
vn -4.28427848e-05 0.173720032 -0.984795094
vn -1.8613222e-05 0.173658416 -0.984805942
vn 0.00010427316 0.173471496 -0.984838903
vn -0.991441727 0.13055028 -0
vn -0.866014063 0.50001961 -0
vn -0.866012871 0.500021577 -0
vn -3.90663132e-07 1 -0
vn 3.61811118e-07 1 -0
vn -7.54979013e-08 1 -0
vn -1.58829039e-06 1 -0
vn -3.90663132e-07 1 -0
vn 7.73614738e-06 1 -0
vn 5.68907517e-08 -0.753540874 -0.657401204
vn 5.68907517e-08 -0.753540874 -0.657401204
vn 5.68907517e-08 -0.753540814 -0.657401204
vn -0.59618777 -0.11053282 -0.795199811
vn -0.456265062 -0.316671044 -0.831589818
vn -0.456273556 -0.316653669 -0.831591785
vn -5.68907517e-08 0.753540874 -0.657401204
vn -5.68907517e-08 0.753540874 -0.657401204
vn -5.68907517e-08 0.753540814 -0.657401204
vn -0.707115352 -0.69635576 -0.122786678
vn -0.923862636 -0.376909733 -0.0664596036
vn -0.707113683 -0.696357012 -0.122789085
vn -0.707113683 -0.696357012 -0.122789085
vn -0.382681966 -0.909843743 -0.160433963
vn -0.707115352 -0.69635576 -0.122786678
vn -0.707099974 -0.696370602 -0.122791097
vn -0.923854053 -0.376930058 -0.0664641932
vn -0.70710206 -0.696368456 -0.122791
vn 1.50713981e-06 0.173638284 -0.984809518
vn 5.52501406e-05 0.173626199 -0.984811604
vn 4.404223e-05 0.173636779 -0.984809756
vn 0.587785602 4.43765806e-08 0.809016705
vn 0.809023261 6.1079561e-08 0.587776661
vn 0.587776899 4.43759234e-08 0.809023082
vn -1.39554077e-05 0.984812319 0.173622712
vn 0.382615536 0.909874082 0.160419956
vn -1.52989414e-05 0.984807551 0.173649177
vn -7.54979013e-08 1 -0
vn -7.54979013e-08 1 -0
vn -7.54979013e-08 1 -0
vn 2.21313439e-05 0.173695564 -0.984799385
vn 3.01153996e-05 0.173679903 -0.984802186
vn 3.52071729e-05 0.173650503 -0.984807312
vn 0.923890293 -0.376844168 -0.0664479956
vn 0.707115769 -0.696354926 -0.122788899
vn 0.707111478 -0.696359575 -0.122787386
vn 9.33944102e-06 0.173667595 -0.984804332
vn 1.57627019e-05 0.173670873 -0.984803736
vn 4.16281409e-08 0.173679829 -0.984802246
vn 0.671676815 -0.71571672 0.191310927
vn 0.363493472 -0.918518364 0.155552208
vn 0.671632648 -0.715756893 0.19131574
vn -1 -2.31069826e-05 -1.14274762e-05
vn -0.923880756 -0.376864225 -0.0664647818
vn -1 1.67625021e-05 1.02855902e-05
vn 5.33850759e-08 -0.707106769 0.707106769
vn 5.33850759e-08 -0.707106769 0.707106769
vn 5.33850795e-08 -0.707106769 0.707106769
vn -1 -7.54979013e-08 -0
vn -1 -7.54979013e-08 -0
vn -1 -7.54979013e-08 -0
vn 7.50029656e-08 -0.993444443 -0.114316352
vn 7.50029727e-08 -0.993444443 -0.114316285
vn 7.50029727e-08 -0.993444443 -0.11431627
vn 0.382677615 -0.909845829 -0.160431772
vn 0.707115769 -0.696354926 -0.122788899
vn 0.382672936 -0.909846783 -0.160437256
vn 4.51121705e-05 -0.173770726 0.984786212
vn -5.33271414e-05 -0.173657507 0.98480612
vn 3.78017357e-05 -0.173684955 0.984801292
vn -0.363492668 0.809921563 0.460326135
vn -0.671633124 0.607162356 0.42457372
vn -0.67165029 0.607142985 0.424574226
vn 1 6.56568363e-06 1.12804457e-06
vn 0.923890293 -0.376844168 -0.0664479956
vn 1 -5.93106688e-06 -1.09177302e-06
vn -0.809050143 -6.1081586e-08 -0.587739706
vn -0.587773263 -4.43756463e-08 -0.809025824
vn -0.587772131 -4.4375561e-08 -0.809026539
vn 1.22275509e-07 -0.881045938 -0.473030657
vn -0.363533705 -0.809821129 -0.460470438
vn -0.363425881 -0.809878528 -0.460454762
vn -0.680662215 -0.62324661 -0.385048747
vn -0.368367791 -0.82874614 -0.421289921
vn -0.368360341 -0.828752637 -0.421283394
vn -0.707109153 0.696363866 0.12277662
vn -0.382608742 0.9098773 0.160417736
vn -0.382628411 0.909868896 0.160418704
vn -0.877543509 0.30369702 0.371059924
vn -0.671633124 0.607162356 0.42457372
vn -0.877550662 0.303674102 0.371061862
vn 1 -5.93106688e-06 -1.09177302e-06
vn 0.923906565 0.376805305 0.0664410442
vn 1 6.56568363e-06 1.12804457e-06
vn 0.000104099701 -0.173493356 0.984835029
vn 4.04228667e-05 -0.173623085 0.9848122
vn -1.90384562e-05 -0.173725605 0.98479408
vn 0.991441965 -0.130548835 -0
vn 1 7.54979013e-08 -0
vn 1 7.54979013e-08 -0
vn -0.130544856 -0.991442382 -0
vn 0.130544454 -0.991442442 -0
vn -0.130551264 -0.991441607 -0
vn -0.866013587 -0.500020504 -0
vn -0.500020146 -0.866013825 -0
vn -0.500021458 -0.866012931 -0
vn -0.671674609 -0.71571672 0.191318572
vn -0.877557814 -0.412256241 0.244820386
vn -0.671652615 -0.71574074 0.191306174
vn -0.949855387 -0.054307349 0.307937592
vn -0.877543509 0.30369702 0.371059924
vn -0.877550662 0.303674102 0.371061862
vn 0.500020266 0.866013706 -0
vn 0.130550265 0.991441667 -0
vn 0.500020862 0.866013348 -0
vn 0.877542496 0.303696543 0.371063024
vn 0.949854076 -0.0543102659 0.30794102
vn 0.877547622 0.303662568 0.371078461
vn -1 -7.54979013e-08 -7.38085717e-08
vn -1 -7.54979013e-08 -2.20215668e-07
vn -1 -7.54979013e-08 6.7298123e-07
vn 0.246945232 0.719756424 -0.648821115
vn 0.246938586 0.719762921 -0.648816347
vn 0.456295669 0.581991971 -0.673111916
vn -1 2.2656126e-05 1.36305107e-05
vn -0.923877478 0.37687254 0.0664642751
vn -1 -5.54081407e-06 -2.41828138e-06
vn -0.877552688 -0.412269652 0.244816184
vn -0.949855387 -0.054307349 0.307937592
vn -0.877557814 -0.412256241 0.244820386
vn 0.991441667 -0.130550668 -0
vn 1 7.54979013e-08 -0
vn 0.991441965 -0.130548835 -0
vn 0.877547026 -0.412275106 0.244827569
vn 0.671676815 -0.71571672 0.191310927
vn 0.671632648 -0.715756893 0.19131574
vn -0.246911034 -0.454400629 -0.855894327
vn -0.456273556 -0.316653669 -0.831591785
vn -0.456265062 -0.316671044 -0.831589818
vn -0.914749682 -0.348778874 -0.203927189
vn -0.700109541 -0.665130436 -0.259707928
vn -0.700121999 -0.665116847 -0.259708941
vn 0.36350286 0.809916377 0.460327238
vn 0.671626031 0.607164562 0.424581707
vn 0.363497466 0.809919775 0.460325658
vn 0.817541063 0.471992761 -0.329923481
vn 0.876985133 0.381361157 -0.292336822
vn 0.895592034 0.361754626 -0.258937269
vn -0.378891617 -0.87650013 -0.296965986
vn 3.71905855e-07 -0.950718999 -0.310053945
vn -0.37887466 -0.876504779 -0.296973825
vn 0.456295669 0.581991971 -0.673111916
vn 0.596152306 0.375825733 -0.709476948
vn 0.456292182 0.582004845 -0.673103154
vn 4.1702373e-05 0.173640504 -0.984809101
vn 9.93962999e-07 0.173655748 -0.984806418
vn -1.66631526e-05 0.173659235 -0.984805822
vn -0.382660508 -0.909856558 -0.160412163
vn -6.51084008e-07 -0.984802961 -0.173675418
vn 8.40234051e-08 -0.984815359 -0.173605338
vn 0.456265688 -0.316663384 -0.831592441
vn 0.246934116 -0.45441559 -0.855879724
vn 0.45625937 -0.316673279 -0.831592083
vn 0.28214711 0.118625969 0.952008963
vn 0.368652076 -0.00883487053 0.929525554
vn 0.282142997 0.118624173 0.952010393
vn 0.382677615 -0.909845829 -0.160431772
vn -1.40385055e-05 -0.984806836 -0.173653856
vn -1.48509098e-05 -0.98480767 -0.173648626
vn -3.03725827e-08 0.173608765 -0.984814703
vn 9.93962999e-07 0.173655748 -0.984806418
vn -6.11185897e-05 0.173753411 -0.984789133
vn 0.382626146 -0.909869373 -0.160421401
vn -4.34608501e-06 -0.98480773 -0.173648432
vn 4.08829828e-06 -0.98480767 -0.173648715
vn -4.17386254e-05 0.173641667 -0.984808922
vn -1.03806565e-06 0.173653841 -0.984806776
vn -6.11311989e-05 0.173651755 -0.984807193
vn -7.54869163e-08 0.999854505 0.0170568395
vn 5.22119262e-06 0.999854386 0.0170652643
vn 7.66781613e-06 0.999854267 0.0170689523
vn -0.707121909 -0.696347952 -0.122793421
vn -0.923857391 -0.37692076 -0.0664689764
vn -0.707089424 -0.696377993 -0.122810155
vn -0.456293523 0.581998467 -0.673107803
vn -0.596185029 0.375830084 -0.709447086
vn -0.596178472 0.375843227 -0.709445596
vn 0.679988861 0.680018246 -0.274208575
vn 0.888473213 0.368014455 -0.274190992
vn 0.679990172 0.680017889 -0.274206161
vn 8.60018008e-06 0.881127238 0.472879261
vn 0.363497466 0.809919775 0.460325658
vn 1.34363631e-07 0.881129503 0.472875118
vn -6.29639035e-05 0.173635066 -0.984810054
vn -3.00838165e-05 0.173678964 -0.984802306
vn -2.21576156e-05 0.173686489 -0.984800994
vn 0.596157253 -0.110514186 -0.795225263
vn 0.45625937 -0.316673279 -0.831592083
vn 0.596135139 -0.110533722 -0.795239151
vn -0.363488317 -0.918519974 0.155554831
vn -0.671674609 -0.71571672 0.191318572
vn -0.671652615 -0.71574074 0.191306174
vn 0.491579771 -0.862299919 -0.121607415
vn 0.13054499 -0.991442382 5.5140531e-06
vn 0.127984568 -0.983486772 -0.127959967
vn -0.656536341 0.656535208 -0.371378064
vn -0.857805192 0.355310023 -0.371382594
vn -0.65655607 0.65651381 -0.371380985
vn 0.596157253 -0.110514186 -0.795225263
vn 0.645318389 0.132673621 -0.752304494
vn 0.64531821 0.132668093 -0.752305508
vn 1.57627019e-05 0.173670873 -0.984803736
vn 3.01153996e-05 0.173679903 -0.984802186
vn 2.21313439e-05 0.173695564 -0.984799385
vn -7.54979013e-08 1 -0
vn -7.54979013e-08 1 -0
vn -7.54979013e-08 1 -0
vn -0.24694325 0.719736814 -0.648843527
vn -9.97814186e-06 0.768110454 -0.64031738
vn -0.246936619 0.719747603 -0.648834109
vn -3.32384866e-06 0.173629612 -0.984811068
vn -4.84636257e-06 0.173608094 -0.984814823
vn -3.08177987e-05 0.173648477 -0.98480767
vn -0.152688608 -0.522295892 0.838983536
vn -1.59045385e-06 -0.552251816 0.833677471
vn -3.23726113e-06 -0.55226922 0.833665848
vn 0.282180279 -0.43711707 0.853992343
vn 0.152710065 -0.522315264 0.838967443
vn 0.152700856 -0.52230835 0.838973463
vn -7.54869163e-08 0.999854505 0.017056847
vn 5.22119262e-06 0.999854386 0.0170652643
vn -7.54869163e-08 0.999854505 0.0170568395
vn -0.9510566 -7.18027806e-08 -0.309016854
vn -0.808991551 -6.10771664e-08 -0.587820292
vn -0.808992028 -6.1077202e-08 -0.587819636
vn 2.36764827e-05 0.173628479 -0.984811246
vn -2.67315727e-06 0.173603773 -0.984815657
vn 1.68313327e-05 0.173642471 -0.984808803
vn 7.89935812e-14 -1.04630169e-06 -1
vn -2.89131186e-13 3.82965845e-06 -1
vn -6.77545517e-14 8.97436223e-07 -1
vn -8.26489988e-10 0.173652351 -0.984807014
vn 3.08514464e-05 0.173648492 -0.98480773
vn 1.85610879e-05 0.173642159 -0.984808862
vn -2.25340071e-14 2.98471974e-07 -1
vn 1.93489451e-15 -2.5628454e-08 -1
vn 1.52864612e-14 -2.0247532e-07 -1
vn 1.52864612e-14 -2.0247532e-07 -1
vn 1.93489451e-15 -2.5628454e-08 -1
vn -0 0 -1
vn -4.58070505e-14 6.06732783e-07 -1
vn -2.25340071e-14 2.98471974e-07 -1
vn -8.37339587e-15 1.10908985e-07 -1
vn -8.37339587e-15 1.10908985e-07 -1
vn -2.25340071e-14 2.98471974e-07 -1
vn 3.99009879e-14 -5.28504586e-07 -1
vn 0.923899412 0.382635474 -0
vn 0.707106054 0.707107484 -0
vn 0.707106829 0.707106769 -0
vn -0 0 -1
vn 1.93489451e-15 -2.5628454e-08 -1
vn -0 0 -1
vn 7.54979013e-08 -1 -0
vn 7.54979013e-08 -1 -0
vn 7.54979013e-08 -1 -0
vn -4.58070505e-14 6.06732783e-07 -1
vn -8.37339587e-15 1.10908985e-07 -1
vn -0 0 -1
vn 5.58531974e-06 0.173658565 -0.984805942
vn -1.03806565e-06 0.173653841 -0.984806776
vn 1.66375758e-05 0.173659712 -0.984805763
vn -8.37339587e-15 1.10908985e-07 -1
vn 1.40331946e-14 -1.85875294e-07 -1
vn -0 0 -1
vn 3.92725224e-06 0.233733043 0.972300828
vn -0.152695864 0.203802556 0.967030704
vn -0.152689323 0.203804046 0.967031479
vn -0.707060277 -0.69641012 -0.1227955
vn -0.382660508 -0.909856558 -0.160412163
vn -0.707124412 -0.696352482 -0.122753374
vn -0.808994591 -6.10773938e-08 0.58781606
vn -0.9510566 -7.18027806e-08 0.309016854
vn -0.95105654 -7.18027735e-08 0.309016943
vn 1.92077619e-06 0.233738095 0.972299576
vn 0.152696133 0.203825101 0.967025936
vn 0.152686685 0.20382753 0.967027009
vn -8.37339587e-15 1.10908985e-07 -1
vn 3.99009879e-14 -5.28504586e-07 -1
vn 1.40331946e-14 -1.85875294e-07 -1
vn 0.680665612 -0.623238444 -0.385056108
vn 0.889312744 -0.315707296 -0.330835074
vn 0.889307141 -0.3157188 -0.330839217
vn -0.645329952 0.132650197 -0.752298653
vn -0.596185029 0.375830084 -0.709447086
vn -0.645330191 0.132648945 -0.752298653
vn 0.382596046 0.909882545 0.160418749
vn 0.70714134 0.696330249 0.122781642
vn 0.707109272 0.696363688 0.122776791
vn 5.58531974e-06 0.173658565 -0.984805942
vn 9.93962999e-07 0.173655748 -0.984806418
vn -1.03806565e-06 0.173653841 -0.984806776
vn 0.152710065 -0.522315264 0.838967443
vn -1.59045385e-06 -0.552251816 0.833677471
vn 0.152700856 -0.52230835 0.838973463
vn -0.680662215 -0.62324661 -0.385048747
vn -0.889322221 -0.315696359 -0.330819905
vn -0.68065995 -0.623241007 -0.385062069
vn 0.368653029 -0.00883850735 0.929525077
vn 0.399015009 -0.159224868 0.903014183
vn 0.368652076 -0.00883487053 0.929525554
vn -1 -7.54979013e-08 -3.19127942e-08
vn -1 -7.54979013e-08 -7.80073606e-09
vn -1 -7.54979013e-08 -1.09082833e-07
vn -2.44709918e-05 0.17367734 -0.984802663
vn -2.02490464e-05 0.173670024 -0.984803915
vn -5.56679843e-05 0.173695982 -0.984799385
vn 0.368674219 -0.309620827 0.876478314
vn 0.399015009 -0.159224868 0.903014183
vn 0.399005622 -0.1592291 0.903017521
vn 1.25947192e-15 -1.66822112e-08 1
vn 1.48367487e-15 -1.96518695e-08 1
vn -6.18508947e-14 8.19239915e-07 1
vn -0.308955282 -2.33254749e-08 -0.951076567
vn -0.156447843 -1.18114833e-08 -0.987686276
vn -0.308955461 -2.33254891e-08 -0.951076508
vn 0.28214711 0.118625969 0.952008963
vn 0.152686685 0.20382753 0.967027009
vn 0.152696133 0.203825101 0.967025936
vn -0.456293523 0.581998467 -0.673107803
vn -0.246936619 0.719747603 -0.648834109
vn -0.456276089 0.582020462 -0.673100591
vn 0.246921077 -0.454431087 -0.855875254
vn -2.17504476e-05 -0.502842546 -0.864378035
vn 0.246934116 -0.45441559 -0.855879724
vn 1 7.54979013e-08 -0
vn 1 7.54979013e-08 -0
vn 1 7.54979013e-08 -0
vn 7.94009227e-14 -1.05169704e-06 1
vn 1.14582259e-12 -1.517688e-05 1
vn -2.05036183e-12 2.71578647e-05 1
vn 1 7.54979013e-08 -1.10930032e-05
vn 1 7.54979013e-08 6.51469963e-06
vn 1 7.54979013e-08 -1.24776625e-05
vn 4.16281409e-08 0.173679829 -0.984802246
vn -1.57620452e-05 0.173658937 -0.984805942
vn -9.25851145e-06 0.173670307 -0.984803915
vn 0.889307141 -0.3157188 -0.330839217
vn 0.962581336 0.047050789 -0.266877413
vn 0.962580919 0.0470535606 -0.266878456
vn 1.34862548e-05 0.173553348 -0.984824479
vn -1.14132908e-05 0.173681527 -0.984801948
vn -3.47160822e-05 0.173699513 -0.984798729
vn -1 -7.54979013e-08 2.20011586e-07
vn -1 -7.54979013e-08 -1.02549151e-08
vn -1 -7.54979013e-08 -0
vn 0.866013169 -0.500021219 -0
vn 0.866013944 -0.500019908 -0
vn 0.500021517 -0.86601299 -0
vn 0.52785033 0.836097121 -0.149384856
vn 0.606809616 0.769459367 -0.199284762
vn 0.511758626 0.851706386 -0.112691291
vn 0.368355632 -0.828754365 -0.421284258
vn -6.73444038e-06 -0.900910795 -0.434004396
vn 0.368360937 -0.828748941 -0.421290278
vn 7.32069384e-05 0.173601076 -0.984816074
vn 4.4909968e-05 0.173636273 -0.984809875
vn 2.36764827e-05 0.173628479 -0.984811246
vn -0.857805192 0.355310023 -0.371382594
vn -0.85781455 0.355294555 -0.371375978
vn -0.928482175 1.05110097e-07 -0.371376902
vn -0.36836797 0.922857523 -0.112423636
vn -7.06476339e-06 0.995018005 -0.0996952727
vn -0.368380159 0.922852933 -0.112420693
vn -0.308965743 -2.33262654e-08 0.95107317
vn -0.0784161165 -5.92025229e-09 0.996920705
vn -0.0784172565 -5.92033844e-09 0.996920705
vn 0.680665612 -0.623238444 -0.385056108
vn 0.368360937 -0.828748941 -0.421290278
vn 0.680681944 -0.62321949 -0.385057867
vn -5.79209261e-14 7.67185952e-07 -1
vn -1.42611549e-13 1.88894717e-06 -1
vn 5.03430088e-13 -6.66813321e-06 -1
vn -1 -7.54979013e-08 -1.09082833e-07
vn -1 -7.54979013e-08 -7.80073606e-09
vn -1 -7.54979013e-08 2.47435395e-07
vn -0.272871882 0.108480707 0.955914676
vn -0.147653341 0.190854669 0.970449865
vn -0.272869319 0.108482733 0.955915153
vn -0.356471926 -0.0147803351 0.934189141
vn -0.385823935 -0.160192266 0.908558369
vn -0.385832608 -0.16019924 0.908553481
vn -0 0 -1
vn 1.25203789e-13 -1.65837434e-06 -1
vn -0 0 -1
vn 6.83023191e-13 -9.0469166e-06 -1
vn 1.25203789e-13 -1.65837434e-06 -1
vn -1.42611549e-13 1.88894717e-06 -1
vn 0.356467575 -0.0147928111 0.934190631
vn 0.272869259 0.108482681 0.955915272
vn 0.272871912 0.10848017 0.955914736
vn -9.25851145e-06 0.173670307 -0.984803915
vn -1.57620452e-05 0.173658937 -0.984805942
vn -3.00838165e-05 0.173678964 -0.984802306
vn -6.18508947e-14 8.19239915e-07 1
vn 1.48367487e-15 -1.96518695e-08 1
vn -2.41916892e-13 3.20428649e-06 1
vn 0.363520443 0.918482423 -0.155701354
vn 0.671633601 0.715726078 -0.191427782
vn 0.363583624 0.918457687 -0.15569979
vn 0.368362516 0.922859728 -0.112423755
vn 0.680672526 0.717343926 -0.148669243
vn 0.368373632 0.922855675 -0.112420402
vn -5.29624231e-05 0.17334272 -0.984861612
vn -8.81008759e-07 0.173658967 -0.984805942
vn -7.21012748e-06 0.17343086 -0.984846056
vn 0.147642195 0.19085075 0.970452428
vn 0.272871912 0.10848017 0.955914736
vn 0.272869259 0.108482681 0.955915272
vn -0.889313281 0.409822732 -0.202897206
vn -0.962587953 0.047046788 -0.266854286
vn -0.96258086 0.0470534191 -0.266878515
vn -0.356440336 -0.305635333 0.882914126
vn -0.385823935 -0.160192266 0.908558369
vn -0.356444508 -0.305621207 0.882917285
vn -1 -7.54979013e-08 -7.80073606e-09
vn -1 -7.54979013e-08 -0
vn -1 -7.54979013e-08 -3.17613171e-08
vn -5.72913586e-06 0.768112004 -0.640315473
vn 0.246945232 0.719756424 -0.648821115
vn -9.97814186e-06 0.768110454 -0.64031738
vn 0.272814006 -0.428887457 0.861178279
vn 0.356438905 -0.305625707 0.88291806
vn 0.356438965 -0.305627167 0.882917583
vn -0.00023084144 0.173961118 -0.984752536
vn -1.14132908e-05 0.173681527 -0.984801948
vn -0.000116207899 0.173708007 -0.984797239
vn -1.66586087e-05 0.173659295 -0.984805822
vn 9.93652179e-07 0.173654124 -0.984806716
vn -2.38186021e-06 0.173657849 -0.984806061
vn -0.92385 0.376939803 0.066466026
vn -0.923850238 0.376939297 0.066463992
vn -1 5.40897508e-06 9.92670266e-07
vn -0.36836797 0.922857523 -0.112423636
vn -0.680658877 0.717359662 -0.148656324
vn -0.680656254 0.717360258 -0.148664981
vn -3.47160822e-05 0.173699513 -0.984798729
vn -1.14132908e-05 0.173681527 -0.984801948
vn -9.12866963e-05 0.173843145 -0.984773397
vn 0.923891068 0.376841784 0.0664501488
vn 1 -6.15324689e-06 -4.43701367e-07
vn 1 -5.58286092e-06 -9.86585633e-07
vn 4.99191329e-15 -6.61198953e-08 1
vn 1.48367487e-15 -1.96518695e-08 1
vn -0 0 1
vn -3.01325649e-08 0.17359826 -0.984816551
vn 9.93652179e-07 0.173654124 -0.984806716
vn -6.11186479e-05 0.173753574 -0.984789133
vn 0.877542496 0.303696543 0.371063024
vn 0.671626031 0.607164562 0.424581707
vn 0.671649814 0.60714376 0.424574047
vn 5.68907659e-08 -0.753541052 -0.657400966
vn 5.68907659e-08 -0.753541052 -0.657400966
vn 5.68907623e-08 -0.753540993 -0.657400966
vn 5.58475813e-06 0.173659638 -0.984805822
vn -1.03695641e-06 0.17365323 -0.984806836
vn 1.66323662e-05 0.173659161 -0.984805822
vn -1.64477242e-05 0.173660651 -0.984805584
vn 1.55893777e-05 0.173649132 -0.98480767
vn -5.70595421e-06 0.173653588 -0.984806836
vn 8.44229271e-06 0.219757318 0.975554645
vn 0.147642195 0.19085075 0.970452428
vn 1.88126717e-06 0.219757169 0.975554645
vn -2.41916892e-13 3.20428649e-06 1
vn 1.48367487e-15 -1.96518695e-08 1
vn 4.99191329e-15 -6.61198953e-08 1
vn 3.93667005e-06 0.173623025 -0.98481226
vn -2.54059933e-06 0.173614457 -0.98481369
vn 3.31512019e-05 0.17364721 -0.984807909
vn -0.59618777 -0.11053282 -0.795199811
vn -0.645330191 0.132648945 -0.752298653
vn -0.596187294 -0.110554241 -0.795197248
vn 0.527235687 -0.403544784 -0.747779548
vn 0.285334915 -0.562707901 -0.775850415
vn 0.527237833 -0.403524488 -0.747788966
vn -5.09344363e-06 -0.618596137 -0.785709202
vn 0.285334915 -0.562707901 -0.775850415
vn 0.285343409 -0.562706053 -0.775848567
vn 3.93667005e-06 0.173623025 -0.98481226
vn 3.08514464e-05 0.173648492 -0.98480773
vn -2.54059933e-06 0.173614457 -0.98481369
vn -1 -7.54979013e-08 -1.60520734e-08
vn -1 -7.54979013e-08 -0
vn -1 -7.54979013e-08 -0
vn -0.147620127 0.190845191 0.970456839
vn 1.88126717e-06 0.219757169 0.975554645
vn -0.147653341 0.190854669 0.970449865
vn -0 0 1
vn 1.25947192e-15 -1.66822112e-08 1
vn -0 0 1
vn -1.85243007e-05 0.1736494 -0.984807551
vn -8.26489988e-10 0.173652351 -0.984807014
vn -1.43469689e-08 0.173623756 -0.98481214
vn -0.382696539 0.909836233 0.160441875
vn 5.84511872e-06 0.984805226 0.173662424
vn -1.19413362e-05 0.984805107 0.173663601
vn -0.889313281 0.409822732 -0.202897206
vn -0.680658877 0.717359662 -0.148656324
vn -0.889324427 0.409804046 -0.202886209
vn -0.527230144 0.634941101 -0.564693093
vn -0.285343379 0.794112504 -0.53662324
vn -0.527234852 0.634927392 -0.564704001
vn -0.272805423 -0.428889066 0.861180305
vn -0.14767839 -0.511236846 0.846656978
vn -0.147690862 -0.511222899 0.846663296
vn -1.43469689e-08 0.173623756 -0.98481214
vn -8.26489988e-10 0.173652351 -0.984807014
vn 1.85610879e-05 0.173642159 -0.984808862
vn -2.38117518e-05 0.173651412 -0.984807193
vn -4.03813501e-05 0.173657477 -0.98480612
vn -3.32384866e-06 0.173629612 -0.984811068
vn -1.98438811e-05 0.173629478 -0.984811127
vn -3.28769352e-06 0.17363964 -0.984809279
vn 9.94126185e-06 0.173696741 -0.984799206
vn -2.56117827e-13 3.39238341e-06 -1
vn -1.33419792e-13 1.76719868e-06 -1
vn 4.63182654e-14 -6.13504028e-07 -1
vn 3.69810465e-07 0.850001752 -0.52677989
vn -0.285343379 0.794112504 -0.53662324
vn -0.285356194 0.794113576 -0.536614895
vn -1 -7.54979013e-08 2.46042475e-08
vn -1 -7.54979013e-08 -3.05956611e-08
vn -1 -7.54979013e-08 -6.46129106e-09
vn -0.500019729 -0.866014063 -0
vn -0.130550995 -0.991441607 -0
vn -0.500021458 -0.86601305 -0
vn -0.688833416 0.396734625 -0.606720924
vn -0.745590866 0.115716673 -0.656280339
vn -0.74560082 0.115730107 -0.656266689
vn -1 -7.54979013e-08 1.00720898e-09
vn -1 -7.54979013e-08 -3.05956611e-08
vn -1 -7.54979013e-08 2.46042475e-08
vn -1 -7.54979013e-08 2.20011586e-07
vn -1 -7.54979013e-08 -0
vn -1 -7.54979013e-08 1.18516851e-07
vn 0.889311314 0.409824371 -0.202902228
vn 0.680672526 0.717343926 -0.148669243
vn 0.680656135 0.717360377 -0.148665056
vn -0 0 -1
vn 6.16558399e-14 -8.16656325e-07 -1
vn -0 0 -1
vn 0.382668346 -0.909850717 -0.160426363
vn -6.58026511e-06 -0.984807968 -0.173647165
vn 0.382687986 -0.909841418 -0.160432383
vn -5.4189728e-05 -0.966568589 -0.256408095
vn 0.426407844 -0.558440268 -0.711562335
vn 0.641819894 -0.704590619 -0.302686781
vn 0.382670194 0.90984863 0.160433769
vn 0.707113266 0.696357071 0.122791544
vn 0.707104266 0.696366191 0.122791037
vn -0.527240396 -0.403520018 -0.747789562
vn -0.688824177 -0.165317476 -0.705826759
vn -0.527261317 -0.403521895 -0.747773707
vn -0.285340577 -0.562705159 -0.775850296
vn -0.527240396 -0.403520018 -0.747789562
vn -0.527261317 -0.403521895 -0.747773707
vn -5.33851505e-08 0.707107723 -0.707105815
vn -5.33847633e-08 0.707102656 -0.707110882
vn -5.33848521e-08 0.707103789 -0.707109809
vn 0.285341412 0.794115007 -0.536620736
vn 6.33174977e-06 0.850003302 -0.526777387
vn 3.69810465e-07 0.850001752 -0.52677989
vn -1 -7.54979013e-08 4.49173569e-08
vn -1 -7.54979013e-08 1.00720898e-09
vn -1 -7.54979013e-08 2.46042475e-08
vn -1 -7.54979013e-08 2.20011586e-07
vn -1 -7.54979013e-08 1.18516851e-07
vn -0.998873532 0.0471403897 0.00542469881
vn -1 -7.54979013e-08 2.46042475e-08
vn -1 -7.54979013e-08 -6.46129106e-09
vn -1 -7.54979013e-08 -0
vn 1.52419652e-05 0.984807312 0.173651099
vn 0.382693708 0.909839213 0.160431698
vn 0.382704943 0.909834981 0.160428241
vn -0.356471926 -0.0147803351 0.934189141
vn -0.272869319 0.108482733 0.955915153
vn -0.356452674 -0.0147830974 0.934196413
vn -2.93445282e-06 -0.540171564 0.84155494
vn -0.14767839 -0.511236846 0.846656978
vn -2.02107117e-06 -0.540190995 0.841542482
vn 0.272814006 -0.428887457 0.861178279
vn 0.147676274 -0.511237741 0.846656799
vn 0.272811115 -0.428884536 0.861180723
vn 2.91253054e-05 -0.984808683 -0.173643366
vn -0.382698208 -0.909834087 -0.160449266
vn -0.382731497 -0.909815669 -0.160474405
vn -2.83403624e-05 0.173635975 -0.984809995
vn -4.03813501e-05 0.173657477 -0.98480612
vn -2.38117518e-05 0.173651412 -0.984807193
vn -2.93445282e-06 -0.540171564 0.84155494
vn 0.147676274 -0.511237741 0.846656799
vn 0.147687957 -0.51122272 0.846663773
vn -7.54979013e-08 1 -0
vn -7.54979013e-08 1 -0
vn -7.54979013e-08 1 -0
vn -0.382698208 -0.909834087 -0.160449266
vn -0.707086086 -0.696379125 -0.122822829
vn -0.382731497 -0.909815669 -0.160474405
vn -3.32384866e-06 0.173629612 -0.984811068
vn -3.08177987e-05 0.173648477 -0.98480767
vn -1.85243007e-05 0.1736494 -0.984807551
vn 1 6.93334187e-06 1.22720587e-06
vn 0.923885405 -0.376855522 -0.0664504319
vn 1 6.43013846e-06 1.13043927e-06
vn 0.184098631 -0.970191717 0.1575941
vn 7.14127992e-08 -0.945891142 0.32448402
vn 7.14128063e-08 -0.945891321 0.324483842
vn 7.53579954e-08 -0.998146892 -0.0608507283
vn 7.53579954e-08 -0.998146892 -0.0608507432
vn 7.53579954e-08 -0.998146832 -0.0608507358
vn -5.09344363e-06 -0.618596137 -0.785709202
vn -0.285340577 -0.562705159 -0.775850296
vn -6.32450656e-06 -0.618593454 -0.785711229
vn 0.688849926 -0.165268838 -0.70581305
vn 0.745595217 0.115714453 -0.656275809
vn 0.745601416 0.115727246 -0.65626657
vn 1.85610879e-05 0.173642159 -0.984808862
vn 3.08514464e-05 0.173648492 -0.98480773
vn 3.93667005e-06 0.173623025 -0.98481226
vn 1.28808353e-09 -0.0170611832 0.999854445
vn 1.28808253e-09 -0.0170611702 0.999854445
vn 1.28808386e-09 -0.017061187 0.999854445
vn 3.32369091e-05 0.0788594261 -0.996885777
vn -4.92116123e-06 0.0788545087 -0.996886134
vn -0.000204408367 0.0788770616 -0.996884346
vn -1.85243007e-05 0.1736494 -0.984807551
vn -3.08177987e-05 0.173648477 -0.98480767
vn -8.26489988e-10 0.173652351 -0.984807014
vn -4.15268987e-05 0.173651114 -0.984807253
vn -6.29639035e-05 0.173635066 -0.984810054
vn -2.83403624e-05 0.173635975 -0.984809995
vn 0.382665902 0.90985167 0.160426781
vn 0.707106411 0.696366608 0.122776397
vn 0.707118154 0.696353078 0.122785792
vn -0.723144531 0.654885054 -0.219516888
vn -0.829329014 0.504447341 -0.240304217
vn -0.723139763 0.654884517 -0.219534054
vn -3.98422671e-05 0.173665375 -0.98480469
vn 4.05575556e-05 0.17367816 -0.984802485
vn 3.17604026e-05 0.173584253 -0.984819055
vn 0.951045454 7.18019351e-08 -0.309051007
vn 0.80902338 6.10795681e-08 -0.587776542
vn 0.809023023 6.10795396e-08 -0.587777019
vn 0.382666945 0.923886359 -0
vn 0.194965988 0.980809987 -0
vn 0.19496581 0.980810046 -0
vn 0.923891962 -0.376841784 -0.0664383769
vn 0.707115889 -0.696357608 -0.122773215
vn 0.707088411 -0.696385384 -0.122773975
vn 0.948005795 0.135029435 -0.288187712
vn 0.94800365 0.13504836 -0.288185775
vn 0.948003411 0.13505061 -0.288185567
vn -1 2.55541568e-06 7.15763235e-07
vn -0.92387116 0.376889586 0.066456452
vn -1 1.05449617e-05 1.74589525e-06
vn 7.54960325e-08 -0.999975204 -0.00704821339
vn 7.54960254e-08 -0.999975204 -0.00704821246
vn 7.54960254e-08 -0.999975145 -0.00704821246
vn -0.568825006 0.768750012 -0.292338252
vn -0.472008407 0.817519844 -0.329953671
vn -0.59474057 0.761080384 -0.258921444
vn 0.555671394 0.831402004 -0
vn 0.382759184 0.923848152 -0
vn 0.555673242 0.831400752 -0
vn 1.11482927e-14 -1.47663613e-07 1
vn -0 0 1
vn -0 0 1
vn 0.382713646 -0.909831047 -0.160429433
vn 0.382710904 -0.909831405 -0.160434589
vn -7.07431553e-08 -0.984806657 -0.173654228
vn -6.78733568e-06 0.984807014 0.173652843
vn 0.382665902 0.90985167 0.160426781
vn 0.382683814 0.909842789 0.160434455
vn -0.177962005 -0.970360577 0.163492814
vn -0.184142113 -0.964223504 -0.190695271
vn -0.184097648 -0.970191717 0.157594427
vn -3.28769352e-06 0.17363964 -0.984809279
vn -2.34795207e-05 0.17362158 -0.984812438
vn 7.63136486e-05 0.173615575 -0.984813511
vn 2.64763294e-05 0.173633605 -0.984810293
vn -3.28769352e-06 0.17363964 -0.984809279
vn 3.31672345e-05 0.173622087 -0.984812438
vn -3.00838165e-05 0.173678964 -0.984802306
vn -6.29639035e-05 0.173635066 -0.984810054
vn -4.15268987e-05 0.173651114 -0.984807253
vn 1 7.54979013e-08 -4.90598562e-10
vn 1 7.54979013e-08 -3.00780876e-08
vn 1 7.54979013e-08 -3.05686854e-08
vn -0.58778137 -4.43762609e-08 -0.809019864
vn -0.308969945 -2.33265816e-08 -0.951071799
vn -0.308970541 -2.33266277e-08 -0.95107162
vn 7.54979013e-08 -1 -0
vn 7.54979013e-08 -1 -0
vn 7.54979013e-08 -1 -0
vn -2.31867823e-08 0.999429166 0.0337845869
vn -0.378892899 0.925208986 0.0207012407
vn 6.22987599e-08 0.999428749 0.0337963328
vn -0.707097113 -0.696373343 -0.1227917
vn -0.382671684 -0.909849107 -0.160427421
vn -0.707089365 -0.696380913 -0.122793503
vn -4.15268987e-05 0.173651114 -0.984807253
vn -2.83403624e-05 0.173635975 -0.984809995
vn -1.31098146e-08 0.173644751 -0.984808445
vn 1 7.01495492e-06 1.2065467e-06
vn 0.92388761 -0.376852155 -0.0664386749
vn 0.923878491 -0.376872212 -0.0664532632
vn 0.58777833 4.437603e-08 -0.809022069
vn 0.308934033 2.33238708e-08 -0.951083481
vn 0.587784708 4.43765131e-08 -0.80901742
vn -0.171995595 0.970482647 -0.16905947
vn -0.164371669 0.98160243 -0.0971528441
vn -0.164420173 0.981703639 -0.0960418135
vn 3.89576016e-05 0.173676372 -0.984802783
vn -2.73045825e-05 0.173645586 -0.984808207
vn -3.17259946e-05 0.173684523 -0.984801412
vn 0.923877001 -0.37687549 -0.066454716
vn 1 5.5793148e-06 1.06037953e-06
vn 1 -5.22491928e-06 -4.65479161e-07
vn -0.70711565 -0.696354389 -0.122792527
vn -0.923902988 -0.376814008 -0.066441454
vn -0.923904181 -0.376810461 -0.0664454848
vn -7.07431553e-08 -0.984806657 -0.173654228
vn -0.382717073 -0.909829438 -0.160431311
vn -1.77143335e-07 -0.98480773 -0.173648566
vn 1 -1.35822702e-05 1.73140268e-06
vn 0.923870146 -0.376893252 -0.0664489493
vn 0.92385745 -0.376920879 -0.0664690658
vn -0.707113922 0.696353912 0.122805171
vn -0.707113922 0.696353912 0.122805171
vn -0.707113922 0.696353912 0.122805171
vn -6.22949119e-06 0.173560336 -0.984823227
vn 5.51888952e-05 0.173628613 -0.984811246
vn 6.71567104e-05 0.173529416 -0.984828651
vn 3.05915019e-05 0.173646614 -0.984808028
vn -2.73045825e-05 0.173645586 -0.984808207
vn 7.36270231e-05 0.173803926 -0.984780252
vn 3.966441e-05 0.173629597 -0.984811068
vn 3.89576016e-05 0.173676372 -0.984802783
vn 7.99388727e-05 0.173615724 -0.984813452
vn 3.89576016e-05 0.173676372 -0.984802783
vn -3.17259946e-05 0.173684523 -0.984801412
vn 1.61213265e-08 0.173693195 -0.984799802
vn -0.707118154 0.696353018 0.122785896
vn -0.382672161 0.909849107 0.160426304
vn -0.382689893 0.909840286 0.160434186
vn -0.38269195 -0.909838736 -0.160438105
vn -0.382689416 -0.909839869 -0.160437539
vn -0.70711565 -0.696354389 -0.122792527
vn -1 1.05449617e-05 1.74589525e-06
vn -0.923873246 -0.376884609 -0.0664554238
vn -1 2.55541568e-06 7.15763235e-07
vn -0.000122069148 0.173723489 -0.984794497
vn 3.966441e-05 0.173629597 -0.984811068
vn 0.000198781869 0.173662782 -0.984805167
vn 0.000198781869 0.173662782 -0.984805167
vn 3.966441e-05 0.173629597 -0.984811068
vn -1.05343825e-05 0.173707575 -0.984797299
vn 0.992186248 -2.02218962e-06 -0.124766208
vn 1 7.54979013e-08 -5.57457867e-08
vn 1 7.54979013e-08 4.54081608e-08
vn 9.94126185e-06 0.173696741 -0.984799206
vn -3.28769352e-06 0.17363964 -0.984809279
vn 7.13285697e-09 0.173824847 -0.984776676
vn 7.36270231e-05 0.173803926 -0.984780252
vn -2.73045825e-05 0.173645586 -0.984808207
vn -1.30987701e-08 0.173498467 -0.984834135
vn 1 7.54979013e-08 -0
vn 1 7.54979013e-08 -1.70087624e-08
vn 1 7.54979013e-08 1.59306609e-07
vn -3.17259946e-05 0.173684523 -0.984801412
vn -3.82179169e-05 0.173713192 -0.984796286
vn -7.99642949e-05 0.17361401 -0.984813809
vn 0.641529679 -0.345297784 -0.684988379
vn 0.602933705 0.398665458 -0.691040397
vn 0.907333195 0.210203275 -0.3640894
vn -3.82179169e-05 0.173713192 -0.984796286
vn -3.17259946e-05 0.173684523 -0.984801412
vn 7.33008637e-05 0.173579261 -0.984819949
vn 1 7.54979013e-08 -1.64293592e-08
vn 0.992186248 -2.02218962e-06 -0.124766208
vn 1 7.54979013e-08 1.91074534e-08
vn 0.923878491 -0.376872212 -0.0664532632
vn 0.707107663 -0.696360409 -0.122804329
vn 0.707095563 -0.696369946 -0.122820482
vn -9.40591999e-05 0.173617139 -0.984813213
vn 1.62794713e-05 0.173614442 -0.98481369
vn 0.000165823003 0.173611462 -0.984814286
vn -1.31098146e-08 0.173644751 -0.984808445
vn -2.83403624e-05 0.173635975 -0.984809995
vn -2.38117518e-05 0.173651412 -0.984807193
vn 0.486026496 -1.1407873e-05 -0.873944104
vn 0.127987981 -0.127983555 -0.983483315
vn 0.12838383 9.69270975e-09 -0.991724551
vn -0.923875809 -0.37687844 -0.0664552599
vn -0.707089365 -0.696380913 -0.122793503
vn -0.923873246 -0.376884609 -0.0664554238
vn 7.33008637e-05 0.173579261 -0.984819949
vn -3.17259946e-05 0.173684523 -0.984801412
vn 3.05915019e-05 0.173646614 -0.984808028
vn -1.30987701e-08 0.173498467 -0.984834135
vn -2.73045825e-05 0.173645586 -0.984808207
vn -1.31052742e-08 0.17358461 -0.984818995
vn -1.31002711e-08 0.173518345 -0.984830618
vn -2.16197514e-05 0.173688903 -0.984800577
vn 5.09938713e-09 0.17367816 -0.984802544
vn -1.96213914e-05 0.173647851 -0.984807789
vn 8.88871455e-06 0.17364496 -0.984808326
vn 1.82774402e-05 0.173690706 -0.984800339
vn 1 7.54979013e-08 1.91074534e-08
vn 1 7.54979013e-08 1.43950463e-09
vn 1 7.54979013e-08 -0
vn -0.707098544 -0.696371853 -0.12279214
vn -0.923869252 -0.376894206 -0.0664565489
vn -0.923867226 -0.376899093 -0.0664576814
vn 0.992186248 -2.02218962e-06 -0.124766208
vn 1 7.54979013e-08 4.54081608e-08
vn 0.997876585 -0.0651329383 2.76590276e-06
vn -1 7.20246953e-06 1.16423303e-06
vn -0.923866332 0.376902968 0.0664469153
vn -0.923866153 0.376903683 0.0664464384
vn 0.997876585 -0.0651329383 2.76590276e-06
vn 1 7.54979013e-08 4.54081608e-08
vn 1 7.54979013e-08 -0
vn -0.705670714 -0.683565199 0.186460257
vn -2.35720063e-06 -0.997707129 0.0676804557
vn 1.66507689e-05 -0.971461952 0.237195805
vn 0.923882246 0.376859725 0.0664708391
vn 0.707120001 0.696344793 0.122821815
vn 0.923879266 0.376868278 0.0664638132
vn 0.707095563 -0.696369946 -0.122820482
vn 0.382664472 -0.909843683 -0.160475776
vn 0.382690609 -0.90983665 -0.160452709
vn -0.951053739 -7.18025603e-08 0.309025556
vn -0.809050381 -6.10816073e-08 0.587739348
vn -0.809050262 -6.10816002e-08 0.587739468
vn -2.41405908e-13 3.19751803e-06 -1
vn 3.41947282e-13 -4.52922905e-06 -1
vn -1.21357254e-12 1.60742547e-05 -1
vn -0.707097471 -0.696370661 -0.12280526
vn -0.923863053 -0.37690866 -0.0664599687
vn -0.707086086 -0.696379125 -0.122822829
vn 7.15093945e-13 -9.47170611e-06 -1
vn 7.48442107e-14 -9.91341608e-07 -1
vn -0 0 -1
vn -1.98438811e-05 0.173629478 -0.984811127
vn 9.94126185e-06 0.173696741 -0.984799206
vn 0.000139425742 0.173808664 -0.984779477
vn -0.378875315 -0.876510501 -0.296956301
vn 5.3919058e-07 -0.95071888 -0.310054243
vn -0.378875256 -0.876504898 -0.296972841
vn -2.73045825e-05 0.173645586 -0.984808207
vn 3.966441e-05 0.173629597 -0.984811068
vn -0.000122069148 0.173723489 -0.984794497
vn -1.18092846e-13 1.56418707e-06 -1
vn -0 0 -1
vn -1.33419792e-13 1.76719868e-06 -1
vn -0.58778137 -4.43762609e-08 0.809019864
vn -0.308965743 -2.33262654e-08 0.95107317
vn -0.30897361 -2.33268587e-08 0.951070666
vn 9.93652179e-07 0.173654124 -0.984806716
vn 5.58475813e-06 0.173659638 -0.984805822
vn -2.38186021e-06 0.173657849 -0.984806061
vn -1 -7.54979013e-08 2.98950518e-08
vn -1 -7.54979013e-08 2.98950518e-08
vn -1 -7.54979013e-08 2.98950518e-08
vn -6.16529871e-14 8.16618581e-07 -1
vn 3.54029855e-14 -4.68926743e-07 -1
vn -8.97533932e-14 1.18881974e-06 -1
vn 6.16558399e-14 -8.16656325e-07 -1
vn -0 0 -1
vn -6.16529871e-14 8.16618581e-07 -1
vn -0 0 -1
vn -0 0 -1
vn -0 0 -1
vn -0 0 -1
vn 6.16558399e-14 -8.16656325e-07 -1
vn 1.26019825e-14 -1.66918312e-07 -1
vn 3.54029855e-14 -4.68926743e-07 -1
vn -6.16529871e-14 8.16618581e-07 -1
vn -0 0 -1
vn -8.97533932e-14 1.18881974e-06 -1
vn 5.90493502e-14 -7.82132304e-07 -1
vn -0 0 -1
vn 1.82241131e-13 -2.41385692e-06 -1
vn 1.26019825e-14 -1.66918312e-07 -1
vn 6.16558399e-14 -8.16656325e-07 -1
vn -1.31095597e-08 0.173641369 -0.984809041
vn -1.31094948e-08 0.173640519 -0.98480916
vn 5.9602562e-06 0.173648462 -0.98480773
vn -0 0 -1
vn -0 0 -1
vn -0 0 -1
vn -5.90475883e-14 7.82108998e-07 -1
vn -0 0 -1
vn -0 0 -1
vn 2.64763294e-05 0.173633605 -0.984810293
vn 3.31672345e-05 0.173622087 -0.984812438
vn 0.000117116877 0.173525319 -0.984829426
vn -0.957502663 -0.11170534 0.265914798
vn -0.939780831 -0.133108407 0.314792365
vn -0.998607576 -0.0173107758 0.0498325229
vn -1.2883089e-09 0.017064169 -0.999854386
vn -1.2880782e-09 0.0170611124 -0.999854505
vn -1.28840938e-09 0.017065499 -0.999854386
vn -0.707106173 0.707107365 -0
vn -0.707106948 0.70710665 -0
vn -0.382635921 0.923899233 -0
vn -2.33646679e-05 0.173637927 -0.984809577
vn -2.34795207e-05 0.17362158 -0.984812438
vn 2.64763294e-05 0.173633605 -0.984810293
vn 1 7.54979013e-08 -0
vn 1 7.54979013e-08 1.43950463e-09
vn 1 7.54979013e-08 -0
vn -0.923880577 -0.376868606 -0.0664436892
vn -1 -6.29457099e-06 -4.55791309e-07
vn -1 -5.8499254e-06 -1.16189801e-06
vn -0.873086631 0.453793824 0.178300172
vn -0.86573869 0.481430382 0.136825398
vn -0.880232394 0.407144696 0.243770391
vn 0.914638162 0.393431216 0.0929999426
vn 0.907742441 0.415031165 0.0612617247
vn 0.910635352 0.40656209 0.0738279745
vn -1 -5.8499254e-06 -1.16189801e-06
vn -1 -6.29457099e-06 -4.55791309e-07
vn -0.923867583 0.376897573 0.0664597824
vn 0.00140501617 0.765960217 0.642886579
vn -0.08900325 0.76300019 0.640241504
vn -0.0959032699 0.500234246 0.860562742
vn -0.640184641 -4.83325948e-08 -0.768221021
vn -0.640184641 -4.83325948e-08 -0.768221021
vn -0.640184641 -4.83325948e-08 -0.768221021
vn -0.640184641 -4.83325948e-08 -0.768221021
vn -0.640184641 -4.83325948e-08 -0.768221021
vn -0.640184641 -4.83325948e-08 -0.768221021
vn -0.364092708 0.484880388 0.795190215
vn -0.0959032699 0.500234246 0.860562742
vn -0.08900325 0.76300019 0.640241504
vn -0.699170411 0.207734883 0.684110403
vn -0.37802881 0.24691987 0.892258286
vn -0.364092708 0.484880388 0.795190215
vn -0.916059971 0.389168113 0.0968624428
vn -0.83637929 0.419920713 0.352329761
vn -0.645682335 0.690387309 0.326281637
vn -0.37802881 0.24691987 0.892258286
vn -0.0984928459 0.259496778 0.96070838
vn -0.0959032699 0.500234246 0.860562742
vn -0.0959484428 0.934365809 0.343153924
vn -0.0985668823 0.991165161 0.0887479559
vn -0.378213584 0.921494901 0.0883272588
vn -0.916045308 0.162940025 0.366485566
vn -0.699170411 0.207734883 0.684110403
vn -0.645710051 0.441157818 0.62324816
vn -0.36435014 0.867232203 0.339348495
vn -0.378213584 0.921494901 0.0883272588
vn -0.699263632 0.709687173 0.0858754143
vn -0.08900325 0.76300019 0.640241504
vn -0.0959484428 0.934365809 0.343153924
vn -0.36435014 0.867232203 0.339348495
vn -0.36435014 0.867232203 0.339348495
vn -0.645682335 0.690387309 0.326281637
vn -0.342665911 0.719603002 0.603946686
vn -0.0984928459 0.259496778 0.96070838
vn -0.37802881 0.24691987 0.892258286
vn -0.375265628 0.161022484 0.912823975
vn 0.00075969717 0.508948386 0.860796809
vn -0.0959032699 0.500234246 0.860562742
vn -0.0984928459 0.259496778 0.96070838
vn -0.0959484428 0.934365809 0.343153924
vn -0.08900325 0.76300019 0.640241504
vn 0.00140501617 0.765960217 0.642886579
vn -0.0985668823 0.991165161 0.0887479559
vn -0.0980897173 0.995177567 -0
vn -0.382785797 0.923837125 0.000170675019
vn -0.988220572 0.117227569 0.0983766988
vn -0.916045308 0.162940025 0.366485566
vn -0.83637929 0.419920713 0.352329761
vn -0.645710051 0.441157818 0.62324816
vn -0.342665911 0.719603002 0.603946686
vn -0.645682335 0.690387309 0.326281637
vn -1 -7.54979013e-08 8.04426577e-07
vn -1 -7.54979013e-08 8.04426577e-07
vn -1 -7.54979013e-08 8.04426577e-07
vn -1 -7.54979013e-08 8.04426577e-07
vn -1 -7.54979013e-08 8.04426577e-07
vn -1 -7.54979013e-08 8.04426577e-07
vn -1 -7.54979013e-08 8.04426577e-07
vn -1 -7.54979013e-08 8.04426577e-07
vn -1 -7.54979013e-08 8.04426577e-07
vn -1 -7.54979013e-08 8.04426577e-07
vn -1 -7.54979013e-08 8.04426577e-07
vn -1 -7.54979013e-08 8.04426577e-07
vn -1 -7.54979013e-08 8.04426577e-07
vn -1 -7.54979013e-08 8.04426577e-07
vn -1 -7.54979013e-08 8.04426577e-07
vn -1 -7.54979013e-08 8.04426577e-07
vn -1 -7.54979013e-08 8.04426577e-07
vn -1 -7.54979013e-08 8.04426577e-07
vn -1 -7.54979013e-08 8.04426577e-07
vn -1 -7.54979013e-08 8.04426577e-07
vn -1 -7.54979013e-08 8.04426577e-07
vn -0.0985668823 0.991165161 0.0887479559
vn -0.0959484428 0.934365809 0.343153924
vn 0.000728847459 0.936089635 0.351760834
vn 0.00140501617 0.765960217 0.642886579
vn -0.0959032699 0.500234246 0.860562742
vn 0.00075969717 0.508948386 0.860796809
vn -0.378213584 0.921494901 0.0883272588
vn -0.382785797 0.923837125 0.000170675019
vn -0.706805229 0.70740819 0.000291924574
vn -0.83637929 0.419920713 0.352329761
vn -0.645710051 0.441157818 0.62324816
vn -0.645682335 0.690387309 0.326281637
vn -0.000176189176 0.177370697 0.984144151
vn -8.35571409e-05 0.173795432 0.984781861
vn -0.00151159381 0.175077036 0.984553576
vn -0.000176189176 0.177370697 0.984144151
vn -0.00151159381 0.175077036 0.984553576
vn -0.000448955456 0.176788032 0.984248936
vn -0.364092708 0.484880388 0.795190215
vn -0.342665911 0.719603002 0.603946686
vn -0.645710051 0.441157818 0.62324816
vn -0.587832689 -0.796707928 0.140388966
vn -0.808822513 -0.579087913 0.102290623
vn -0.808827996 -0.579084635 0.102265537
vn -0.587832689 -0.796707928 0.140388966
vn -0.808827996 -0.579084635 0.102265537
vn -0.587830424 -0.796709657 0.140389279
vn 0.808991849 -0.578899801 0.102015562
vn 0.809004664 -0.578882456 0.1020125
vn 0.951054931 -0.304330736 0.0536421947
vn 0.808991849 -0.578899801 0.102015562
vn 0.951054931 -0.304330736 0.0536421947
vn 0.951041639 -0.304370731 0.0536492392
vn -0.699170411 0.207734883 0.684110403
vn -0.364092708 0.484880388 0.795190215
vn -0.645710051 0.441157818 0.62324816
vn -0.0959484428 0.934365809 0.343153924
vn -0.378213584 0.921494901 0.0883272588
vn -0.36435014 0.867232203 0.339348495
vn -0.6401847 -4.83325984e-08 -0.768220961
vn -0.6401847 -4.83325984e-08 -0.768220961
vn -0.6401847 -4.83325984e-08 -0.768220961
vn -0.6401847 -4.83325984e-08 -0.768220961
vn -0.6401847 -4.83325984e-08 -0.768220961
vn -0.6401847 -4.83325984e-08 -0.768220961
vn -0.916059971 0.389168113 0.0968624428
vn -0.645682335 0.690387309 0.326281637
vn -0.699263632 0.709687173 0.0858754143
vn -0.364092708 0.484880388 0.795190215
vn -0.08900325 0.76300019 0.640241504
vn -0.342665911 0.719603002 0.603946686
vn -0.916045308 0.162940025 0.366485566
vn -0.645710051 0.441157818 0.62324816
vn -0.83637929 0.419920713 0.352329761
vn -0 0 -1
vn -0 0 -1
vn -0 0 -1
vn -0 0 -1
vn -0 0 -1
vn -0 0 -1
vn -0.37802881 0.24691987 0.892258286
vn -0.0959032699 0.500234246 0.860562742
vn -0.364092708 0.484880388 0.795190215
vn -0.36435014 0.867232203 0.339348495
vn -0.699263632 0.709687173 0.0858754143
vn -0.645682335 0.690387309 0.326281637
vn -0.08900325 0.76300019 0.640241504
vn -0.36435014 0.867232203 0.339348495
vn -0.342665911 0.719603002 0.603946686
vn -0.375265628 0.161022484 0.912823975
vn -0.0969603658 0.172836691 0.980166376
vn -0.0984928459 0.259496778 0.96070838
vn -0.915673852 0.069845058 0.395807058
vn -0.696090519 0.124778293 0.707027853
vn -0.699170411 0.207734883 0.684110403
vn -0.915673852 0.069845058 0.395807058
vn -0.699170411 0.207734883 0.684110403
vn -0.916045308 0.162940025 0.366485566
vn 0.00075969717 0.508948386 0.860796809
vn -0.0984928459 0.259496778 0.96070838
vn -2.00027603e-08 0.264944583 0.964263678
vn -0.997851133 0.0655219406 1.23330101e-05
vn -0.988220572 0.117227569 0.0983766988
vn -0.916059971 0.389168113 0.0968624428
vn -0.997851133 0.0655219406 1.23330101e-05
vn -0.916059971 0.389168113 0.0968624428
vn -0.923604846 0.383345902 0.00014569996
vn -0.0959484428 0.934365809 0.343153924
vn 0.00140501617 0.765960217 0.642886579
vn 0.000728847459 0.936089635 0.351760834
vn -0.0985668823 0.991165161 0.0887479559
vn -0.382785797 0.923837125 0.000170675019
vn -0.378213584 0.921494901 0.0883272588
vn -0.988220572 0.117227569 0.0983766988
vn -0.83637929 0.419920713 0.352329761
vn -0.916059971 0.389168113 0.0968624428
vn -0.0784623027 0.981787443 -0.173023656
vn -0.078461431 0.981787443 -0.173023656
vn -0.308957666 0.936625898 -0.165157735
vn -0.0784623027 0.981787443 -0.173023656
vn -0.308957666 0.936625898 -0.165157735
vn -0.308960587 0.936625063 -0.165157586
vn -0.0784697458 -0.981801271 0.172941625
vn -0.309017867 -0.936633527 0.165001988
vn -0.308984011 -0.936582625 0.165354028
vn -0.0784697458 -0.981801271 0.172941625
vn -0.308984011 -0.936582625 0.165354028
vn -0.0784712136 -0.981801152 0.17294161
vn -1.58178057e-08 0.173650533 0.984807312
vn -1.58178057e-08 0.173650533 0.984807312
vn -1.58178057e-08 0.173650533 0.984807312
vn -1.58178057e-08 0.173650533 0.984807312
vn -1.58178057e-08 0.173650533 0.984807312
vn -1.58178057e-08 0.173650533 0.984807312
vn -1.58178057e-08 0.173650533 0.984807312
vn -1.58178057e-08 0.173650533 0.984807312
vn -1.58178057e-08 0.173650533 0.984807312
vn -1.58178057e-08 0.173650533 0.984807312
vn -1.58178057e-08 0.173650533 0.984807312
vn -1.58178057e-08 0.173650533 0.984807312
vn -1.58178057e-08 0.173650533 0.984807312
vn -1.58178057e-08 0.173650533 0.984807312
vn -1.58178057e-08 0.173650533 0.984807312
vn -1.58178057e-08 0.173650533 0.984807312
vn -1.58178057e-08 0.173650533 0.984807312
vn -1.58178057e-08 0.173650533 0.984807312
vn -1.58178057e-08 0.173650533 0.984807312
vn -1.58178057e-08 0.173650533 0.984807312
vn -1.58178057e-08 0.173650533 0.984807312
vn -1.58178057e-08 0.173650533 0.984807312
vn -1.58178057e-08 0.173650533 0.984807312
vn -1.58178057e-08 0.173650533 0.984807312
vn -1.58178057e-08 0.173650533 0.984807312
vn -1.58178057e-08 0.173650533 0.984807312
vn -1.58178057e-08 0.173650533 0.984807312
vn -1.58178057e-08 0.173650533 0.984807312
vn -1.58178057e-08 0.173650533 0.984807312
vn -1.58178057e-08 0.173650533 0.984807312
vn -1.58178057e-08 0.173650533 0.984807312
vn -1.58178057e-08 0.173650533 0.984807312
vn -1.58178057e-08 0.173650533 0.984807312
vn -1.58178057e-08 0.173650533 0.984807312
vn -1.58178057e-08 0.173650533 0.984807312
vn -1.58178057e-08 0.173650533 0.984807312
vn -1.58178057e-08 0.173650533 0.984807312
vn -1.58178057e-08 0.173650533 0.984807312
vn -1.58178057e-08 0.173650533 0.984807312
vn -1.58178057e-08 0.173650533 0.984807312
vn -1.58178057e-08 0.173650533 0.984807312
vn -1.58178057e-08 0.173650533 0.984807312
vn -1.58178057e-08 0.173650533 0.984807312
vn -1.58178057e-08 0.173650533 0.984807312
vn -1.58178057e-08 0.173650533 0.984807312
vn -1.58178057e-08 0.173650533 0.984807312
vn -1.58178057e-08 0.173650533 0.984807312
vn -1.58178057e-08 0.173650533 0.984807312
vn -1.58178057e-08 0.173650533 0.984807312
vn -1.58178057e-08 0.173650533 0.984807312
vn -1.58178057e-08 0.173650533 0.984807312
vn -1.58178057e-08 0.173650533 0.984807312
vn -1.58178057e-08 0.173650533 0.984807312
vn -1.58178057e-08 0.173650533 0.984807312
vn -1.58178057e-08 0.173650533 0.984807312
vn -1.58178057e-08 0.173650533 0.984807312
vn -1.58178057e-08 0.173650533 0.984807312
vn -1.58178057e-08 0.173650533 0.984807312
vn -1.58178057e-08 0.173650533 0.984807312
vn -1.58178057e-08 0.173650533 0.984807312
vn -1.58178057e-08 0.173650533 0.984807312
vn -1.58178057e-08 0.173650533 0.984807312
vn -1.58178057e-08 0.173650533 0.984807312
vn -1.58178057e-08 0.173650533 0.984807312
vn -1.58178057e-08 0.173650533 0.984807312
vn -1.58178057e-08 0.173650533 0.984807312
vn -0.0985668823 0.991165161 0.0887479559
vn 0.000728847459 0.936089635 0.351760834
vn -7.51683586e-08 0.995635092 0.0933319554
vn -0.994022906 0.0189644787 0.107512169
vn -0.915673852 0.069845058 0.395807058
vn -0.916045308 0.162940025 0.366485566
vn -0.994022906 0.0189644787 0.107512169
vn -0.916045308 0.162940025 0.366485566
vn -0.988220572 0.117227569 0.0983766988
vn 0.70710659 5.33850653e-08 -0.707107008
vn 0.70710659 5.33850653e-08 -0.707107008
vn 0.70710659 5.33850653e-08 -0.707107008
vn 0.70710659 5.33850653e-08 -0.707107008
vn 0.70710659 5.33850653e-08 -0.707107008
vn 0.70710659 5.33850653e-08 -0.707107008
vn -0.808781445 0.579176545 -0.102113359
vn -0.809056163 0.578795731 -0.102095649
vn -0.951060712 0.304306388 -0.0536771081
vn -0.808781445 0.579176545 -0.102113359
vn -0.951060712 0.304306388 -0.0536771081
vn -0.951044738 0.304354757 -0.0536856391
vn 0.0784704983 -0.981801152 0.172941923
vn 0.0784690306 -0.981801271 0.172941938
vn -0.0784697458 -0.981801271 0.172941625
vn 0.0784704983 -0.981801152 0.172941923
vn -0.0784697458 -0.981801271 0.172941625
vn -0.0784712136 -0.981801152 0.17294161
vn -0.078461431 0.981787443 -0.173023656
vn -0.0784623027 0.981787443 -0.173023656
vn 0.0784618631 0.981787443 -0.173023656
vn -0.078461431 0.981787443 -0.173023656
vn 0.0784618631 0.981787443 -0.173023656
vn 0.0784610063 0.981787503 -0.173023686
vn -0.951049328 -0.304347426 0.053644184
vn -0.951036215 -0.30438745 0.0536512323
vn -0.996912181 -0.0773304999 0.0136437193
vn -0.951049328 -0.304347426 0.053644184
vn -0.996912181 -0.0773304999 0.0136437193
vn -0.996908844 -0.0773720816 0.0136510544
vn 0.587830842 -0.796709359 0.140389025
vn 0.587828517 -0.796711028 0.140389308
vn 0.809004664 -0.578882456 0.1020125
vn 0.587830842 -0.796709359 0.140389025
vn 0.809004664 -0.578882456 0.1020125
vn 0.808991849 -0.578899801 0.102015562
vn -0.378213584 0.921494901 0.0883272588
vn -0.706805229 0.70740819 0.000291924574
vn -0.699263632 0.709687173 0.0858754143
vn -1 -7.54979013e-08 -0
vn -1 -7.54979013e-08 -0
vn -0.994022906 0.0189644787 0.107512169
vn -0.994022906 0.0189644787 0.107512169
vn -0.988220572 0.117227569 0.0983766988
vn -0.997851133 0.0655219406 1.23330101e-05
vn -0.994022906 0.0189644787 0.107512169
vn -0.997851133 0.0655219406 1.23330101e-05
vn -1 -7.54979013e-08 -0
vn -0.996911883 0.0773343667 -0.013641296
vn -0.996910095 0.0773570165 -0.0136452895
vn -0.996908844 -0.0773720816 0.0136510544
vn -0.996911883 0.0773343667 -0.013641296
vn -0.996908844 -0.0773720816 0.0136510544
vn -0.996912181 -0.0773304999 0.0136437193
vn -0 0 -1
vn -0 0 -1
vn -0 0 -1
vn -0 0 -1
vn -0 0 -1
vn -0 0 -1
vn -0.951044738 0.304354757 -0.0536856391
vn -0.951060712 0.304306388 -0.0536771081
vn -0.996910095 0.0773570165 -0.0136452895
vn -0.951044738 0.304354757 -0.0536856391
vn -0.996910095 0.0773570165 -0.0136452895
vn -0.996911883 0.0773343667 -0.013641296
vn 0.58772254 0.796758235 -0.140565097
vn 0.808985293 0.578891814 -0.102112956
vn 0.80897218 0.578909576 -0.102116086
vn 0.58772254 0.796758235 -0.140565097
vn 0.80897218 0.578909576 -0.102116086
vn 0.587757826 0.796732903 -0.140560612
vn -0.00308736227 0.173661187 0.984800696
vn -0.00252368394 0.174041808 0.984735072
vn -0.00151159381 0.175077036 0.984553576
vn -0.00308736227 0.173661187 0.984800696
vn -0.00151159381 0.175077036 0.984553576
vn -0.000160120035 0.173689499 0.984800458
vn -0.308984011 -0.936582625 0.165354028
vn -0.309017867 -0.936633527 0.165001988
vn -0.587832689 -0.796707928 0.140388966
vn -0.308984011 -0.936582625 0.165354028
vn -0.587832689 -0.796707928 0.140388966
vn -0.587830424 -0.796709657 0.140389279
vn 6.27646557e-07 0.996319115 -0.0857227817
vn 1.32617026e-06 0.985303283 -0.170814469
vn 1.32617026e-06 0.985303283 -0.170814469
vn 6.27646557e-07 0.996319115 -0.0857227817
vn 1.32617026e-06 0.985303283 -0.170814469
vn 3.92214105e-07 0.998372555 -0.0570279509
vn -0.808822513 -0.579087913 0.102290623
vn -0.951036215 -0.30438745 0.0536512323
vn -0.951049328 -0.304347426 0.053644184
vn -0.808822513 -0.579087913 0.102290623
vn -0.951049328 -0.304347426 0.053644184
vn -0.808827996 -0.579084635 0.102265537
vn -0 0 -1
vn -0 0 -1
vn -0 0 -1
vn -0 0 -1
vn -0 0 -1
vn -0 0 -1
vn -0 0 -1
vn -0 0 -1
vn -0 0 -1
vn -0 0 -1
vn -0 0 -1
vn -0 0 -1
vn -0 0 -1
vn -0 0 -1
vn -0 0 -1
vn -0 0 -1
vn -0 0 -1
vn -0 0 -1
vn 0.0784618631 0.981787443 -0.173023656
vn 0.308960199 0.936625183 -0.165157631
vn 0.308957279 0.936626077 -0.165157765
vn 0.0784618631 0.981787443 -0.173023656
vn 0.308957279 0.936626077 -0.165157765
vn 0.0784610063 0.981787503 -0.173023686
vn -0 0 -1
vn -0 0 -1
vn -0 0 -1
vn -0 0 -1
vn -0 0 -1
vn -0 0 -1
vn -0 0 -1
vn -0 0 -1
vn -0 0 -1
vn -0 0 -1
vn -0 0 -1
vn -0 0 -1
vn -0 0 -1
vn -0 0 -1
vn -0 0 -1
vn -0 0 -1
vn -0 0 -1
vn -0 0 -1
vn 0.308960199 0.936625183 -0.165157631
vn 0.58772254 0.796758235 -0.140565097
vn 0.587757826 0.796732903 -0.140560612
vn 0.308960199 0.936625183 -0.165157631
vn 0.587757826 0.796732903 -0.140560612
vn 0.308957279 0.936626077 -0.165157765
vn -0.375265628 0.161022484 0.912823975
vn -0.37802881 0.24691987 0.892258286
vn -0.699170411 0.207734883 0.684110403
vn -0.375265628 0.161022484 0.912823975
vn -0.699170411 0.207734883 0.684110403
vn -0.696090519 0.124778293 0.707027853
vn -0.308957666 0.936625898 -0.165157735
vn -0.58775866 0.796732426 -0.140560552
vn -0.587723315 0.796757638 -0.140564993
vn -0.308957666 0.936625898 -0.165157735
vn -0.587723315 0.796757638 -0.140564993
vn -0.308960587 0.936625063 -0.165157586
vn 0.951041639 -0.304370731 0.0536492392
vn 0.951054931 -0.304330736 0.0536421947
vn 0.996921301 -0.0772166103 0.0136249894
vn 0.951041639 -0.304370731 0.0536492392
vn 0.996921301 -0.0772166103 0.0136249894
vn 0.996924579 -0.0771751031 0.0136176646
vn 0.951065719 0.304290861 -0.0536756776
vn 0.951049745 0.304339349 -0.0536842309
vn 0.996924281 0.0771788135 -0.0136145335
vn 0.951065719 0.304290861 -0.0536756776
vn 0.996924281 0.0771788135 -0.0136145335
vn 0.996922493 0.0772013962 -0.0136185177
vn -0 0 -1
vn -0 0 -1
vn -0 0 -1
vn -0 0 -1
vn -0 0 -1
vn -0 0 -1
vn 0.808985293 0.578891814 -0.102112956
vn 0.951049745 0.304339349 -0.0536842309
vn 0.951065719 0.304290861 -0.0536756776
vn 0.808985293 0.578891814 -0.102112956
vn 0.951065719 0.304290861 -0.0536756776
vn 0.80897218 0.578909576 -0.102116086
vn 0.999992073 0.00069458154 0.00393992942
vn 0.999992073 0.00069458154 0.00393992942
vn 0.999992073 0.00069458154 0.00393992942
vn 0.999992073 0.00069458154 0.00393992942
vn 0.999992073 0.00069458154 0.00393992942
vn 0.999992073 0.00069458154 0.00393992942
vn -0.640184641 -4.83325948e-08 -0.768221021
vn -0.640184641 -4.83325948e-08 -0.768221021
vn -0.640184641 -4.83325948e-08 -0.768221021
vn -0.640184641 -4.83325948e-08 -0.768221021
vn -0.640184641 -4.83325948e-08 -0.768221021
vn -0.640184641 -4.83325948e-08 -0.768221021
vn 0.640184462 4.83325842e-08 -0.768221259
vn 0.640184462 4.83325842e-08 -0.768221259
vn 0.640184462 4.83325842e-08 -0.768221259
vn 0.640184462 4.83325842e-08 -0.768221259
vn 0.640184462 4.83325842e-08 -0.768221259
vn 0.640184462 4.83325842e-08 -0.768221259
vn -7.54979013e-08 1 -0
vn -7.54979013e-08 1 -0
vn -7.54979013e-08 1 -0
vn -7.54979013e-08 1 -0
vn -7.54979013e-08 1 -0
vn -7.54979013e-08 1 -0
vn -7.54979013e-08 1 -0
vn -7.54979013e-08 1 -0
vn -7.54979013e-08 1 -0
vn -7.54979013e-08 1 -0
vn -7.54979013e-08 1 -0
vn -7.54979013e-08 1 -0
vn -7.54979013e-08 1 -0
vn -7.54979013e-08 1 -0
vn -7.54979013e-08 1 -0
vn -7.54979013e-08 1 -0
vn -7.54979013e-08 1 -0
vn -7.54979013e-08 1 -0
vn -7.54979013e-08 1 -0
vn -7.54979013e-08 1 -0
vn -7.54979013e-08 1 -0
vn -7.54979013e-08 1 -0
vn -7.54979013e-08 1 -0
vn -7.54979013e-08 1 -0
vn -7.54979013e-08 1 -0
vn -7.54979013e-08 1 -0
vn -7.54979013e-08 1 -0
vn -7.54979013e-08 1 -0
vn -7.54979013e-08 1 -0
vn -7.54979013e-08 1 -0
vn -7.54979013e-08 1 -0
vn -7.54979013e-08 1 -0
vn -7.54979013e-08 1 -0
vn -7.54979013e-08 1 -0
vn -7.54979013e-08 1 -0
vn -7.54979013e-08 1 -0
vn -0.000160120035 0.173689499 0.984800458
vn -0.00151159381 0.175077036 0.984553576
vn -8.08336117e-05 0.173690259 0.984800279
vn -8.35571409e-05 0.173795432 0.984781861
vn -0.000176189176 0.177370697 0.984144151
vn -8.08336117e-05 0.173690259 0.984800279
vn -8.35571409e-05 0.173795432 0.984781861
vn -8.08336117e-05 0.173690259 0.984800279
vn -8.08336117e-05 0.173690259 0.984800279
vn -8.08336117e-05 0.173690259 0.984800279
vn -0.000160120035 0.173689499 0.984800458
vn -8.08336117e-05 0.173690259 0.984800279
vn -8.08336117e-05 0.173690259 0.984800279
vn -8.08336117e-05 0.173690259 0.984800279
vn -8.08336117e-05 0.173690259 0.984800279
vn -8.35571409e-05 0.173795432 0.984781861
vn -8.08336117e-05 0.173690259 0.984800279
vn -8.08336117e-05 0.173690259 0.984800279
vn -8.35571409e-05 0.173795432 0.984781861
vn -8.08336117e-05 0.173690259 0.984800279
vn -8.08336117e-05 0.173690259 0.984800279
vn -8.08336117e-05 0.173690259 0.984800279
vn -8.08336117e-05 0.173690259 0.984800279
vn -8.08336117e-05 0.173690259 0.984800279
vn -8.08336117e-05 0.173690259 0.984800279
vn -8.08336117e-05 0.173690259 0.984800279
vn -8.08336117e-05 0.173690259 0.984800279
vn -8.35571409e-05 0.173795432 0.984781861
vn -8.08336117e-05 0.173690259 0.984800279
vn -8.08336117e-05 0.173690259 0.984800279
vn -8.35571409e-05 0.173795432 0.984781861
vn -8.08336117e-05 0.173690259 0.984800279
vn -8.08336117e-05 0.173690259 0.984800279
vn -8.08336117e-05 0.173690259 0.984800279
vn -8.08336117e-05 0.173690259 0.984800279
vn -8.08336117e-05 0.173690259 0.984800279
vn -8.08336117e-05 0.173690259 0.984800279
vn -8.08336117e-05 0.173690259 0.984800279
vn -8.08336117e-05 0.173690259 0.984800279
vn -8.08336117e-05 0.173690259 0.984800279
vn -8.35571409e-05 0.173795432 0.984781861
vn -8.08336117e-05 0.173690259 0.984800279
vn -8.08336117e-05 0.173690259 0.984800279
vn -8.08336117e-05 0.173690259 0.984800279
vn -8.08336117e-05 0.173690259 0.984800279
vn -8.08336117e-05 0.173690259 0.984800279
vn -8.08336117e-05 0.173690259 0.984800279
vn -8.08336117e-05 0.173690259 0.984800279
vn -8.08336117e-05 0.173690259 0.984800279
vn -8.08336117e-05 0.173690259 0.984800279
vn -8.08336117e-05 0.173690259 0.984800279
vn -8.08336117e-05 0.173690259 0.984800279
vn -8.08336117e-05 0.173690259 0.984800279
vn -8.08336117e-05 0.173690259 0.984800279
vn -8.08336117e-05 0.173690259 0.984800279
vn -8.08336117e-05 0.173690259 0.984800279
vn -8.08336117e-05 0.173690259 0.984800279
vn -8.08336117e-05 0.173690259 0.984800279
vn -8.08336117e-05 0.173690259 0.984800279
vn -8.08336117e-05 0.173690259 0.984800279
vn -8.08336117e-05 0.173690259 0.984800279
vn -8.08336117e-05 0.173690259 0.984800279
vn -8.08336117e-05 0.173690259 0.984800279
vn -1.3110566e-08 0.173654705 0.984806597
vn -2.00027603e-08 0.264944583 0.964263678
vn -0.0984928459 0.259496778 0.96070838
vn -1.3110566e-08 0.173654705 0.984806597
vn -0.0984928459 0.259496778 0.96070838
vn -0.0969603658 0.172836691 0.980166376
vn -0.70710665 -5.33850688e-08 -0.707106888
vn -0.70710665 -5.33850688e-08 -0.707106888
vn -0.70710665 -5.33850688e-08 -0.707106888
vn -0.70710665 -5.33850688e-08 -0.707106888
vn -0.70710665 -5.33850688e-08 -0.707106888
vn -0.70710665 -5.33850688e-08 -0.707106888
vn -0 0 -1
vn -0 0 -1
vn -0 0 -1
vn -0 0 -1
vn -0 0 -1
vn -0 0 -1
vn -0.00125446671 0.174898505 0.984585643
vn -0.000448955456 0.176788032 0.984248936
vn -0.00151159381 0.175077036 0.984553576
vn -0.00151159381 0.175077036 0.984553576
vn -0.00252368394 0.174041808 0.984735072
vn -0.00125446671 0.174898505 0.984585643
vn -0.00125446671 0.174898505 0.984585643
vn -0.00151159381 0.175077036 0.984553576
vn -0.00125446671 0.174898505 0.984585643
vn 0.640184581 4.83325913e-08 -0.7682212
vn 0.640184581 4.83325913e-08 -0.7682212
vn 0.640184581 4.83325913e-08 -0.7682212
vn 0.640184581 4.83325913e-08 -0.7682212
vn 0.640184581 4.83325913e-08 -0.7682212
vn 0.640184581 4.83325913e-08 -0.7682212
vn -0 0 -1
vn -0 0 -1
vn -0 0 -1
vn -0 0 -1
vn -0 0 -1
vn -0 0 -1
vn -0.640184581 -4.83325913e-08 -0.7682212
vn -0.640184581 -4.83325913e-08 -0.7682212
vn -0.640184581 -4.83325913e-08 -0.7682212
vn -0.640184581 -4.83325913e-08 -0.7682212
vn -0.640184581 -4.83325913e-08 -0.7682212
vn -0.640184581 -4.83325913e-08 -0.7682212
vn 2.00255339e-15 -2.65246225e-08 -1
vn 2.00255339e-15 -2.65246225e-08 -1
vn 2.00255339e-15 -2.65246225e-08 -1
vn 2.00255339e-15 -2.65246225e-08 -1
vn 2.00255339e-15 -2.65246225e-08 -1
vn 2.00255339e-15 -2.65246225e-08 -1
vn 2.00255339e-15 -2.65246225e-08 -1
vn 2.00255339e-15 -2.65246225e-08 -1
vn 2.00255339e-15 -2.65246225e-08 -1
vn 2.00255339e-15 -2.65246225e-08 -1
vn 2.00255339e-15 -2.65246225e-08 -1
vn 2.00255339e-15 -2.65246225e-08 -1
vn 2.00255339e-15 -2.65246225e-08 -1
vn 2.00255339e-15 -2.65246225e-08 -1
vn 2.00255339e-15 -2.65246225e-08 -1
vn -0 0 -1
vn -0 0 -1
vn -0 0 -1
vn -0 0 -1
vn -0 0 -1
vn -0 0 -1
vn 0.640184581 4.83325913e-08 -0.7682212
vn 0.640184581 4.83325913e-08 -0.7682212
vn 0.640184581 4.83325913e-08 -0.7682212
vn 0.640184581 4.83325913e-08 -0.7682212
vn 0.640184581 4.83325913e-08 -0.7682212
vn 0.640184581 4.83325913e-08 -0.7682212
vn -0.58775866 0.796732426 -0.140560552
vn -0.809056163 0.578795731 -0.102095649
vn -0.808781445 0.579176545 -0.102113359
vn -0.58775866 0.796732426 -0.140560552
vn -0.808781445 0.579176545 -0.102113359
vn -0.587723315 0.796757638 -0.140564993
vn -0 0 -1
vn -0 0 -1
vn -0 0 -1
vn -0 0 -1
vn -0 0 -1
vn -0 0 -1
vn 0.640184581 4.83325913e-08 -0.7682212
vn 0.640184581 4.83325913e-08 -0.7682212
vn 0.640184581 4.83325913e-08 -0.7682212
vn 0.640184581 4.83325913e-08 -0.7682212
vn 0.640184581 4.83325913e-08 -0.7682212
vn 0.640184581 4.83325913e-08 -0.7682212
vn -0.923604846 0.383345902 0.00014569996
vn -0.916059971 0.389168113 0.0968624428
vn -0.699263632 0.709687173 0.0858754143
vn -0.923604846 0.383345902 0.00014569996
vn -0.699263632 0.709687173 0.0858754143
vn -0.706805229 0.70740819 0.000291924574
vn 7.54979013e-08 -1 -0
vn 7.54979013e-08 -1 -0
vn 7.54979013e-08 -1 -0
vn 7.54979013e-08 -1 -0
vn 7.54979013e-08 -1 -0
vn 7.54979013e-08 -1 -0
vn 7.54979013e-08 -1 -0
vn 7.54979013e-08 -1 -0
vn 7.54979013e-08 -1 -0
vn 7.54979013e-08 -1 -0
vn 7.54979013e-08 -1 -0
vn 7.54979013e-08 -1 -0
vn 7.54979013e-08 -1 -0
vn 7.54979013e-08 -1 -0
vn 7.54979013e-08 -1 -0
vn 7.54979013e-08 -1 -0
vn 7.54979013e-08 -1 -0
vn 7.54979013e-08 -1 -0
vn 7.54979013e-08 -1 -0
vn 7.54979013e-08 -1 -0
vn 7.54979013e-08 -1 -0
vn 7.54979013e-08 -1 -0
vn 7.54979013e-08 -1 -0
vn 7.54979013e-08 -1 -0
vn 7.54979013e-08 -1 -0
vn 7.54979013e-08 -1 -0
vn 7.54979013e-08 -1 -0
vn 7.54979013e-08 -1 -0
vn 7.54979013e-08 -1 -0
vn 7.54979013e-08 -1 -0
vn 0.996924579 -0.0771751031 0.0136176646
vn 0.996921301 -0.0772166103 0.0136249894
vn 0.996922493 0.0772013962 -0.0136185177
vn 0.996924579 -0.0771751031 0.0136176646
vn 0.996922493 0.0772013962 -0.0136185177
vn 0.996924281 0.0771788135 -0.0136145335
vn -7.54979013e-08 1 -0
vn -7.54979013e-08 1 -0
vn -7.54979013e-08 1 -0
vn -7.54979013e-08 1 -0
vn -7.54979013e-08 1 -0
vn -7.54979013e-08 1 -0
vn -7.54979013e-08 1 -0
vn -7.54979013e-08 1 -0
vn -7.54979013e-08 1 -0
vn -7.54979013e-08 1 -0
vn -7.54979013e-08 1 -0
vn -7.54979013e-08 1 -0
vn -7.54979013e-08 1 -0
vn -7.54979013e-08 1 -0
vn -7.54979013e-08 1 -0
vn -7.54979013e-08 1 -0
vn -7.54979013e-08 1 -0
vn -7.54979013e-08 1 -0
vn -7.54979013e-08 1 -0
vn -7.54979013e-08 1 -0
vn -7.54979013e-08 1 -0
vn -7.54979013e-08 1 -0
vn -7.54979013e-08 1 -0
vn -7.54979013e-08 1 -0
vn -7.54979013e-08 1 -0
vn -7.54979013e-08 1 -0
vn -7.54979013e-08 1 -0
vn -7.54979013e-08 1 -0
vn -7.54979013e-08 1 -0
vn -7.54979013e-08 1 -0
vn 7.43110817e-08 -0.984280109 0.17661415
vn 7.43110817e-08 -0.984280109 0.17661415
vn 1.48611861e-07 -0.998253345 0.0590781309
vn 7.43110817e-08 -0.984280109 0.17661415
vn 1.48611861e-07 -0.998253345 0.0590781309
vn 1.48674218e-07 -0.998259306 0.0589777045
vn 0.309017122 -0.936633646 0.165002182
vn 0.309022814 -0.936631918 0.165001854
vn 0.587828517 -0.796711028 0.140389308
vn 0.309017122 -0.936633646 0.165002182
vn 0.587828517 -0.796711028 0.140389308
vn 0.587830842 -0.796709359 0.140389025
vn 1 7.54979013e-08 -0
vn 1 7.54979013e-08 -0
vn 1 7.54979013e-08 -0
vn 1 7.54979013e-08 -0
vn 1 7.54979013e-08 -0
vn 1 7.54979013e-08 -0
vn -1 -7.54979013e-08 -0
vn -1 -7.54979013e-08 -0
vn -1 -7.54979013e-08 -0
vn -1 -7.54979013e-08 -0
vn -1 -7.54979013e-08 -0
vn -1 -7.54979013e-08 -0
vn 0.0784690306 -0.981801271 0.172941938
vn 0.0784704983 -0.981801152 0.172941923
vn 0.309022814 -0.936631918 0.165001854
vn 0.0784690306 -0.981801271 0.172941938
vn 0.309022814 -0.936631918 0.165001854
vn 0.309017122 -0.936633646 0.165002182
vn 0.996185303 0.015153016 0.0859372318
vn 0.931342721 0.0632323772 0.358611912
vn 0.916004598 0.0696613938 0.395073056
vn 0.996185303 0.015153016 0.0859372318
vn 0.916004598 0.0696613938 0.395073056
vn 0.994059026 0.0189001989 0.107188724
vn 0.931342721 0.0632323772 0.358611912
vn 0.717813551 0.120898917 0.685658216
vn 0.696011901 0.124683529 0.707121968
vn 0.931342721 0.0632323772 0.358611912
vn 0.696011901 0.124683529 0.707121968
vn 0.916004598 0.0696613938 0.395073056
vn 0.717813551 0.120898917 0.685658216
vn 0.390148312 0.159887493 0.906763673
vn 0.374708444 0.160997376 0.913057268
vn 0.717813551 0.120898917 0.685658216
vn 0.374708444 0.160997376 0.913057268
vn 0.696011901 0.124683529 0.707121968
vn 0.390148312 0.159887493 0.906763673
vn 0.0990450457 0.172799021 0.979964614
vn 0.0969023407 0.172835693 0.980172396
vn 0.390148312 0.159887493 0.906763673
vn 0.0969023407 0.172835693 0.980172396
vn 0.374708444 0.160997376 0.913057268
vn -7.51683586e-08 0.995635092 0.0933319554
vn 6.27646557e-07 0.996319115 -0.0857227817
vn 3.92214105e-07 0.998372555 -0.0570279509
vn 3.92214105e-07 0.998372555 -0.0570279509
vn -7.54979013e-08 1 -0
vn -7.54979013e-08 1 -0
vn -7.54979013e-08 1 -0
vn -7.54979013e-08 1 -0
vn -7.54979013e-08 1 -0
vn -7.54979013e-08 1 -0
vn -7.54979013e-08 1 -0
vn -7.54979013e-08 1 -0
vn -7.54979013e-08 1 -0
vn -0.0980897173 0.995177567 -0
vn -0.0985668823 0.991165161 0.0887479559
vn -7.51683586e-08 0.995635092 0.0933319554
vn 3.92214105e-07 0.998372555 -0.0570279509
vn -7.54979013e-08 1 -0
vn -7.54979013e-08 1 -0
vn -0.0985668823 0.991165161 0.0887479559
vn -7.51683586e-08 0.995635092 0.0933319554
vn -7.54979013e-08 1 -0
vn -7.54979013e-08 1 -0
vn -7.54979013e-08 1 -0
vn -7.51683586e-08 0.995635092 0.0933319554
vn -7.54979013e-08 1 -0
vn -7.54979013e-08 1 -0
vn -1.31105935e-08 0.173655063 0.984806597
vn -1.31105935e-08 0.173655063 0.984806597
vn 0.0969023407 0.172835693 0.980172396
vn -1.31105935e-08 0.173655063 0.984806597
vn 0.0969023407 0.172835693 0.980172396
vn 0.0990450457 0.172799021 0.979964614
vn 0.994059026 0.0189001989 0.107188724
vn 1 7.54979013e-08 -0
vn 1 7.54979013e-08 -0
vn 1 7.54979013e-08 -0
vn 1 7.54979013e-08 -0
vn 0.996185303 0.015153016 0.0859372318
vn 0.994059026 0.0189001989 0.107188724
vn 1 7.54979013e-08 -0
vn 1 7.54979013e-08 -0
vn 1 7.54979013e-08 -0
vn 0.996185303 0.015153016 0.0859372318
vn 0.994059026 0.0189001989 0.107188724
vn 1.84982156e-07 -1 -0
vn 1.84982156e-07 -1 -0
vn 1.84982156e-07 -1 -0
vn 1.84982156e-07 -1 -0
vn 1.84982156e-07 -1 -0
vn 1.84982156e-07 -1 -0
vn 1.84982156e-07 -1 -0
vn 1.84982156e-07 -1 -0
vn 1.84982156e-07 -1 -0
vn 1.84982156e-07 -1 -0
vn 1.84982156e-07 -1 -0
vn 1.84982156e-07 -1 -0
vn 1.84982156e-07 -1 -0
vn 1.84982156e-07 -1 -0
vn 1.84982156e-07 -1 -0
vn 1.48611861e-07 -0.998253345 0.0590781309
vn 1.84982156e-07 -1 -0
vn 1.84982156e-07 -1 -0
vn 1.84982156e-07 -1 -0
vn 1.84982156e-07 -1 -0
vn 1.48674218e-07 -0.998259306 0.0589777045
vn 1.48674218e-07 -0.998259306 0.0589777045
vn 1.48611861e-07 -0.998253345 0.0590781309
vn 1.84982156e-07 -1 -0
vn 1.84982156e-07 -1 -0
vn 1.84982156e-07 -1 -0
vn 1.84982156e-07 -1 -0
vn 1.84982156e-07 -1 -0
vn 1.84982156e-07 -1 -0
vn 1.84982156e-07 -1 -0
vn 1.84982156e-07 -1 -0
vn 1.84982156e-07 -1 -0
vn 1.84982156e-07 -1 -0
vn 1.84982156e-07 -1 -0
vn 1.84982156e-07 -1 -0
vn 1.84982156e-07 -1 -0
vn 1.84982156e-07 -1 -0
vn 1.84982156e-07 -1 -0
vn 1.84982156e-07 -1 -0
vn 1.84982156e-07 -1 -0
vn 1.84982156e-07 -1 -0
vn 1.84982156e-07 -1 -0
vn 1.84982156e-07 -1 -0
vn 1.48674218e-07 -0.998259306 0.0589777045
vn 1.84982156e-07 -1 -0
vn 1.84982156e-07 -1 -0
vn 1.84982156e-07 -1 -0
vn 1.84982156e-07 -1 -0
vn 1.84982156e-07 -1 -0
vn 1.84982156e-07 -1 -0
vn 1.84982156e-07 -1 -0
vn 1.84982156e-07 -1 -0
vn 1.84982156e-07 -1 -0
vn 1.84982156e-07 -1 -0
vn 1.84982156e-07 -1 -0
vn 1.84982156e-07 -1 -0
vn 1.84982156e-07 -1 -0
vn 1.84982156e-07 -1 -0
vn 1.84982156e-07 -1 -0
vn 1.84982156e-07 -1 -0
vn 1.84982156e-07 -1 -0
vn 1.84982156e-07 -1 -0
vn 1.84982156e-07 -1 -0
vn 1.84982156e-07 -1 -0
vn 1.84982156e-07 -1 -0
vn 1.84982156e-07 -1 -0
vn -7.54979013e-08 1 -0
vn -7.54979013e-08 1 -0
vn -7.54979013e-08 1 -0
vn -7.54979013e-08 1 -0
vn -7.54979013e-08 1 -0
vn -7.54979013e-08 1 -0
vn -7.54979013e-08 1 -0
vn -7.54979013e-08 1 -0
vn -7.54979013e-08 1 -0
vn -7.54979013e-08 1 -0
vn -7.54979013e-08 1 -0
vn -7.54979013e-08 1 -0
vn -0 0 -1
vn -0 0 -1
vn -0 0 -1
vn -0 0 -1
vn -0 0 -1
vn -0 0 -1
vn -1 -7.54979013e-08 -0
vn -1 -7.54979013e-08 -0
vn -1 -7.54979013e-08 -0
vn -1 -7.54979013e-08 -0
vn -1 -7.54979013e-08 -0
vn -1 -7.54979013e-08 -0
vn -0 0 1
vn -0 0 1
vn -0 0 1
vn -0 0 1
vn -0 0 1
vn -0 0 1
vn 1 7.54979013e-08 -0
vn 1 7.54979013e-08 -0
vn 1 7.54979013e-08 -0
vn 1 7.54979013e-08 -0
vn 1 7.54979013e-08 -0
vn 1 7.54979013e-08 -0
vn -0 0 -1
vn -0 0 -1
vn -0 0 -1
vn -0 0 -1
vn -0 0 -1
vn -0 0 -1
vn -7.54979013e-08 1 -0
vn -7.54979013e-08 1 -0
vn -7.54979013e-08 1 -0
vn -7.54979013e-08 1 -0
vn -7.54979013e-08 1 -0
vn -7.54979013e-08 1 -0
vn -7.54979013e-08 1 -0
vn -7.54979013e-08 1 -0
vn -7.54979013e-08 1 -0
vn -7.54979013e-08 1 -0
vn -7.54979013e-08 1 -0
vn -7.54979013e-08 1 -0
vn -7.54979013e-08 1 -0
vn -7.54979013e-08 1 -0
vn -7.54979013e-08 1 -0
vn -7.54979013e-08 1 -0
vn -7.54979013e-08 1 -0
vn -7.54979013e-08 1 -0
vn -0 0 1
vn -0 0 1
vn -0 0 1
vn -0 0 1
vn -0 0 1
vn -0 0 1
vn -1 -7.54979013e-08 -0
vn -1 -7.54979013e-08 -0
vn -1 -7.54979013e-08 -0
vn -1 -7.54979013e-08 -0
vn -1 -7.54979013e-08 -0
vn -1 -7.54979013e-08 -0
vn -0 0 1
vn -0 0 1
vn -0 0 1
vn -0 0 1
vn -0 0 1
vn -0 0 1
vn 1 7.54979013e-08 -0
vn 1 7.54979013e-08 -0
vn 1 7.54979013e-08 -0
vn 1 7.54979013e-08 -0
vn 1 7.54979013e-08 -0
vn 1 7.54979013e-08 -0
vn 0.447213471 -0.894427299 -0
vn 0.447213471 -0.894427299 -0
vn 0.447213471 -0.894427299 -0
vn 0.447213471 -0.894427299 -0
vn 0.447213471 -0.894427299 -0
vn 0.447213471 -0.894427299 -0
vn -0.447213054 -0.894427419 -0
vn -0.447213054 -0.894427419 -0
vn -0.447213054 -0.894427419 -0
vn -0.447213054 -0.894427419 -0
vn -0.447213054 -0.894427419 -0
vn -0.447213054 -0.894427419 -0
vn 6.75273455e-08 -0.894426763 0.447214454
vn 6.75273455e-08 -0.894426763 0.447214454
vn 6.75273455e-08 -0.894426763 0.447214454
vn 6.75273455e-08 -0.894426763 0.447214454
vn 6.75273455e-08 -0.894426763 0.447214454
vn 6.75273455e-08 -0.894426763 0.447214454
vn 6.75273455e-08 -0.894426823 -0.447214276
vn 6.75273455e-08 -0.894426823 -0.447214276
vn 6.75273455e-08 -0.894426823 -0.447214276
vn 6.75273455e-08 -0.894426823 -0.447214276
vn 6.75273455e-08 -0.894426823 -0.447214276
vn 6.75273455e-08 -0.894426823 -0.447214276
vn 7.54979013e-08 -1 -0
vn 7.54979013e-08 -1 -0
vn 7.54979013e-08 -1 -0
vn 7.54979013e-08 -1 -0
vn 7.54979013e-08 -1 -0
vn 7.54979013e-08 -1 -0
vn 1 7.54979013e-08 -0
vn 1 7.54979013e-08 -0
vn 1 7.54979013e-08 -0
vn 1 7.54979013e-08 -0
vn 1 7.54979013e-08 -0
vn 1 7.54979013e-08 -0
vn -0 0 -1
vn -0 0 -1
vn -0 0 -1
vn -0 0 -1
vn -0 0 -1
vn -0 0 -1
vn -1 -7.54979013e-08 -0
vn -1 -7.54979013e-08 -0
vn -1 -7.54979013e-08 -0
vn -1 -7.54979013e-08 -0
vn -1 -7.54979013e-08 -0
vn -1 -7.54979013e-08 -0
vn -1.58178061e-08 0.173650537 0.984807337
vn -1.58178061e-08 0.173650537 0.984807337
vn -1.58178061e-08 0.173650537 0.984807337
vn -1.58178061e-08 0.173650537 0.984807337
vn -1.58178061e-08 0.173650537 0.984807337
vn -1.58178061e-08 0.173650537 0.984807337
vn -1.58178061e-08 0.173650537 0.984807337
vn -1.58178061e-08 0.173650537 0.984807337
vn -1.58178061e-08 0.173650537 0.984807337
vn -1.58178061e-08 0.173650537 0.984807337
vn -1.58178061e-08 0.173650537 0.984807337
vn -1.58178061e-08 0.173650537 0.984807337
vn -1.58178061e-08 0.173650537 0.984807337
vn -1.58178061e-08 0.173650537 0.984807337
vn -1.58178061e-08 0.173650537 0.984807337
vn -1.58178061e-08 0.173650537 0.984807337
vn -1.58178061e-08 0.173650537 0.984807337
vn -1.58178061e-08 0.173650537 0.984807337
vn -1.58178061e-08 0.173650537 0.984807337
vn -1.58178061e-08 0.173650537 0.984807337
vn -1.58178061e-08 0.173650537 0.984807337
vn -1.58178061e-08 0.173650537 0.984807337
vn -1.58178061e-08 0.173650537 0.984807337
vn -1.58178061e-08 0.173650537 0.984807337
vn -1.58178061e-08 0.173650537 0.984807337
vn -1.58178061e-08 0.173650537 0.984807337
vn -1.58178061e-08 0.173650537 0.984807337
vn -1.58178061e-08 0.173650537 0.984807337
vn -1.58178061e-08 0.173650537 0.984807337
vn -1.58178061e-08 0.173650537 0.984807337
vn -1.58178061e-08 0.173650537 0.984807337
vn -1.58178061e-08 0.173650537 0.984807337
vn -1.58178061e-08 0.173650537 0.984807337
vn -1.58178061e-08 0.173650537 0.984807337
vn -1.58178061e-08 0.173650537 0.984807337
vn -1.58178061e-08 0.173650537 0.984807337
vn -1.58178061e-08 0.173650537 0.984807337
vn -1.58178061e-08 0.173650537 0.984807337
vn -1.58178061e-08 0.173650537 0.984807337
vn -1.58178061e-08 0.173650537 0.984807337
vn -1.58178061e-08 0.173650537 0.984807337
vn -1.58178061e-08 0.173650537 0.984807337
vn -1.58178061e-08 0.173650537 0.984807337
vn -1.58178061e-08 0.173650537 0.984807337
vn -1.58178061e-08 0.173650537 0.984807337
vn -1.58178061e-08 0.173650537 0.984807337
vn -1.58178061e-08 0.173650537 0.984807337
vn -1.58178061e-08 0.173650537 0.984807337
vn -1.58178061e-08 0.173650537 0.984807337
vn -1.58178061e-08 0.173650537 0.984807337
vn -1.58178061e-08 0.173650537 0.984807337
vn -1.58178061e-08 0.173650537 0.984807337
vn -1.58178061e-08 0.173650537 0.984807337
vn -1.58178061e-08 0.173650537 0.984807337
vn -1.58178061e-08 0.173650537 0.984807337
vn -1.58178061e-08 0.173650537 0.984807337
vn -1.58178061e-08 0.173650537 0.984807337
vn -1.58178061e-08 0.173650537 0.984807337
vn -1.58178061e-08 0.173650537 0.984807337
vn -1.58178061e-08 0.173650537 0.984807337
vn -1.58178061e-08 0.173650537 0.984807337
vn -1.58178061e-08 0.173650537 0.984807337
vn -1.58178061e-08 0.173650537 0.984807337
vn -1.58178061e-08 0.173650537 0.984807337
vn -1.58178061e-08 0.173650537 0.984807337
vn -1.58178061e-08 0.173650537 0.984807337
vn -1.58178061e-08 0.173650537 0.984807337
vn -1.58178061e-08 0.173650537 0.984807337
vn -1.58178061e-08 0.173650537 0.984807337
vn -1.58178061e-08 0.173650537 0.984807337
vn -1.58178061e-08 0.173650537 0.984807337
vn -1.58178061e-08 0.173650537 0.984807337
vn -1.58178061e-08 0.173650537 0.984807337
vn -1.58178061e-08 0.173650537 0.984807337
vn -1.58178061e-08 0.173650537 0.984807337
vn -1.58178061e-08 0.173650537 0.984807337
vn -1.58178061e-08 0.173650537 0.984807337
vn -1.58178061e-08 0.173650537 0.984807337
vn -1.58178061e-08 0.173650537 0.984807337
vn -1.58178061e-08 0.173650537 0.984807337
vn -1.58178061e-08 0.173650537 0.984807337
vn -1.58178061e-08 0.173650537 0.984807337
vn -1.58178061e-08 0.173650537 0.984807337
vn -1.58178061e-08 0.173650537 0.984807337
vn -1.58178061e-08 0.173650537 0.984807337
vn -1.58178061e-08 0.173650537 0.984807337
vn -1.58178061e-08 0.173650537 0.984807337
vn -1.58178061e-08 0.173650537 0.984807337
vn -1.58178061e-08 0.173650537 0.984807337
vn -1.58178061e-08 0.173650537 0.984807337
vn -1.58178061e-08 0.173650537 0.984807337
vn -1.58178061e-08 0.173650537 0.984807337
vn -1.58178061e-08 0.173650537 0.984807337
vn -1.58178061e-08 0.173650537 0.984807337
vn -1.58178061e-08 0.173650537 0.984807337
vn -1.58178061e-08 0.173650537 0.984807337
vn -1.58178061e-08 0.173650537 0.984807337
vn -1.58178061e-08 0.173650537 0.984807337
vn -1.58178061e-08 0.173650537 0.984807337
vn -1.58178061e-08 0.173650537 0.984807337
vn -1.58178061e-08 0.173650537 0.984807337
vn -1.58178061e-08 0.173650537 0.984807337
vn -1.58178061e-08 0.173650537 0.984807337
vn -1.58178061e-08 0.173650537 0.984807337
vn -1.58178061e-08 0.173650537 0.984807337
vn -1.58178061e-08 0.173650537 0.984807337
vn -1.58178061e-08 0.173650537 0.984807337
vn -1.58178061e-08 0.173650537 0.984807337
usemtl Housing
f 1539/7477/7477 1526/7478/7478 1532/7479/7479
f 1562/7480/7480 1588/7481/7481 1582/7482/7482
f 1562/7483/7483 1582/7484/7484 1560/7485/7485
f 1533/7486/7486 1532/7487/7487 1526/7488/7488
f 1531/7489/7489 1530/7490/7490 1533/7491/7491
f 1520/7492/7492 1523/7493/7493 1524/7494/7494
f 1530/7495/7495 1519/7496/7496 1532/7497/7497
f 1525/7498/7498 1518/7499/7499 1527/7500/7500
f 1522/7501/7501 1531/7502/7502 1534/7503/7503
f 1528/7504/7504 1527/7505/7505 1521/7506/7506
f 1526/7507/7507 1525/7508/7508 1528/7509/7509
f 1528/7510/7510 1524/7511/7511 1529/7512/7512
f 1519/7513/7513 1530/7514/7514 1516/7515/7515
f 1538/7516/7516 1532/7517/7517 1519/7518/7518
f 1525/7519/7519 1526/7520/7520 1539/7521/7521
f 1518/7522/7522 1512/7523/7523 1513/7524/7524
f 1517/7525/7525 1522/7526/7526 1523/7527/7527
f 1534/7528/7528 1529/7529/7529 1524/7530/7530
f 1535/7531/7531 1571/7532/7532 1573/7533/7533
f 1573/7534/7534 1537/7535/7535 1541/7536/7536
f 1541/7537/7537 1536/7538/7538 1540/7539/7539
f 1541/7540/7540 1540/7541/7541 1539/7542/7542
f 1535/7543/7543 1573/7544/7544 1541/7545/7545
f 1541/7546/7546 1539/7547/7547 1538/7548/7548
f 1538/7549/7549 1535/7550/7550 1541/7551/7551
f 1518/7552/7552 1525/7553/7553 1540/7554/7554
f 1539/7555/7555 1532/7556/7556 1538/7557/7557
f 1527/7558/7558 1513/7559/7559 1514/7560/7560
f 1523/7561/7561 1534/7562/7562 1524/7563/7563
f 1458/7564/7564 1457/7565/7565 1537/7566/7566
f 1458/7567/7567 1537/7568/7568 1460/7569/7569
f 1533/7570/7570 1529/7571/7571 1534/7572/7572
f 1491/7573/7573 1492/7574/7574 1467/7575/7575
f 1491/7576/7576 1467/7577/7577 1468/7578/7578
f 1485/7579/7579 1462/7580/7580 1463/7581/7581
f 1485/7582/7582 1463/7583/7583 1484/7584/7584
f 1531/7585/7585 1533/7586/7586 1534/7587/7587
f 1525/7588/7588 1527/7589/7589 1528/7590/7590
f 1566/7591/7591 1589/7592/7592 1584/7593/7593
f 1566/7594/7594 1584/7595/7595 1556/7596/7596
f 1520/7597/7597 1524/7598/7598 1521/7599/7599
f 1533/7600/7600 1526/7601/7601 1529/7602/7602
f 1522/7603/7603 1534/7604/7604 1523/7605/7605
f 1560/7606/7606 1582/7607/7607 1583/7608/7608
f 1560/7609/7609 1583/7610/7610 1558/7611/7611
f 1530/7612/7612 1532/7613/7613 1533/7614/7614
f 1528/7615/7615 1521/7616/7616 1524/7617/7617
f 1526/7618/7618 1528/7619/7619 1529/7620/7620
f 1516/7621/7621 1579/7622/7622 1519/7623/7623
f 1580/7624/7624 1581/7625/7625 1531/7626/7626
f 1580/7627/7627 1531/7628/7628 1522/7629/7629
f 1538/7630/7630 1519/7631/7631 1535/7632/7632
f 1507/7633/7633 1517/7634/7634 1520/7635/7635
f 1507/7636/7636 1520/7637/7637 1515/7638/7638
f 1525/7639/7639 1539/7640/7640 1540/7641/7641
f 1518/7642/7642 1513/7643/7643 1527/7644/7644
f 1517/7645/7645 1523/7646/7646 1520/7647/7647
f 1495/7648/7648 1470/7649/7649 1472/7650/7650
f 1495/7651/7651 1472/7652/7652 1499/7653/7653
f 1488/7654/7654 1490/7655/7655 1469/7656/7656
f 1488/7657/7657 1469/7658/7658 1465/7659/7659
usemtl Glass
f 1624/8491/8491 1625/8492/8492 1626/8493/8493
f 1627/8494/8494 1628/8495/8495 1629/8496/8496
usemtl AmberGlass
f 1630/8497/8497 1631/8498/8498 1632/8499/8499
f 1633/8500/8500 1634/8501/8501 1635/8502/8502
f 1636/8503/8503 1637/8504/8504 1638/8505/8505
f 1639/8506/8506 1640/8507/8507 1641/8508/8508
f 1642/8509/8509 1643/8510/8510 1644/8511/8511
f 1645/8512/8512 1646/8513/8513 1647/8514/8514
f 1648/8515/8515 1649/8516/8516 1650/8517/8517
usemtl Glass
f 1651/8518/8518 1652/8519/8519 1653/8520/8520
f 1654/8521/8521 1655/8522/8522 1656/8523/8523
usemtl AmberGlass
f 1657/8524/8524 1658/8525/8525 1659/8526/8526
usemtl Glass
f 1660/8527/8527 1661/8528/8528 1662/8529/8529
f 1663/8530/8530 1664/8531/8531 1665/8532/8532
f 1666/8533/8533 1667/8534/8534 1668/8535/8535
f 1669/8536/8536 1670/8537/8537 1671/8538/8538
f 1672/8539/8539 1673/8540/8540 1674/8541/8541
f 1675/8542/8542 1676/8543/8543 1677/8544/8544
usemtl AmberGlass
f 1678/8545/8545 1679/8546/8546 1680/8547/8547
f 1681/8548/8548 1682/8549/8549 1683/8550/8550
f 1684/8551/8551 1685/8552/8552 1686/8553/8553
usemtl Glass
f 1687/8554/8554 1688/8555/8555 1689/8556/8556
usemtl AmberGlass
f 1690/8557/8557 1691/8558/8558 1692/8559/8559
f 1693/8560/8560 1694/8561/8561 1695/8562/8562
usemtl Glass
f 1696/8563/8563 1697/8564/8564 1698/8565/8565
f 1699/8566/8566 1700/8567/8567 1701/8568/8568
f 1702/8569/8569 1703/8570/8570 1704/8571/8571
usemtl AmberGlass
f 1705/8572/8572 1706/8573/8573 1707/8574/8574
f 1708/8575/8575 1709/8576/8576 1710/8577/8577
usemtl Glass
f 1711/8578/8578 1712/8579/8579 1713/8580/8580
usemtl AmberGlass
f 1714/8581/8581 1715/8582/8582 1716/8583/8583
f 1717/8584/8584 1718/8585/8585 1719/8586/8586
usemtl Glass
f 1720/8587/8587 1721/8588/8588 1722/8589/8589
f 1723/8590/8590 1724/8591/8591 1725/8592/8592
f 1726/8593/8593 1727/8594/8594 1728/8595/8595
usemtl AmberGlass
f 1729/8596/8596 1730/8597/8597 1731/8598/8598
usemtl Housing
f 1518/7726/7726 1540/7727/7727 1536/7728/7728
f 1578/7729/7729 1580/7730/7730 1522/7731/7731
f 1578/7732/7732 1522/7733/7733 1517/7734/7734
f 1508/7735/7735 1574/7736/7736 1575/7737/7737
f 1508/7738/7738 1575/7739/7739 1509/7740/7740
f 1497/7741/7741 1474/7742/7742 1475/7743/7743
f 1497/7744/7744 1475/7745/7745 1496/7746/7746
f 1458/7747/7747 1483/7748/7748 1488/7749/7749
f 1458/7750/7750 1488/7751/7751 1465/7752/7752
f 1470/7753/7753 1495/7754/7754 1500/7755/7755
f 1470/7756/7756 1500/7757/7757 1477/7758/7758
f 1466/7759/7759 1493/7760/7760 1489/7761/7761
f 1466/7762/7762 1489/7763/7763 1464/7764/7764
f 1486/7765/7765 1461/7766/7766 1462/7767/7767
f 1486/7768/7768 1462/7769/7769 1485/7770/7770
f 1527/7771/7771 1514/7772/7772 1521/7773/7773
f 1511/7774/7774 1577/7775/7775 1578/7776/7776
f 1578/7777/7777 1517/7778/7778 1507/7779/7779
f 1578/7780/7780 1507/7781/7781 1511/7782/7782
f 1494/7783/7783 1471/7784/7784 1464/7785/7785
f 1494/7786/7786 1464/7787/7787 1489/7788/7788
f 1562/7789/7789 1568/7790/7790 1586/7791/7791
f 1562/7792/7792 1586/7793/7793 1588/7794/7794
f 1496/7795/7795 1475/7796/7796 1471/7797/7797
f 1496/7798/7798 1471/7799/7799 1494/7800/7800
f 1503/7801/7801 1504/7802/7802 1479/7803/7803
f 1503/7804/7804 1479/7805/7805 1480/7806/7806
f 1459/7807/7807 1463/7808/7808 1537/7809/7809
f 1459/7810/7810 1537/7811/7811 1476/7812/7812
f 1469/7813/7813 1490/7814/7814 1491/7815/7815
f 1469/7816/7816 1491/7817/7817 1468/7818/7818
f 1541/7819/7819 1537/7820/7820 1457/7821/7821
f 1541/7822/7822 1457/7823/7823 1456/7824/7824
f 1492/7825/7825 1493/7826/7826 1466/7827/7827
f 1492/7828/7828 1466/7829/7829 1467/7830/7830
f 1556/7831/7831 1584/7832/7832 1576/7833/7833
f 1510/7834/7834 1544/7835/7835 1557/7836/7836
f 1510/7837/7837 1557/7838/7838 1555/7839/7839
f 1554/7840/7840 1556/7841/7841 1576/7842/7842
f 1510/7843/7843 1555/7844/7844 1554/7845/7845
f 1576/7846/7846 1510/7847/7847 1554/7848/7848
f 1500/7849/7849 1502/7850/7850 1481/7851/7851
f 1500/7852/7852 1481/7853/7853 1477/7854/7854
f 1575/7855/7855 1585/7856/7856 1551/7857/7857
f 1575/7858/7858 1551/7859/7859 1550/7860/7860
f 1552/7861/7861 1545/7862/7862 1509/7863/7863
f 1575/7864/7864 1550/7865/7865 1553/7866/7866
f 1553/7867/7867 1552/7868/7868 1509/7869/7869
f 1553/7870/7870 1509/7871/7871 1575/7872/7872
f 1502/7873/7873 1503/7874/7874 1480/7875/7875
f 1502/7876/7876 1480/7877/7877 1481/7878/7878
f 1516/7879/7879 1530/7880/7880 1531/7881/7881
f 1516/7882/7882 1531/7883/7883 1581/7884/7884
f 1472/7885/7885 1473/7886/7886 1498/7887/7887
f 1472/7888/7888 1498/7889/7889 1499/7890/7890
f 1484/7891/7891 1463/7892/7892 1459/7893/7893
f 1484/7894/7894 1459/7895/7895 1482/7896/7896
f 1478/7897/7897 1505/7898/7898 1501/7899/7899
f 1478/7900/7900 1501/7901/7901 1476/7902/7902
f 1563/7903/7903 1546/7904/7904 1549/7905/7905
f 1563/7906/7906 1549/7907/7907 1569/7908/7908
f 1504/7909/7909 1505/7910/7910 1478/7911/7911
f 1504/7912/7912 1478/7913/7913 1479/7914/7914
f 1572/7915/7915 1570/7916/7916 1456/7917/7917
f 1572/7918/7918 1456/7919/7919 1457/7920/7920
f 1561/7921/7921 1542/7922/7922 1546/7923/7923
f 1561/7924/7924 1546/7925/7925 1563/7926/7926
f 1558/7927/7927 1583/7928/7928 1587/7929/7929
f 1558/7930/7930 1587/7931/7931 1564/7932/7932
f 1511/7933/7933 1507/7934/7934 1506/7935/7935
f 1506/7936/7936 1508/7937/7937 1509/7938/7938
f 1545/7939/7939 1549/7940/7940 1546/7941/7941
f 1506/7942/7942 1509/7943/7943 1545/7944/7944
f 1510/7945/7945 1511/7946/7946 1506/7947/7947
f 1548/7948/7948 1547/7949/7949 1544/7950/7950
f 1544/7951/7951 1510/7952/7952 1506/7953/7953
f 1506/7954/7954 1545/7955/7955 1546/7956/7956
f 1506/7957/7957 1546/7958/7958 1542/7959/7959
f 1543/7960/7960 1548/7961/7961 1544/7962/7962
f 1506/7963/7963 1542/7964/7964 1543/7965/7965
f 1506/7966/7966 1543/7967/7967 1544/7968/7968
f 1476/7969/7969 1537/7970/7970 1573/7971/7971
f 1457/7972/7972 1458/7973/7973 1465/7974/7974
f 1457/7975/7975 1465/7976/7976 1469/7977/7977
f 1478/7978/7978 1476/7979/7979 1573/7980/7980
f 1479/7981/7981 1478/7982/7982 1573/7983/7983
f 1457/7984/7984 1469/7985/7985 1468/7986/7986
f 1457/7987/7987 1468/7988/7988 1467/7989/7989
f 1480/7990/7990 1479/7991/7991 1573/7992/7992
f 1481/7993/7993 1480/7994/7994 1573/7995/7995
f 1457/7996/7996 1467/7997/7997 1466/7998/7998
f 1457/7999/7999 1466/8000/8000 1464/8001/8001
f 1477/8002/8002 1481/8003/8003 1573/8004/8004
f 1470/8005/8005 1477/8006/8006 1573/8007/8007
f 1572/8008/8008 1457/8009/8009 1464/8010/8010
f 1572/8011/8011 1464/8012/8012 1471/8013/8013
f 1470/8014/8014 1573/8015/8015 1572/8016/8016
f 1472/8017/8017 1470/8018/8018 1572/8019/8019
f 1572/8020/8020 1471/8021/8021 1475/8022/8022
f 1572/8023/8023 1475/8024/8024 1474/8025/8025
f 1473/8026/8026 1472/8027/8027 1572/8028/8028
f 1474/8029/8029 1473/8030/8030 1572/8031/8031
f 1571/8032/8032 1535/8033/8033 1519/8034/8034
f 1571/8035/8035 1519/8036/8036 1579/8037/8037
f 1510/8038/8038 1576/8039/8039 1577/8040/8040
f 1510/8041/8041 1577/8042/8042 1511/8043/8043
f 1454/8044/8044 1452/8045/8045 1453/8046/8046
f 1454/8047/8047 1453/8048/8048 1455/8049/8049
f 1461/8050/8050 1460/8051/8051 1537/8052/8052
f 1537/8053/8053 1463/8054/8054 1462/8055/8055
f 1461/8056/8056 1537/8057/8057 1462/8058/8058
f 1565/8059/8059 1548/8060/8060 1543/8061/8061
f 1565/8062/8062 1543/8063/8063 1559/8064/8064
f 1567/8065/8065 1547/8066/8066 1548/8067/8067
f 1567/8068/8068 1548/8069/8069 1565/8070/8070
f 1557/8071/8071 1544/8072/8072 1547/8073/8073
f 1557/8074/8074 1547/8075/8075 1567/8076/8076
f 1451/8077/8077 1506/8078/8078 1507/8079/8079
f 1507/8080/8080 1515/8081/8081 1514/8082/8082
f 1514/8083/8083 1513/8084/8084 1512/8085/8085
f 1512/8086/8086 1451/8087/8087 1507/8088/8088
f 1507/8089/8089 1514/8090/8090 1512/8091/8091
f 1559/8092/8092 1543/8093/8093 1542/8094/8094
f 1559/8095/8095 1542/8096/8096 1561/8097/8097
f 1569/8098/8098 1549/8099/8099 1545/8100/8100
f 1569/8101/8101 1545/8102/8102 1552/8103/8103
f 1473/8104/8104 1474/8105/8105 1497/8106/8106
f 1473/8107/8107 1497/8108/8108 1498/8109/8109
f 1564/8110/8110 1587/8111/8111 1589/8112/8112
f 1564/8113/8113 1589/8114/8114 1566/8115/8115
f 1551/8116/8116 1585/8117/8117 1586/8118/8118
f 1551/8119/8119 1586/8120/8120 1568/8121/8121
f 1515/8122/8122 1520/8123/8123 1521/8124/8124
f 1515/8125/8125 1521/8126/8126 1514/8127/8127
f 1561/8128/8128 1563/8129/8129 1569/8130/8130
f 1552/8131/8131 1553/8132/8132 1454/8133/8133
f 1561/8134/8134 1569/8135/8135 1552/8136/8136
f 1567/8137/8137 1565/8138/8138 1559/8139/8139
f 1561/8140/8140 1552/8141/8141 1454/8142/8142
f 1557/8143/8143 1567/8144/8144 1559/8145/8145
f 1559/8146/8146 1561/8147/8147 1454/8148/8148
f 1454/8149/8149 1455/8150/8150 1555/8151/8151
f 1557/8152/8152 1559/8153/8153 1454/8154/8154
f 1454/8155/8155 1555/8156/8156 1557/8157/8157
f 1482/8158/8158 1459/8159/8159 1476/8160/8160
f 1482/8161/8161 1476/8162/8162 1501/8163/8163
f 1556/8164/8164 1554/8165/8165 1453/8166/8166
f 1453/8167/8167 1452/8168/8168 1550/8169/8169
f 1551/8170/8170 1568/8171/8171 1562/8172/8172
f 1453/8173/8173 1550/8174/8174 1551/8175/8175
f 1564/8176/8176 1566/8177/8177 1556/8178/8178
f 1551/8179/8179 1562/8180/8180 1560/8181/8181
f 1558/8182/8182 1564/8183/8183 1556/8184/8184
f 1453/8185/8185 1551/8186/8186 1560/8187/8187
f 1558/8188/8188 1556/8189/8189 1453/8190/8190
f 1453/8191/8191 1560/8192/8192 1558/8193/8193
f 1572/8194/8194 1573/8195/8195 1571/8196/8196
f 1572/8197/8197 1571/8198/8198 1570/8199/8199
f 1487/8200/8200 1460/8201/8201 1461/8202/8202
f 1487/8203/8203 1461/8204/8204 1486/8205/8205
f 1554/8206/8206 1555/8207/8207 1455/8208/8208
f 1554/8209/8209 1455/8210/8210 1453/8211/8211
f 1553/8212/8212 1550/8213/8213 1452/8214/8214
f 1553/8215/8215 1452/8216/8216 1454/8217/8217
f 1483/8218/8218 1458/8219/8219 1460/8220/8220
f 1483/8221/8221 1460/8222/8222 1487/8223/8223
f 1590/8224/8224 1592/8225/8225 1599/8226/8226
f 1590/8227/8227 1599/8228/8228 1596/8229/8229
f 1592/8230/8230 1593/8231/8231 1598/8232/8232
f 1592/8233/8233 1598/8234/8234 1599/8235/8235
f 1593/8236/8236 1594/8237/8237 1597/8238/8238
f 1593/8239/8239 1597/8240/8240 1598/8241/8241
f 1594/8242/8242 1591/8243/8243 1595/8244/8244
f 1594/8245/8245 1595/8246/8246 1597/8247/8247
f 1536/8248/8248 1541/8249/8249 1456/8250/8250
f 1456/8251/8251 1591/8252/8252 1594/8253/8253
f 1594/8254/8254 1593/8255/8255 1592/8256/8256
f 1592/8257/8257 1590/8258/8258 1451/8259/8259
f 1451/8260/8260 1512/8261/8261 1518/8262/8262
f 1536/8263/8263 1456/8264/8264 1594/8265/8265
f 1451/8266/8266 1518/8267/8267 1536/8268/8268
f 1594/8269/8269 1592/8270/8270 1451/8271/8271
f 1536/8272/8272 1594/8273/8273 1451/8274/8274
f 1456/8275/8275 1570/8276/8276 1595/8277/8277
f 1456/8278/8278 1595/8279/8279 1591/8280/8280
f 1596/8281/8281 1574/8282/8282 1508/8283/8283
f 1506/8284/8284 1451/8285/8285 1590/8286/8286
f 1596/8287/8287 1508/8288/8288 1506/8289/8289
f 1506/8290/8290 1590/8291/8291 1596/8292/8292
f 1581/8293/8293 1580/8294/8294 1578/8295/8295
f 1578/8296/8296 1577/8297/8297 1576/8298/8298
f 1584/8299/8299 1589/8300/8300 1587/8301/8301
f 1578/8302/8302 1576/8303/8303 1584/8304/8304
f 1516/8305/8305 1581/8306/8306 1578/8307/8307
f 1571/8308/8308 1579/8309/8309 1516/8310/8310
f 1597/8311/8311 1595/8312/8312 1570/8313/8313
f 1570/8314/8314 1571/8315/8315 1516/8316/8316
f 1516/8317/8317 1578/8318/8318 1584/8319/8319
f 1584/8320/8320 1587/8321/8321 1583/8322/8322
f 1582/8323/8323 1588/8324/8324 1586/8325/8325
f 1516/8326/8326 1584/8327/8327 1583/8328/8328
f 1582/8329/8329 1586/8330/8330 1585/8331/8331
f 1516/8332/8332 1583/8333/8333 1582/8334/8334
f 1597/8335/8335 1570/8336/8336 1516/8337/8337
f 1599/8338/8338 1598/8339/8339 1597/8340/8340
f 1574/8341/8341 1596/8342/8342 1599/8343/8343
f 1585/8344/8344 1575/8345/8345 1574/8346/8346
f 1516/8347/8347 1582/8348/8348 1585/8349/8349
f 1599/8350/8350 1597/8351/8351 1516/8352/8352
f 1585/8353/8353 1574/8354/8354 1599/8355/8355
f 1585/8356/8356 1599/8357/8357 1516/8358/8358
f 1602/8359/8359 1603/8360/8360 1600/8361/8361
f 1602/8362/8362 1600/8363/8363 1601/8364/8364
f 1605/8365/8365 1604/8366/8366 1608/8367/8367
f 1605/8368/8368 1608/8369/8369 1609/8370/8370
f 1601/8371/8371 1600/8372/8372 1606/8373/8373
f 1601/8374/8374 1606/8375/8375 1604/8376/8376
f 1602/8377/8377 1601/8378/8378 1604/8379/8379
f 1602/8380/8380 1604/8381/8381 1605/8382/8382
f 1603/8383/8383 1602/8384/8384 1605/8385/8385
f 1603/8386/8386 1605/8387/8387 1607/8388/8388
f 1600/8389/8389 1603/8390/8390 1607/8391/8391
f 1600/8392/8392 1607/8393/8393 1606/8394/8394
f 1608/8395/8395 1610/8396/8396 1618/8397/8397
f 1608/8398/8398 1618/8399/8399 1616/8400/8400
f 1607/8401/8401 1605/8402/8402 1609/8403/8403
f 1607/8404/8404 1609/8405/8405 1611/8406/8406
f 1606/8407/8407 1607/8408/8408 1611/8409/8409
f 1606/8410/8410 1611/8411/8411 1610/8412/8412
f 1604/8413/8413 1606/8414/8414 1610/8415/8415
f 1604/8416/8416 1610/8417/8417 1608/8418/8418
f 1615/8419/8419 1613/8420/8420 1621/8421/8421
f 1615/8422/8422 1621/8423/8423 1623/8424/8424
f 1609/8425/8425 1608/8426/8426 1616/8427/8427
f 1609/8428/8428 1616/8429/8429 1617/8430/8430
f 1611/8431/8431 1609/8432/8432 1617/8433/8433
f 1611/8434/8434 1617/8435/8435 1619/8436/8436
f 1610/8437/8437 1611/8438/8438 1619/8439/8439
f 1610/8440/8440 1619/8441/8441 1618/8442/8442
f 1612/8443/8443 1613/8444/8444 1617/8445/8445
f 1612/8446/8446 1617/8447/8447 1616/8448/8448
f 1615/8449/8449 1614/8450/8450 1618/8451/8451
f 1615/8452/8452 1618/8453/8453 1619/8454/8454
f 1614/8455/8455 1612/8456/8456 1616/8457/8457
f 1614/8458/8458 1616/8459/8459 1618/8460/8460
f 1613/8461/8461 1615/8462/8462 1619/8463/8463
f 1613/8464/8464 1619/8465/8465 1617/8466/8466
f 1621/8467/8467 1620/8468/8468 1622/8469/8469
f 1621/8470/8470 1622/8471/8471 1623/8472/8472
f 1614/8473/8473 1615/8474/8474 1623/8475/8475
f 1614/8476/8476 1623/8477/8477 1622/8478/8478
f 1612/8479/8479 1614/8480/8480 1622/8481/8481
f 1612/8482/8482 1622/8483/8483 1620/8484/8484
f 1613/8485/8485 1612/8486/8486 1620/8487/8487
f 1613/8488/8488 1620/8489/8489 1621/8490/8490
